:020000040800F2
:100000008080002045010008ED49000809490008EA
:10001000B5490008610B00082D6C000800000000C5
:10002000000000000000000000000000FD49000882
:10003000AD19000800000000F1490008014A00085D
:100040005F0100085F0100085F0100085F01000810
:100050005F0100085F0100085F0100085F01000800
:100060005F0100085F0100085F0100085F010008F0
:100070005F0100085F0100085F0100085F010008E0
:100080005F0100085F0100085F0100085F010008D0
:10009000A96A00085F0100085F0100085F0100080D
:1000A0005F0100085F0100085F0100085F010008B0
:1000B0005F0100085F0100085F0100085F010008A0
:1000C0005F0100085F0100085F0100085F01000890
:1000D0005F010008114D00085D4D0008B94D000892
:1000E0005F0100085F0100085F0100085F01000870
:1000F0005F0100085F0100085F0100085F01000860
:100100005F0100085F0100085F0100085F0100084F
:10011000B54C00085F0100085F0100085F0100089E
:100120005F0100085F0100085F0100085F0100082F
:10013000DFF80CD000F0C0FC004800472590000814
:10014000808000200648804706480047FEE7FEE71B
:10015000FEE7FEE7FEE7FEE7FEE7FEE7FEE7FEE777
:10016000B94A00083101000810B5431A934209D278
:100170008318881803E010F8011D03F8011D521EB2
:10018000F9D210BD40EA01039B0703D009E008C97A
:10019000121F08C0042AFAD203E011F8013B00F84C
:1001A000013B521EF9D210BDD2B201E000F8012B82
:1001B000491EFBD270470022F6E710B513460A46E7
:1001C00004461946FFF7F0FF204610BD421C10F808
:1001D000011B0029FBD1801A704730B5044600206E
:1001E000034600E05B1C934203D2E05CCD5C401B05
:1001F000F8D030BDF0B480EA0102D40F4200B2EB77
:10020000410F02D20246084611464A0042D0C30DB1
:10021000DDB2C1F3C752AD1A202D35DAC1F3160194
:1002200041F4000204B15242C5F1200602FA06F17F
:100230002A411044B3EBD05F23D0C4B1012DA0EB11
:10024000C35009DCF0BC4FF0004202EAC352DBB2FB
:1002500000F5000000F023BB400000F1807000EBCF
:10026000C350A0F1807040EAD170490009E049080C
:1002700041EAC071A0EBC35000F50000400800EB5C
:10028000C350F0BC00F002BB6142012202EB41010D
:10029000001BF6E7F0BC704781F00041AAE780F050
:1002A0000040A7E780EA010210B502F000434000D9
:1002B00022D04A001FD0010E01EB1261C0F356009C
:1002C000C2F3560240F4000042F40002A0FB0220F8
:1002D00000047F39140400D0401C50EA124001D4BD
:1002E0004000491EC2B20C0604EBD010401C40086E
:1002F000802A02D003E0002010BD20F00100002978
:1003000000DA0020184310BD30B480EA010202F088
:10031000004530F0004221F0004013D090B1C30DF1
:10032000D40DC2F31601C0F31600E41A41F4000123
:1003300040F400027D34914201D3641C00E0490086
:10034000002C02DA30BC002070474FF4000000237C
:10035000914201D3891A034340084FEA4101F7D182
:1003600051B1914202D14FF0004105E002D24FF06D
:10037000010101E06FF0010103EBC450284430BCDF
:1003800000F084BA2DE9FE4F804681EA0300C00FD9
:100390000C46009021F0004123F00045B8EB02002C
:1003A000A94105D24046214690461C460B460246CE
:1003B00023F00040104347D0270DC7F30A00C3F3D2
:1003C0000A510290401A019040286BDAC3F31300DF
:1003D00040F4801B0098924620B10023D2EB030A20
:1003E00063EB0B0B01985946C0F14002504600F0F8
:1003F0002CFA06460D4650465946019A00F034FA4A
:1004000010EB08006141002487EA115284EAE77387
:100410001A4340D0009A62B3019A012A4FEA075268
:1004200015DC001B61EB02014FF0004202EA0752AB
:10043000CDE90042001C41F5801132462B4600F008
:100440006BFA03B0BDE8F08F40462146F9E7001B88
:1004500061EB0201001C41F5801300185B4120187C
:10046000A2F5001747EB030140EAD570B6196D41BC
:1004700011E06D084FEA360645EAC0754FEA0752AB
:10048000001B61EB0201001C41F5801149084FEA95
:1004900030000019514132462B4603B0BDE8F04F01
:1004A00000F02BBA0098012240000023D0EB02029A
:1004B00063EBE073009821464FEAE074B8EB00006C
:1004C00061EB0401E9E783F000435BE781F0004161
:1004D00058E72DE9FE4F81EA030404F0004421F0BF
:1004E000004100944FF0000B23F0004350EA010458
:1004F0005ED052EA03045BD0C3F30A54C1F30A5539
:100500002C44A4F2F3340194A0FB0254C1F3130170
:1005100041F48011C3F3130343F4801301FB02443D
:1005200000FB034E840A970A44EA815447EA835742
:10053000A4FB076802958D0A05FB07854FEA932CFB
:1005400004FB0C542705029D4FEA065847EA16376C
:10055000B5EB08056EEB070C870E920E47EA811784
:1005600042EA8312A7FB0201B6EB0B0164EB000425
:100570002B0D43EA0C335E1844EB1C50DA4651460F
:10058000E7FB0201C5F313044FEA0B3343EA1453AC
:100590004FEA0432019C43EA0603A4F10C040294DE
:1005A000009CCDE900B400F0B7F903B0BDE8F08FCE
:1005B00000200146F9E72DE9F04D81EA030404F03B
:1005C000004B21F0004514464FF0000A23F0004193
:1005D00050EA050220D054EA01021DD0C5F30A57A3
:1005E0000246C5F31303C1F31300C1F30A5640F4E6
:1005F000801543F48013A7EB0608101BD64608F2BB
:10060000FD3873EB050002D308F1010801E09218F0
:100610005B41B8F1000F03DA00200146BDE8F08D20
:1006200000204FF48011064684460EE0171B73EB42
:10063000050705D3121B63EB050306434CEA010CC7
:1006400049084FEA300092185B4150EA0107EDD1AA
:1006500052EA030012D082EA040083EA050108434B
:1006600005D0101BAB4106D20122002306E0002278
:100670004FF0004302E06FF0010253101AEB060046
:100680004CEB085110EB0A0041EB0B01BDE8F04DBB
:1006900000F033B9002801DBC0F10040002901DB84
:1006A000C1F10041814201D801207047002070470C
:1006B000002801DBC0F10040002901DBC1F100414D
:1006C000814201D20120704700207047002801DBE1
:1006D000C0F10040002901DBC1F10041814201D39A
:1006E0000120704700207047002801DBC0F1004066
:1006F000002901DBC1F10041814201D9012070478D
:100700000020704730B5041E71F1000404DB4FF087
:100710000044404264EB0101141E73F1000405DB48
:100720001C464FF00043524263EB0403801A994188
:1007300001D3012030BD002030BD96230022114698
:1007400000F0ADB80EB540F2334102910021CDE981
:1007500000110A460B4600F0DFF803B000BD00F0C0
:10076000004230F000400AD0C10D01F56071C0F3C5
:10077000160042EA0151C2084007114370470020A9
:100780000146704701F0004330B421F0004150EAC7
:10079000010206D00A0DA2F56072C1F31301002A0E
:1007A00002DC30BC00207047440F44EAC104C100A1
:1007B000E01830BC00EBC25000F068B830B50B4612
:1007C000014600202022012409E021FA02F59D4281
:1007D00005D303FA02F5491B04FA02F52844151E55
:1007E000A2F10102F1DC30BD2DE9F05F05460020E9
:1007F00092469B4688460646814640241BE0284692
:1008000041464746224600F06FF953465A46C01A01
:10081000914110D311461846224600F016F82D1AC1
:1008200067EB01084F4622460120002100F00DF839
:1008300017EB00094E41201EA4F10104DFDC4846FD
:1008400031462A464346BDE8F09F202A04DB203A81
:1008500000FA02F1002070479140C2F1200320FA13
:1008600003F3194390407047202A06DBCB17203A48
:1008700041FA02F043EAE07306E041FA02F3D040A5
:10088000C2F1200291400843194670470029A8BFD1
:100890007047401C490008BF20F00100704710B4A9
:1008A000B0FA80FC00FA0CF050EA010404BF10BC5E
:1008B000704749B1CCF1200421FA04F411FA0CF18B
:1008C00018BF012121430843A3EB0C01CB1D4FEAC4
:1008D00000614FEA102042BF002010BC704700EBBF
:1008E000C35010440029A4BF10BC7047401C4900ED
:1008F00008BF20F0010010BC704710B5141E73F142
:10090000000408DA401C41F1000192185B411A43CF
:1009100001D120F0010010BD2DE9F04D92469B461B
:1009200011B1B1FA81F202E0B0FA80F220329046C1
:10093000FFF78BFF04460F4640EA0A0041EA0B012D
:1009400053465A46084313D0114653EA010019D0C2
:10095000C8F14002504600F0C7F805460E46504622
:1009600059464246FFF771FF084305D0012004E0D5
:1009700020463946BDE8F08D0020054346EAE07682
:100980002C4337430A986305E40AA0EB08000022D1
:10099000FD0A44EA47540A3002D500200146E9E73F
:1009A000010510196941DDE9084500196941BDE8F3
:1009B000F04DA2E72DE9F04D00231A461B1A8A419B
:1009C00003DB00200146BDE8F08DC1F30A52C1F3FC
:1009D000130141F480154FF0000BD10702D100182C
:1009E0006D41521E0027044640F2FF11384601EBCC
:1009F000620A3E468046024600204FF4801100F015
:100A000073F8C2197141BB1846EB0100B4EB030C3B
:100A100075EB000C04D3E41A65EB000517460E468F
:100A2000241908F101006D4180463428E3DDF919ED
:100A300046EB0600091BA84103D24FF0FF321346D4
:100A400001E0002213461BEB070046EB0A51BDE80C
:100A5000F04DFFF752BFC1F30A52C1F3130140F248
:100A6000FF3341F480119A4202DA002001467047B8
:100A700040F233439A42A2F2334202DC524200F087
:100A800033B8FFF7E2BE000030B5041E71F1000478
:100A900004DB4FF00044404264EB0101141E73F18B
:100AA000000405DB1C464FF00043524263EB040395
:100AB000994208BF904230BD1CB5094800900948D2
:100AC00001900546009C06E0E06840F0010394E8D0
:100AD000070098471034AC42F6D3FFF72DFB000017
:100AE00048EF000868EF0008202A04DB203A21FACA
:100AF00002F00021704721FA02F3D040C2F1200237
:100B0000914008431946704770B58C1810F8015B86
:100B100015F0070301D110F8013B2A1106D110F896
:100B2000012B03E010F8016B01F8016B5B1EF9D19A
:100B30002B0705D40023521E0DD401F8013BFAE720
:100B400010F8013BCB1A921C03E013F8015B01F88B
:100B5000015B521EF9D5A142D8D3002070BD000020
:100B60000C4B1C605D609E60DF60C3F81080C3F8B2
:100B70001490C3F818A0C3F81CB01EF0040F0CBFEB
:100B8000EFF30881EFF309817246042007F06CFE51
:100B9000FEE700003C040020B0B582B010B304466C
:100BA00009F012F940F27045C2F2000528780428D5
:100BB00032D0022820D000283ED120784FF47A7419
:100BC00005F10A0301284FF003004FF000010CBFAC
:100BD00004220122009409F0F9FAA8B308F0C2FE39
:100BE0002EE000BF40F27040C2F200000021017010
:100BF00008F0B8FE24E000BF08F0CCFE012807D0C2
:100C000008F0C8FE022823D10420287008F0AAFEAC
:100C1000022002B0B0BD00BF0020287021786A8990
:100C200001296A800DD1A889D5F80E10A880C5F8D1
:100C30000610002002B0B0BD08F094FE002028701D
:100C4000012002B0B0BD00BF0220287002B0B0BDCC
:100C50000020287008F086FEF2E7000070B58EB024
:100C600004464FF47A760DF11A0303200021012285
:100C70000096012509F068FA10B128460EB070BD43
:100C8000BDF81A00FFF759FD0390322001F09AF8E1
:100C90000DF11A030320002101220096012509F01D
:100CA00053FA0028E9D1BDF81A00FFF746FD049079
:100CB000322001F087F84FF47A7000900DF11A039A
:100CC000032000210122012509F03EFA0028D4D199
:100CD000BDF81A00FFF731FD0590322001F072F8DF
:100CE00046F2666203A8C3F6667201AB03210AF0FE
:100CF00093FF0025206028460EB070BDF0B591B07E
:100D000040F22804C2F20004204600F0C7F9C820CF
:100D100001F058F801AD0320294640220BF092FF64
:100D2000042809D2322001F04DF86378142B2BD11E
:100D3000606811B0F0BD00BF9DF804109DF805601B
:100D40009DF80620202921706670A270EAD1002E3D
:100D5000E8D0711ECAB23C2AE4D8F31CDBB2984238
:100D6000E0D340F2B8470806C2F2000704D0E91CFD
:100D700007F10C00FFF7F8F97119897807F10C00F9
:100D800060602172CEE700BF01AC07A2204620219F
:100D90000DF07CF82046FFF719FA81B220460CF0DE
:100DA00011FB002011B0F0BD4332483620534E20D5
:100DB000766572696679206661696C65642C206C61
:100DC000656E3D25750D0A00F0B591B040F2340412
:100DD000C2F20004204600F061F9322000F0F2FF78
:100DE00001AD0320294640220BF02CFF042803D23A
:100DF000606811B0F0BD00BF9DF804109DF805605B
:100E00009DF80620202921706670A270F0D1002E76
:100E1000EED0711ECAB23C2AEAD8F31CDBB298426B
:100E2000E6D340F2B8470806C2F2000704D0E91C36
:100E300007F10C00FFF798F97119897807F10C0098
:100E400060602172606811B0F0BD000040F2B840EF
:100E5000C2F2000000210172017801F0FE01017070
:100E6000704700002DE9F04F91B040F2B847C2F250
:100E700000073B7A0246042B4FF0020058D8DFE807
:100E800003F0035B575167003878C00776D11178BB
:100E900040F21000C2F200004170537802298370C2
:100EA0002BD3911C002200238E5C4568AE544578FC
:100EB00043F00106F6B2013DB5421EDD8D5D44688A
:100EC000A555457843F00206F6B2013DB54214DD62
:100ED0008D5D4468A555457843F00306F6B2013DA3
:100EE000B5420ADD8D5D44680433A5554678DDB210
:100EF000013EAE4202F10402D6DC40F21000C2F222
:100F0000000000F0CBF8002840D1381D322100222B
:100F100009F052FD387840F001003870022011B01D
:100F2000BDE8F08F00203872397801F0FE01397089
:100F300011B0BDE8F08F00BF381D09F02FFD00286B
:100F40001CBF787A3872022011B0BDE8F08F00BF64
:100F500049B140F21000C2F20000D0E90323406919
:100F6000C1E90023886000203872387800F0FE0064
:100F70003870012011B0BDE8F08F00BF01AC032034
:100F8000214640220BF05EFE042809D2381D322192
:100F9000032209F011FD022011B0BDE8F08F00BF5F
:100FA0009DF8041040F210059DF805809DF806900C
:100FB000C2F200052029297385F80D8085F80E906E
:100FC000E4D1B8F1000FE1D0A8F1010B5FFA8BFA80
:100FD000BAF13C0FDAD808F10301C9B28842D5D37F
:100FE0005FEA0B6018D007F10C06E11C3046524650
:100FF000FFF7BAF808EB040008EB090190F802E0EB
:101000002031BAF1040F0BF0030C2E6185F814E0C7
:101010000ED200231CE000BF08EB040090F802E0B1
:1010200007F10C01296185F814E009F121011FE0A5
:101030000AF03C050023FC18227B607BA67B114450
:10104000E47B0844304404339D4204EB0001F2D1B8
:10105000BCF1000F0CD03B44187BBCF1010F0144E4
:1010600006D0587BBCF1020F01441CBF987B0144A1
:101070004842C0B286457FF489AFB9F1060F3FF60A
:1010800085AFB8F1020FFFF481AF381D3221042281
:1010900009F092FC022011B0BDE8F08F002804BFD7
:1010A000012070472DE9F04F91B090F801A0AAF10E
:1010B0003E01C9B2C32903D2012011B0BDE8F08FAF
:1010C000BAF1010F02D041680029F5D0AAF101035D
:1010D00090F8008090F8029019068DF804808DF841
:1010E00005A08DF8069009D041685FFA83FCBCF139
:1010F000040F03F0030E05D2002419E04FF0000C9A
:101100002EE000BF0DF1040B0CF07C050BF1030782
:10111000002400BF0B5D0A193B5553780BEB040606
:101120003371937804347371D278A542B271F1D1DE
:10113000BEF1000F0ED00A5D01ABE718BEF1010F42
:10114000FA7007D021444A78BEF1020F3A711CBFF1
:1011500089787971BAF1000F07D0BAF1010F17D170
:1011600008EB0901013149420172007A01A90CEB37
:101170000102D0700AF10300C2B203204FF47A7367
:101180000BF09AFD002818BF012011B0BDE8F08FC8
:10119000D0F804E0BEF1000FE7D008EB0A014944A3
:1011A000BCF1040F0CF0030802D2002417E000BFCA
:1011B0000CF07C02C2F100090EF101066FF003058C
:1011C0007219D778137954793944927919440435CE
:1011D000214409EB050304331144F1D12C1DB8F16E
:1011E000000FC0D01EF80420B8F1010F1144BAD08E
:1011F0000EEB04077A78B8F1020F11441CBFBA78DD
:101200001144B0E7212811D0202822D140F25812F1
:101210004879C2F20002D1F800C00B795071887988
:10122000137190710020C2F800C0704740F258104E
:10123000C2F2000002680A700268120A4A7042880C
:101240008A70C278CA7002790A7142794A718079CB
:1012500088710020704700000020704710B541F2EF
:101260003044C2F2000440F6F451C2F200012046BC
:10127000002203F0CDFE40F6F411C2F20001204638
:1012800003F0C0FE002010BD2DE9F04141F23046D0
:101290000446C2F200060D463046214603F0B2FE77
:1012A000304603F091FE2968002900F0C68041F223
:1012B000EC30C2F200000288042901F0030C0DD2C8
:1012C0000023BCF1000F00F0B88011B200297BD4DC
:1012D000E15C402968D142F4004274E041F2243ECE
:1012E00021F003060023C2F2000E43F6F87805E071
:1012F00042F40042028004339E42E2D015B2002D37
:1013000012D4E55C402D03D142F400420BE000BF53
:10131000571C6FF39F320EF8025007EA0802C72AE3
:1013200088BF00273A46028015B2002D04EB030562
:1013300012D46F78402F03D142F400420BE000BF7B
:10134000511C6FF39F320EF8027001EA0802C72A9F
:1013500088BF00210A46028011B2002912D4AF785A
:10136000402F03D142F400420BE000BF511C6FF349
:101370009F320EF8027001EA0802C72A88BF0021D6
:101380000A46028011B20029B5D4ED78402DAFD0C5
:10139000511C6FF39F320EF8025001EA0802C72A6F
:1013A00088BF00210A46A5E741F22436571C6FF397
:1013B0009F32C2F20006B15443F6F8713940C72992
:1013C00088BF00273A460280BCF1010F35D011B228
:1013D000002904EB030115D44B78402B02D142F4D1
:1013E00000420EE041F22436571C6FF39F32C2F2E6
:1013F0000006B35443F6F8723A40C72A88BF002764
:101400003A460280BCF1020F17D013B2002B14D45D
:101410008B78402B02D142F400410DE041F2243799
:10142000511C6FF39F32C2F20007BB5443F6F872AF
:101430000A40C72A88BF002101800020BDE8F08152
:1014400080B582B040F24000C2F2000045F2AA51DD
:101450000078ADF806104FF47A7C0DF1060244F6E0
:10146000FF710123CDF800C009F004F8002818BF6F
:10147000012002B080BD0000002804BF0120704799
:10148000B0B582B0044600200DF107058DF80700C5
:101490002846214600F086F80228F9D0002840F0BE
:1014A0007D80642000F08EFC01200DF107058DF891
:1014B000070000BF2846214600F074F80228F9D042
:1014C00000286BD1642000F07DFC02200DF107059F
:1014D0008DF807002846214600F064F80228F9D06C
:1014E00000285BD1642000F06DFC03200DF107059E
:1014F0008DF807002846214600F054F80228F9D05C
:1015000000284BD1642000F05DFC04200DF107059C
:101510008DF807002846214600F044F80228F9D04B
:10152000E0BB642000F04EFC05200DF107058DF8AE
:10153000070000BF2846214600F034F80228F9D001
:1015400060BB642000F03EFC06200DF107058DF81D
:10155000070000BF2846214600F024F80228F9D0F1
:10156000E0B9642000F02EFC07200DF107058DF88E
:1015700007002846214600F015F80228F9D068B97E
:10158000642000F01FFC40F24001C2F2000120463E
:101590001422FEF7E9FD002002B0B0BD012002B028
:1015A000B0BD00002DE9F04381B00C46054608F0BF
:1015B0000BFC002D4FF0010018BF002C02D101B030
:1015C000BDE8F0832978802928D140F25C46C2F238
:1015D00000063078022855D0012879D108F0DAF9D0
:1015E000012800F0FB8008F0D5F9032800F0E48022
:1015F00008F0B8F97078032800F0F480022840F071
:10160000DB8006F10C004FF49671042209F0D4F946
:101610000220307001B0BDE8F08300BF0729CED8AA
:1016200040F25C46C2F200063078012872D00028F1
:1016300040F0B08040F240084EF6B019C2F2000807
:10164000C0F6000998F8000039F831104FF47A77A5
:1016500006F108030122009708F0A8FD2978002868
:1016600000F0B880072900F29A8009EBC100827966
:101670004188002A80880CBF28F8001008F8001064
:101680008DE000BF06F10C0009F088F9002800F099
:10169000A580F088324622F8040F002440F2400072
:1016A0001473C2F2000000784FF47A7742F211010D
:1016B0000123009708F09AFD002800F0878034800D
:1016C000B47008F04FF9012001B0BDE8F08300BF0D
:1016D0006878F83810F1F70FF5D340F2400045F282
:1016E000AA513246C2F20000007822F8041F4FF4DB
:1016F0007A71009144F6FF71012308F077FD0146ED
:10170000012000297FF45BAF6878F08040F201206F
:1017100063E000BF08F03EF901285FD0707801282F
:1017200038D1B7782878874234D1358908F032F932
:10173000072F18D8022806D04EF6B010C0F60000C9
:1017400000EBC70045884EF6B010C0F6000000EB75
:10175000C70081798088002940F24001C2F200016F
:101760000CBF0D520D5408F015F9851E4FF0000006
:1017700018BF01253080B07008F0F4F840F2400145
:10178000C2F2000120461422FEF7EEFC284601B00A
:10179000BDE8F08300203080B07008F0E3F840F23C
:1017A0004001C2F2000120461422FEF7DDFC0120B8
:1017B00001B0BDE8F08300BF00203080B07008F0B9
:1017C000D1F8012001B0BDE8F08300BF40F2013044
:1017D00003E000BFB17040F201103080022001B080
:1017E000BDE8F083F08840F24005C2F20005288091
:1017F00000203080B07008F0B5F820462946142249
:10180000FEF7B2FC002001B0BDE8F08340F24000DA
:10181000C2F2000070470000002804BF012070479A
:10182000F0B581B0044640F24000C2F20000827878
:1018300032B1042A02F0030104D20A22A9B917E046
:10184000012716E002F0FC020023012742F2107685
:1018500004333D46DFB2974205FB06F7F8D148F264
:10186000A062C0F201026A4311B1012916D11746E4
:10187000EFB10089FEF761FF06463846FEF75DFFCF
:1018800001463046FEF740FD44F20001C4F21C61FF
:10189000FEF708FD2060002001B0F0BD642757432B
:1018A00002EB8203022908BF5F00002FE1D1002074
:1018B0002060002001B0F0BD10B540F2D054C2F25B
:1018C0000004207860B14EF6FC00C0F60000032151
:1018D00006F0FAF800F0FE01022911D014E000BF72
:1018E0004EF6FF00C0F60000032106F0EDF80328D5
:1018F00006D0022808D101210120217010BD00BFAF
:101900000021217010BD00BF012010BDB0B582B014
:1019100040F240050221C2F200052878ADF8061019
:101920004FF47A7100910DF1060242F23001012369
:10193000012408F09FFD18B1204602B0B0BD00BFE1
:10194000BDF806000024E881204602B0B0BD0000CA
:1019500080B540F2B420C2F20000102100F002FA7B
:10196000002818BF012080BD80B540F6E4418842C0
:1019700038BF0146C1EB013047F20501C0F24F010B
:10198000A0FB0101880840F6FA72904238BF8A082D
:1019900040F2B420531DC2F200001021002200F0DA
:1019A000C5F9002818BF012080BD00007047000065
:1019B000EFF3108072B606200021002206F054FFDB
:1019C000FEE7000070B542F20C060446C4F20206BF
:1019D00000F032FC3168C9071CD13068800644BF72
:1019E000202030603068C00607D43069C00704D1B9
:1019F000306840075CBF002070BD3068C00641F60B
:101A00003830C2F2000021D400213268520725D4B8
:101A10002AE000BFC4B10546601C10D13068C00781
:101A2000DBD03068C0071CBF30685FEAC070D4D01C
:101A30003068C007F2D1D0E73068C007CDD000F0E1
:101A4000FBFB401BA042F7D9032070BDC16941F0E8
:101A50000201C16110213268520705D5C26941F007
:101A6000040142F00102C2613269D20702D10120B1
:101A7000316070BDC26942F00402C261306920F079
:101A8000010030610120316070BD0000B0B582B04E
:101A9000F0B1044607F0B2FF40F29845C2F20005EB
:101AA000287804283ED002281ED098BB207840F227
:101AB0007001C2F2000103284FF47A7405F10203A9
:101AC000087053D002285BD10120062150E000BFEE
:101AD00040F29840C2F200000021017007F060FF60
:101AE000012002B0B0BD00BF40F27001C2F200019F
:101AF00020780978884235D107F06AFF012831D073
:101B000007F066FF022805D10420287007F048FF7F
:101B100028E000BF0020287007F042FF012002B03B
:101B2000B0BD00BF40F27000C2F200002178007822
:101B3000814217D16888002203292A702CD00229FB
:101B40003CD12882FEF7F9FD0021C4F2C821FEF73E
:101B5000DBFB0021CCF2C821FEF74CFB68610020C2
:101B600002B0B0BD022002B0B0BD00BF012007210D
:101B70000122009407F0BEFF0028AFD108E000BFAB
:101B8000012004210222009407F0B4FF0028A5D10F
:101B90000220287002B0B0BD2883FEF7CEFD0021E0
:101BA000C4F2C821FEF7B0FB0021CCF2C821FEF739
:101BB00021FBE861002002B0B0BD00BFA98841EA66
:101BC0000040A860FEF7B9FDE860002002B0B0BD9B
:101BD00040F29840C2F2000008307047B0B582B0C1
:101BE0000446002001906CB14FF47A70009001AB74
:101BF000012004210222012507F036FF30B12846DA
:101C000002B0B0BD0125284602B0B0BDBDF8040049
:101C1000BDF8061040F2984541EA0040C2F20005C6
:101C2000A860FEF78AFDE86000252060284602B023
:101C3000B0BD000000284FF0010318BF002901D1FA
:101C4000184670474379012B4FF00203F8D010B5C6
:101C50000371036802F0100ED3F800C012C940F6F9
:101C6000FE7202FA0EF221432CEA020201FA0EF190
:101C700011431960C0211A6801FA0EF122EA01012C
:101C800019600121002301714371BDE8104018461D
:101C900070470000002804BF01207047017941B956
:101CA00010B500214171044600F00CF82046BDE853
:101CB00010400221017100210122016102710846D8
:101CC0007047000080B586B0016847F20040C4F25A
:101CD000000081424FF00001CDE90411CDE902116D
:101CE00002D006B080BD00BF41F21801C4F202016B
:101CF0004A6800F5144042F000524A604A6802F017
:101D000000520192019A0A6842F004020A600968CE
:101D100001F0040101910199202102910321039115
:101D200002A900F089F906B080BD000081B04FF033
:101D3000000CCDF800C088B10068002900904FF079
:101D40001400DDF800C008BF082010446044009073
:101D500000980360002001B0704700BF012001B06F
:101D600070470000002804BF012070474279012A13
:101D70004FF0020224D010B50271026801F0100C7D
:101D80004FF0010E14680EFA0CF32343136013682E
:101D900041B103F470113C2303FA0CF3994209D1C9
:101DA000022104E003F03C013C2903D101215368E6
:101DB000194351600121002201714271BDE81040B8
:101DC00010467047B0B5044600F036FA054640F2BA
:101DD0000400C2F200000078611C18BF044400BF78
:101DE00000F02AFA401BA042FAD3B0BD2DE9F0431F
:101DF00081B041F63835C2F200052A7E012A03D1AE
:101E0000022001B0BDE8F083044601202668287650
:101E10004CF250308846FFF7D5FD022E1CD1002829
:101E20004ED1002042F21004E861C4F2020420689E
:101E300040F004002060206840F0400020604CF238
:101E40005030FFF7BFFD216821F00401216000211F
:101E5000297601B0BDE8F08390BB4FF0FF30C8F8A1
:101E60000000D4E9027007EBC020874228D242F27A
:101E70001006C4F202064FF0000900BFC5F81C901E
:101E8000306840F0020030607760306840F0400019
:101E900030604CF25030FFF795FD316821F00201BF
:101EA000316098B9D4E9020107F5006700EBC12061
:101EB0008742E3D300200021297601B0BDE8F083FA
:101EC00001200021297601B0BDE8F083C8F8007038
:101ED0000021297601B0BDE8F083000042F2100134
:101EE000C4F20201086840F0800200200A607047D6
:101EF0002DE9F04381B041F63837C2F200071646AB
:101F00003A7E012A04D1022001B0BDE8F08300BF6F
:101F10000546012038764CF250300C469946FFF7C2
:101F200051FD28B10021397601B0BDE8F08300BF32
:101F300042F210080020C4F20208F861D8F800004C
:101F400040F00100C8F800004CF250302680FFF746
:101F500039FDD8F80010002821F00101C8F8001060
:101F600018BF0046DED1012DDCD00020F861D8F882
:101F70000000310C40F00100C8F800004CF2503075
:101F80006180FFF71FFDD8F80010002821F0010143
:101F9000C8F80010C6D1E81E10F1030F4FF0000082
:101FA000C0D8F861D8F8000040F00100C8F800007F
:101FB0004CF25030A4F80490FFF704FDD8F800105C
:101FC000002821F00101C8F80010ABD10020F86111
:101FD000D8F800004FEA194140F00100C8F80000AD
:101FE0004CF25030E180FFF7EDFCD8F800100028EB
:101FF00021F00101C8F8001018BF00460021397611
:1020000001B0BDE8F083000042F20400C4F2020017
:10201000C16809065CBF0020704740F22311C4F27A
:102020006751016048F6AB11CCF6EF510160C06812
:10203000C0B2C009704700002DE9F04F82B00E68B1
:10204000002E00F0E980A0F1804241F6004540F208
:102050000043A2F58432C4F201050624C4F2010350
:102060004FEAB227A84208BF05244FF0000E4FF0F8
:1020700001080F254FF0000A4FF0000B052F38BF65
:102080004FEAB224009408E00E680AF1010A36FA19
:102090000AF20EF1040E00F0BF8008FA0AFC16EAFC
:1020A0000C09F1D04E684FF6FF72C1F21002964251
:1020B00012DC122E56D8DFE806F0350B4D49555587
:1020C000555555555555555555555545510000BF14
:1020D000D1F80CB046E000BF4FF6FF72C1F221020A
:1020E00096420FDC0022C1F2110296421AD0002261
:1020F000C1F21202964215D00022C1F2210296428C
:1021000010D02FE00022C1F2220296420AD0002213
:10211000C1F23102964205D00022C1F2320296424B
:1021200020D100BF8A684AB1012A14BFC0F814C088
:10213000C0F810C04FF0080B14E000BF4FF0040BC4
:1021400010E000BFCA6802F1040B0BE04FF0000B77
:1021500008E000BFCA6802F1080B03E0CA6802F198
:102160000C0B00BF02467446B9F5807F24BF0432D1
:10217000203C166805FA04F726EA07070BFA04F66E
:1021800037431760CA79D2067FF57EAF41F2180750
:10219000C4F202073A684FF6084542F001023A607D
:1021A0003A68CFF6FF7502F001020192019A2AF017
:1021B00003021A440F2457590EF00C06B440A743EB
:1021C000009C04FA06F6374357514E6840F20C441F
:1021D000F2029A6854BF22EA090242EA0902C4F2F2
:1021E00001049A602268B70254BF22EA090242EA57
:1021F000090222605A68B70354BF22EA090242EA80
:1022000009025A600F251A68F70354BF22EA09022F
:1022100042EA09021A6037E702B0BDE8F08F000019
:102220008068084018BF012070470000002A08BFDE
:10223000090401617047000047F67C40C2F20000CB
:102240000068704740F2040047F67C41C2F200008B
:10225000C2F2000100780A6810440860704700006C
:1022600080B542F20000C4F20200016841F01001A2
:102270000160032000F08CF80F2000F005F800F05A
:1022800027F8002080BD000070B540F20406C2F2BD
:10229000000640F288013278C2F200014FF47A73EE
:1022A0000968B3FBF2F20446B1FBF2F1084601F013
:1022B00089FB0F2C4FF0010508D838B94FF0FF30DB
:1022C00021460022002500F037F87460284670BDD2
:1022D00082B041F21800C4F202000168022241F00B
:1022E00001010160016801F001010191019941685A
:1022F00041F080514160406800F0805000900098AB
:102300000420C4F20100016862F31A61016002B0A6
:1023100070470000002848BF704700F01F010122ED
:1023200002FA01F11C2202EAD0004EF20012CEF2B3
:10233000000281507047000010B54EF60C5CCEF2E2
:10234000000CDCF80030C3F3022E8EF00704042CDE
:1023500028BF0424BEF103034FF0FF3E0EFA04F43D
:1023600038BF0023A14399400EFA03F39A43114367
:1023700000F00F0200F160430901043A03F56443E1
:102380006244002848BF02F10C03197010BD000020
:102390004EF60C51CEF200010A684FF6FF031A40C8
:1023A00060F30A2242F0806040F0FD7008607047E0
:1023B00080B501F0070C0CEB8C0C00EBCC0C0CF195
:1023C000100C01EB810E090600EBCE0058BF00F5A2
:1023D000A87C5AB1ACF808301B0C01210A202CF85B
:1023E000003000208CF80C1080BD00BF00210620BA
:1023F0002CF8003000208CF80C1080BD70470000D5
:1024000001EB8102D0F8D43200EBC200426A1846D8
:1024100003F0A2B801EB8102D0F8D43200EBC20085
:10242000D0F86421184603F0FDB8000010B54FFA4B
:1024300081FC4FF4A87201F0070EBCF1000F48BFF9
:10244000102290F8904202440EEB8E034FEAD11C0A
:1024500002EBC301012C81F801C002F833E004BF94
:10246000022010BD0268012380F890320446104615
:1024700003F014FE002084F8900210BDB0B502797C
:1024800001F00F03934284BF0120B0BD4AB24FF464
:10249000A874002A48BF102401F0070E021990F812
:1024A00090420EEB8E034FEAD11C02EBC301012CCC
:1024B0004FF0000481F801C08C7002F833E004BFD3
:1024C0000220B0BD0268012380F890320546104614
:1024D00003F072FE204685F89042B0BD01F007017E
:1024E00001EB810100EBC100D0F86C0170470000E6
:1024F000B0B54FFA81FC4FF4A87401F0070EBCF19F
:10250000000F48BF102404440EEB8E054FEAD11C87
:1025100004EBC50181F801C004F835E00A61022B23
:10252000CB7004BF00220A7190F89022012A04BFE8
:102530000220B0BD0268012380F8903204461046A4
:1025400003F06CFC002084F89002B0BD10B501F0DF
:10255000070C0CEB8C0100EBC10E00680EF5A871A6
:102560000024CEF86421CEF86831CEF86C418EF8A4
:1025700051418EF850C103F073FE002010BD0000E1
:10258000B0B5027901F0070494424FF001022BD854
:102590004BB24FF4A875002B48BF10254FEAD11C51
:1025A00048BF2146054401EB810305EBC30181F8D7
:1025B00001C090F890C28A70BCF1010F05F8334059
:1025C00004BF0220B0BD02680123054680F89032A6
:1025D000104603F02BFE24B9286805F5267103F098
:1025E000E9FD002285F890221046B0BD80B501F0CB
:1025F000070C0CEB8C0100EBC10101F810CF006857
:102600004FF0010C01F1140781F824C04FF0000EC7
:1026100087E80C400B6281F801C003F021FE002026
:1026200080BD00002DE9F04F83B00446006804F03F
:1026300041FA01041ED4410500F1E483410400F194
:10264000F383810400F10884C10400F10F840105C3
:1026500000F12684810500F17584C00540F1E08316
:102660002068B0F8441021F48071A0F8441003B041
:10267000BDE8F08F2068B0F94410B1F1FF3F00F3DE
:10268000CF8304F5A871019104F1100148F2C0054F
:10269000029104F5267140F60F78009123E000BF07
:1026A000B0F8501094F8502100EB410101EB0211F9
:1026B000B1F80C34B4F8562100996FF39F23C4F895
:1026C0006C3104F0FBF92068018801EA08018031CF
:1026D0000180204600F0B8FD2068B0F94410B1F147
:1026E000FF3F00F39D83B0F8442012F00F090DD096
:1026F00030F929104FEA490BB1F1FF3F1FFA81FA77
:1027000030DD5FEA0A60E7D548E100BF0188D20604
:1027100062D401EA080101F500410180B0F85010CF
:10272000227C00EB410000EB0210B0F80404616A67
:102730006FF39F20E0620844606220460021FFF7AB
:102740005FFE607B0028C7D0A06A0028C4D1607BF0
:10275000216840F08000C0B2A1F84C0000206073F6
:10276000BAE700BF30F81B1001EA0801803120F8F9
:102770001B10019A09EB890102EBC106317B00298C
:1027800000F07E80F178022940F08A80B0F8503065
:102790003178B26900EB43035FEA4A4703EB011368
:1027A00000F19680B3F80C7400236FF39F27D21BBF
:1027B00038BF1A46B26140F2A1805FEA4A6200F176
:1027C000AD8030F8212002EA08022A4320F82120B7
:1027D000002F40F0A480C3E00A053FF561AF09B2C5
:1027E000B1F1FF3F3FF778AF018801EA080180317E
:1027F0000180B0F8501094F8502100EB410101EB3A
:102800000211B1F80C346FF39F23C4F86C3193B10B
:10281000D4F8641179B1B4F8562104F04FF9D4F822
:102820006401D4F86C110844C4F864012046002106
:10283000FFF7F0FD206801880A053FF54DAF01F470
:102840004051B1F5405F3FF447AFB0F8501000F28F
:102850000C42535A6FF39F235352D4F860313F2BED
:10286000C0F0E881DE068E5A4FEA53174FF0FF356D
:1028700008BF05EB531748F2C00546EA872362E21A
:10288000B0F85010327800EB410101EB0211B1F8C1
:102890000C746FF39F27002F62D07169F2885AE0A1
:1028A000317830F8212002EA08022A4320F821205A
:1028B00030F82120B0F8503000EB0111520401EB48
:1028C000430115D4B1F80C746FF39F273FBB47E069
:1028D000B3F8047400236FF39F27D21B38BF1A4646
:1028E000B2611FD95FEA4A622BD497BB38E000BFC0
:1028F000B1F804746FF39F275FBB31E030F82120FB
:1029000043F60F731A404CF28003A3F500535A406C
:1029100020F821205FEA4A627FF553AF07B371695F
:10292000728918E030F8212043F60F731A404CF2F8
:102930008003A3F500535A4020F821205FEA4A6241
:10294000D3D530F8212002EA08022A4320F82120BA
:1029500037B1716932893B4604F0B0F801E000BF3D
:102960000027F169D6E9050239443844F161706104
:1029700012B13069B84209D931782046FFF74AFDD3
:102980005FEA0A607FF5A8AE08E000BF2068314624
:1029900003F066FC5FEA0A607FF59EAE206809EBF3
:1029A000890130F81B20029B03EBC10602EA0801F3
:1029B00001F5004120F81B10F178012922D1317B6B
:1029C00000294FF00001B16100F02F815FEA4A61F8
:1029D00000F180807178012900F01481002940F015
:1029E0002481B0F850103278084400EB0210B0F89F
:1029F0000C146FF39F21A0F80C14B0F80C1441F4E0
:102A0000004106E15FEACA511ED4B0F85020317887
:102A100000EB420202EB0112B2F80424B3696FF337
:102A20009F229B1A4FF0000738BF3B46B36140F22C
:102A3000FD807169F369114471619918F161314642
:102A400003F00EFC48E600BFB0F850303178B569AD
:102A50005FEA4A6200EB011754D407F20C4E3EF8CD
:102A6000133000226FF39F23ED1A38BF1546B5616E
:102A70007CD95FEA4A4708D430F821704CF28005CF
:102A800007EA08072F4320F8217096F8241048F22F
:102A9000C005012940F0A981D6E904C1D6E907574C
:102AA00019441D4467457161F56180F0FB80002F7A
:102AB00000F06081BC46326286F82420737848F2C8
:102AC000C005012B40F0F780B0F850302EF803C05D
:102AD0007CE100BF7178012900F09E80002940F060
:102AE000A480B0F850103278084400EB0210B0F81F
:102AF00004146FF39F21A0F80414B0F8041441F4F7
:102B0000004190E007F2044939F8133000226FF3D6
:102B10009F23ED1A38BF1546B5614DD95FEA4A4784
:102B200008D530F821704CF2800507EA08072F43DA
:102B300020F8217096F8241048F2C005012940F0D1
:102B40005481D6E90471D6E9075E19441D44BE4597
:102B50007161F56180F0CE804FF0000CBEF1000F86
:102B600086F824C040F0C9809E46C8E0737848F2D9
:102B7000C005012B6AD0002B71D1B0F850303B4416
:102B8000B3F804746FF39F27A3F80474B3F80474C4
:102B900047F40047A3F80474B0F850003EF8003042
:102BA0006FF39F232EF800303EF8003043F40043CB
:102BB0002EF8003053E000BF737848F2C005012BB7
:102BC00054D0002B5BD1B0F8503039F803506FF37C
:102BD0009F2529F8035039F8035045F4004529F89A
:102BE0000350B0F8500048F2C0053844B0F80C2447
:102BF0006FF39F22A0F80C24B0F80C2442F400429A
:102C00003BE000BFB0F850103278084400EB0210EF
:102C10000021A0F80C1408E0B0F8501032780844F5
:102C200000EB02100021A0F8041431782046FFF7D1
:102C3000E7FB51E5002B00F0858003F00107565AB1
:102C400007EB530346EA832382E000BFB0F850301D
:102C50003B44A3F80424B0F850002EF8002020468E
:102C6000FFF7CEFB5FEA4A4010D5BEE0B0F8503027
:102C700029F80320B0F850003844A0F80C2420466E
:102C8000FFF7BEFB5FEA4A4040F1AF802068317831
:102C90004CF2800330F8212002EA08021A4320F89F
:102CA0002120A2E0A7EB0C033362737848F2C00541
:102CB000012B3FF409AF002B40F08880B0F8503072
:102CC000BCF13F0F3EF803706FF39F272EF803709F
:102CD0005AD35FEACC654FEA5C173EF803504FF0D9
:102CE000FF3208BF02EB5C1745EA872748F2C005B0
:102CF00068E000BFAEEB070CBE46C6F820C0737894
:102D000048F2C005012B2FD0002B69D1B0F850300C
:102D1000BEF13F0F39F803706FF39F2729F8037056
:102D200040D35FEACE654FEA5E1739F803504FF0A3
:102D3000FF3208BF02EB5E1745EA872748F2C0055D
:102D40004AE000BF535A48F20007CFF6FF773B43F3
:102D50008B52018843F60F7211404CF28002A2F5AB
:102D6000805251400180B7E4B0F8503029F803E0B8
:102D700036E000BF002786F824709C46737848F23E
:102D8000C005012B97D19FE6BCF1000F18D00CF0C5
:102D900001073EF8035007EB5C0745EA872748F236
:102DA000C00511E0BEF1000F14D00EF0010739F894
:102DB000035007EB5E0745EA872748F2C0050DE0A0
:102DC0003EF8037047F400472EF8037072891FFA2B
:102DD0008CF308E039F8037047F4004729F80370D2
:102DE00032891FFA8EF303F0CDFE2068317840F669
:102DF0003F7330F821201A40A5F110035A4020F803
:102E0000212069E42068B0F8441021F48061A0F822
:102E10004410204600F0EAF994F8900201280DD100
:102E200003B0BDE8F08F00BF2068B0F8441021F473
:102E30008041A0F8441003B0BDE8F08F01200025C8
:102E400084F8900265732068002103F093FE84F8F3
:102E5000905203B0BDE8F08F2068B0F8441021F420
:102E60000051A0F8441003B0BDE8F08F2068B0F81E
:102E7000401021F00401A0F84010B0F8401021F0FB
:102E80000801A0F84010204600F0C2F92068B0F810
:102E9000441021F48051A0F8441003B0BDE8F08F35
:102EA0002168B1F800C0B1F804E0B1F808808F895A
:102EB0000E8A8D8A088B8A8BB1F8403043F001036B
:102EC000A1F84030B1F8403023F00103A1F84030C0
:102ED000B1F844305B050CD4B1F844305B055CBFFD
:102EE000B1F844305FEA435303D4B1F844305B0592
:102EF000EED5B1F8443023F48063A1F84430A1F852
:102F000000C0A1F804E0A1F808808F810E828D82B4
:102F100008838A83B1F8400040F00800A1F840001F
:102F2000B1F8440020F40060A1F84400B1F840007A
:102F300040F004022046A1F8402003B0BDE8F04F65
:102F400000F0A4B92168B1F8440020F400722046D2
:102F5000A1F8442003B0BDE8F04F00F05DB90000D7
:102F6000002804BF01207047F0B581B0044690F8F6
:102F7000910228B9002084F89002204600F014F94C
:102F8000032084F8910220680021617103F008F9A0
:102F900094E80700237B03F07FF8002840F0F280DC
:102FA0002068002103F0E4FD002840F0EB8094F855
:102FB00004E0BEF1000F00F0DF800EF0030CBEF164
:102FC000040F4FF0000237D30EF0FC03A4F1A00071
:102FD00003210125CE1E80F8B0608E1E80F8D860D7
:102FE0004E1E80F8006180F828110E1D013180F816
:102FF000B15080F8B320C0E93022C0F8C82080F872
:10300000D95080F8DB20C0E93A22C0F8F02080F8DF
:10301000015180F80321C0E94422C0F8182180F84A
:10302000295180F82B21C0E94E22C0F84021A03060
:1030300099423146CED1F21EBCF1000F2ED004F1E0
:10304000100002EB820100EBC105012300F83120E2
:103050000021BCF1010F6B70E970C5E90411A96191
:103060001CD0551C05EB850600EBC607BCF1020F12
:103070007B7000F83650F970C7E90411B9610DD0C2
:10308000911C01EB810200EBC203012500F8321014
:1030900000205D70D870C3E904009861BEF1000F94
:1030A0006AD0BEF1040F4FF0000235D30EF0FC00E1
:1030B00003212346CF1E83F850718F1E83F8787149
:1030C0004F1E83F8C8110D1D013183F8512183F87B
:1030D0005321C3E95822C3F8682183F8792183F882
:1030E0007B21C3E96222C3F8902183F8A12183F8F0
:1030F000A07183F8A321C3E96C22C3F8B82183F837
:10310000C92183F8CB21C3E97622C3F8E021A0339B
:1031100081422946CED1EA1EBCF1000F2CD004F525
:10312000A87002EB820300EBC3070021BCF1010F82
:10313000797000F83320F970C7E90411B9611BD028
:10314000531C03EB830700EBC706BCF1020F717041
:1031500000F83730F170C6E90411B1610CD0911C50
:1031600001EB810200EBC20300275F7000F8321010
:10317000DF70C3E904779F6194E80700237B03F0C5
:1031800001F828B1022084F89102012001B0F0BDBD
:1031900000206073012084F89102206802F0F0FFA3
:1031A000002001B0F0BD0000006845F60041C4F207
:1031B0000001884218BF704780B582B041F21C0000
:1031C000C4F202000168002241F4000101600068BD
:1031D000002100F40000019001981420FFF7ACF8E2
:1031E000142002B0BDE88040FFF794B810B5044643
:1031F0008079022818BFFEF7DBFBD4F8D402012146
:1032000002F014FBD4F8D402BDE8104002F0CCBAAE
:10321000D0F8D40202F0F2BAD0F8D40202F0F8BA30
:1032200090F89022012A04BF0220704710B50122B5
:1032300080F89022417302680446104603F09AFC1D
:10324000002084F8900210BDD0F8D42200F5267139
:10325000104602F001BB000090F89012012904BF53
:103260000220704710B50168012280F890220446C0
:10327000084603F00FFC20460121FFF7BFF8206845
:1032800002F07CFF002084F8900210BD10B50446C7
:10329000D0F8D40202F032FBA07A002808BF10BD9B
:1032A0004EF61050CEF20000016841F006010160B8
:1032B00010BD00002DE9F04182B00446007841F2D3
:1032C0001C06C007C4F202064AD030685FEAC00894
:1032D00008D4306840F080503060306800F0805092
:1032E0000190019847F20007C4F200073868C00552
:1032F00012D4386840F480703860FEF79DFF0546B0
:103300003868C00508D4FEF797FF401B6428F7D93A
:10331000032002B0BDE8F081706810F4407012D054
:10332000616801F4407188420DD0706840F24042FB
:10333000C4F24222012320F4407113600023C0072D
:103340001360716026D17068616820F44070084392
:10335000B8F1000F706003D4306820F08050306006
:103360002068810707D556F8181CA26821F440414F
:10337000114346F8181CC00607D556F8180C6169A9
:1033800020F48000084346F8180C002002B0BDE885
:10339000F08100BFFEF750FF054641F2883700BFBD
:1033A00070688007CFD4FEF747FF401BB8424FF04C
:1033B0000300F5D9EAE70000002804BF01207047A8
:1033C0002DE9F04381B042F20008C4F2020804463D
:1033D000D8F800000D4600F0070081420CD9D8F85B
:1033E000000020F007002843C8F80000D8F80000CB
:1033F00000F00700A8426CD1206841F2040981075F
:10340000C4F2020917D5410705D5D9F8001041F4D7
:10341000E061C9F80010010705D5D9F8001041F4A2
:103420006051C9F80010D9F80010A26821F0F0012D
:103430001143C9F80010C00742D1D8F8000000F0CD
:10344000070085420CD2D8F8000020F0070028437E
:10345000C8F80000D8F8000000F00700A84238D1F2
:103460002068410707D5D9F80010E26821F4E0612F
:103470001143C9F80010000708D5D9F800002169E8
:1034800020F4605040EAC100C9F80000D9F80020DB
:1034900002F00C00082841F20020C0F27A004DD161
:1034A0004EF69413C2F38341C0F60003595CD20375
:1034B00038D440F60010C0F23D0048433EE000BF63
:1034C000606859F8041C022808D0012826D1890315
:1034D00006D4012001B0BDE8F08300BF8901F8D512
:1034E000D9F8001021F003010843C9F80000FEF7E5
:1034F000A3FE064641F28837D9F80000616800F063
:103500000C00B0EB810F98D0FEF796FE801BB842FE
:10351000F2D9032001B0BDE8F08300BF8907D8D5F8
:10352000DEE700BFD9F800204EF60213C2F3404296
:10353000C0F600039A5C4843B0FBF2F0D9F80010E3
:103540004EF6E402C1F30311C0F60002515C40F2F2
:10355000880220FA01F140F20800C2F2000000687F
:10356000C2F200021160FEF78FFE002001B0BDE83C
:10357000F083000040F2880041F20401C2F2000032
:10358000C4F20201006809684EF6F402C1F3022198
:10359000C0F60002515CC8407047000040F288004D
:1035A00041F20401C2F20000C4F20201006809689D
:1035B0004EF6F402C1F3C221C0F60002515CC840CD
:1035C00070470000002804BF012070472DE9F0413A
:1035D00082B00446007841F20006C007C4F2020639
:1035E0000CD0706800F00C00042840F08180306836
:1035F000800303D56068002800F0468120788007AA
:103600001BD5706810F00C0F09D0706800F00C002A
:10361000082840F087807068C00300F1838030681C
:10362000800703D52069012840F02E813068616948
:1036300020F0F80040EAC10030602078000713D481
:10364000207840072CD4E569002D00F018817068BF
:1036500000F00C00082840F0A780012D40F0048104
:10366000012002B0BDE8F081A069002800F084804C
:103670000020C4F242200121C0F88014FEF7DCFDD6
:10368000054600BF706A800700F1B280FEF7D4FDE6
:10369000401B0228F6D9032002B0BDE8F08100BF2C
:1036A000F0695FEAC00808D4F06940F08050F0612A
:1036B000F06900F080500090009847F20007C4F2D3
:1036C00000073868C00549D4386840F48070386015
:1036D000FEF7B2FD054600BF3868C0053ED4FEF7D0
:1036E000ABFD401B6428F7D9032002B0BDE8F08190
:1036F000706800F00C00082803D17068C0033FF523
:1037000076AF61683068002900F00C81B1F5A02F18
:1037100000F00081B1F5803F40F01A8140F4803024
:103720001CE100BF2069002840F20000C4F24220E2
:1037300000F0888001210160FEF77EFD054600BF94
:10374000306880073FF572AFFEF776FD401B022818
:10375000F6D9032002B0BDE8F08100BFE168306A0D
:10376000002900F09D80052900F09280012940F099
:10377000AF8040F00100B1E00020C4F242200021FF
:10378000C0F88014FEF758FD054600BF706A800738
:103790007FF556AFFEF750FD401B0228F6D90320F7
:1037A00002B0BDE8F08100BF0027C4F2422700202C
:1037B0003866FEF741FD022D05460DD130688001C7
:1037C00040F1DE80FEF738FD401B02284FF0030079
:1037D000F4D902B0BDE8F081306880014FD5FEF722
:1037E0002BFD401B02284FF00300F5D9F1E700BF85
:1037F00040F28800C2F20000006844F6D351C1F2E2
:103800006201A0FB0101480A019000BF00BF0198BE
:10381000411E002801913FF413AF00BF0198411EE3
:10382000002801913FF40CAF00BF0198411E002811
:1038300001913FF405AF00BF0198411E002801919E
:10384000E4D1FDE600210160FEF7F6FC054600BF6D
:10385000306880077FF5F1AEFEF7EEFC401B0228D2
:103860004FF00300F4D9B4E77068216A00F48032A5
:103870008A4209D1616A00F47010884204D10020A4
:1038800002B0BDE8F08100BF012002B0BDE8F081C8
:1038900040F004003062306A40F001001EE000BFDA
:1038A00020F001003062306A20F004003062FEF740
:1038B000C3FC054641F28837306A800720D5FEF701
:1038C000BBFC401BB8424FF00300F5D981E700BFB5
:1038D00020F001003062306A20F004003062FEF710
:1038E000ABFC054641F28837306A800708D4FEF702
:1038F000A3FC401BB842F7D9032002B0BDE8F08119
:10390000B8F1000F3FF59FAEF06920F08050F061F4
:1039100099E600BF40F480203060306840F4803089
:103920001CE000BF20F480303060306820F480203C
:103930003060FEF781FC0546306880037FF55EAE9F
:10394000FEF77AFC401B64284FF00300F4D940E7EF
:1039500020F480303060306820F480203060FEF742
:103960006BFC0546306880033FF548AEFEF764FC0B
:10397000401B6428F6D9032002B0BDE8F08100BFE7
:10398000206AB0F5803F05D17168A26821F400314A
:10399000114371607168626A21F474111143084324
:1039A000706001203866FEF747FC044630688001ED
:1039B0003FF565AFFEF740FC001B02284FF0030007
:1039C000F4D906E7411E0020B0EB116F1CBF0120A7
:1039D00070474EF21002CEF2000251604EF62351B3
:1039E000CEF20001F0230B70072190601160704748
:1039F00090F83C20012A04BF02207047B0B501F1C5
:103A000008053CCDD1E900CE23F47C5322F470525A
:103A10001A432EF4F0431A432CF4E0431A4324F4DF
:103A2000C0431A432A43C96922F480420368114300
:103A30005964002180F83C100020B0BD90F83C2073
:103A4000012A4FF0020242D010B580F83D200268F2
:103A5000D2F804E0D2F808C00C682EF070032343BB
:103A600040F6FF34C4F20004A242536010DCB2F10D
:103A7000804F1FD040F20043C4F200039A4219D095
:103A800040F60003C4F200039A4213D017E000BFCF
:103A900040F60043C4F200039A420BD043F20043C5
:103AA000C4F201039A4205D042F60043C4F2010376
:103AB0009A4204D149682CF0800319439160012196
:103AC000002280F83D1080F83C20BDE810401046F0
:103AD00070470000002804BF0120704710B504465D
:103AE00090F83D0028B9002084F83C00204600F002
:103AF0001FF8022084F83D002068211D00F0DEFF41
:103B0000012084F8460084F83E0084F83F0084F8E1
:103B1000400084F8410084F8420084F8430084F8AF
:103B2000440084F8450084F83D00002010BD0000EA
:103B300082B00068B0F1804F14D042F60041C4F268
:103B4000010188421BD141F21800C4F20200016851
:103B500041F400610160006800F400600190019888
:103B600002B0704741F21800C4F20200416841F00F
:103B700001014160406800F001000090009802B02F
:103B80007047000090F83C20012A4FF002026CD0F0
:103B900080B580F83D20D0F800C04FF67772DCF891
:103BA000083023EA0202CCF808200B684F2B29DCEE
:103BB0001F2B45DD202B46D0302B44D0402B40F02E
:103BC000AF80D1F804E0C968DCF82030DCF82020B0
:103BD00022F00102CCF82020DCF8182022F0F002BC
:103BE00042EA011123F00A0242EA0E02CCF8181050
:103BF000CCF82020DCF8081041F0470121F030011A
:103C000028E000BF6F2B33DDB3F5005F74D0B3F550
:103C1000805F21D0702B40F08380D1E901E3C96837
:103C2000DCF8082043EA0E0322F47F4243EA012134
:103C30001143CCF80810DCF8081041F0770109E0D6
:103C40000BB1102B6CD1DCF8081021F07001194376
:103C500041F00701CCF808100022012180F83D1046
:103C6000002180F83C10BDE880401046704700BF3E
:103C7000502B21D0602B53D1D1F804E0C968DCF877
:103C80002030DCF8202022F01002CCF82020DCF8D4
:103C9000182022F4704242EA013123F0A00242EAE5
:103CA0000E12CCF81810CCF82020DCF8081041F0E7
:103CB000670121F01001CDE7D1F804E0C968DCF814
:103CC0002030DCF8202022F00102CCF82020DCF8A3
:103CD000182022F0F00242EA011123F00A0242EA1F
:103CE0000E02CCF81810CCF82020DCF8081041F0B7
:103CF000570121F02001ADE7D1E901E3C968DCF803
:103D0000082043EA0E0322F47F4243EA01211143D3
:103D1000CCF80810DCF8081041F480419AE700BFA5
:103D200001229AE780B586B000680021B0F1804F8B
:103D3000CDE904110391029116D042F60041C4F27C
:103D40000101884229D141F21800C4F20200016841
:103D500041F004010160006800F004000190019846
:103D60004FF480700EE000BF41F21800C4F2020070
:103D7000016841F004010160006800F00400019056
:103D800001980320029002200390059040F6000065
:103D9000C4F2010002A9FEF74FF906B080BD000091
:103DA00090F83C30012B04BF022070474FEAB2026A
:103DB000032A00F21D812DE9F041DFE802F003C77C
:103DC000479100BF036843F200461D6A1A6A25F056
:103DD000020522F001021A621A465C6852F818CFF6
:103DE0008F68D1F800E0C4F20106B34245EA070546
:103DF00005D042F60047C4F20107BB4205D1CF68A7
:103E000025F00C0527F004073D43B34205D042F6E8
:103E10000046C4F20106B34205D1D1E9056724F496
:103E2000407434433C432CF0730747EA0E075C6050
:103E30009F614F6809695F631D629F6947F00807CA
:103E40009F619F6927F004079F61C6E0036843F202
:103E500000461D6A1A6A25F4007522F480721A62FF
:103E60001A46D3F804C052F81CEF8F68D1F80080CE
:103E7000C4F20106B34245EA072505D042F60047E1
:103E8000C4F20107BB4208D1CF6840F2FF443F02B1
:103E900025F4406527EA04042543B34205D042F6E1
:103EA0000044C4F20104A34206D1D1E905462CF432
:103EB0004057264347EA061C2EF0730747EA0807D7
:103EC000C3F804C0DF614F680969DF631D62DF6901
:103ED00047F00807DF61DF6927F00407DF617CE056
:103EE000036843F20047D3F820C01A6AC4F20107FE
:103EF00022F480521A621A465C6852F81C5FD1F8AC
:103F000000E08E68BB4205D042F60047C4F20107CC
:103F1000BB4204D14F6924F4804444EA87142CF452
:103F2000005747EA063725F4E64646EA0E265C6067
:103F3000DE614E6809691E641F62DF6947F400672D
:103F4000DF61DF6927F48067DF6145E0036843F2E2
:103F500000481D6A1A6A25F0200522F010021A6234
:103F60001A465C6852F818CF8F68D1F800E0C4F2A6
:103F70000108434545EA071505D042F60047C4F25B
:103F80000107BB4207D1CF686FF0400625F0C0059E
:103F900006EA07163543434505D042F60046C4F20B
:103FA0000106B34206D1D1E9056724F440643E43DB
:103FB00044EA86042CF4E64747EA0E275C609F61DA
:103FC0004F6809699F631D629F6947F400679F619D
:103FD0009F6927F480679F61090213681943116084
:103FE0000021BDE8F041002280F83C2008467047DF
:103FF0000121002280F83C2008467047002804BFB9
:104000000120704710B5044690F83D0028B9002003
:1040100084F83C00204600F01FF8022084F83D00A0
:104020002068211D00F04AFD012084F8460084F834
:104030003E0084F83F0084F8400084F8410084F892
:10404000420084F8430084F8440084F8450084F872
:104050003D00002010BD000070470000C1B10429E0
:1040600008D0082914BF41224022825C012A05D0D1
:1040700016E000BF3F22825C012A11D102220829EA
:1040800010D0042914BF80F8412080F83F200BE0B5
:1040900090F83E20012A03D1022280F83E2003E05E
:1040A0000120704780F84020006801F01F010122C4
:1040B000036A02FA01F123EA01020262026A114371
:1040C00040F6FF32C4F20002904201620EDCB0F111
:1040D000804F25D040F20041C4F2000188421FD039
:1040E00040F60001C4F2000118E000BF40F60041B4
:1040F000C4F20001884213D043F20042C4F201022C
:1041000042F600419042C4F2010101D088420ED132
:10411000436C904243F40043436401D0884206D18B
:10412000816801F00701062904BF0020704701687B
:1041300041F001010160002070470000B0B5044665
:1041400090F83C0001284FF0020008BFB0BD0125E7
:1041500084F83C5084F83D00204600F01FFD002804
:104160004FF0010006D0002184F83D5084F83C1047
:10417000B0BD00BF2068C16821F04001C160C168C6
:1041800021F48041C1600020002184F83D5084F872
:104190003C10B0BD002804BF0120704710B5044694
:1041A00090F8410028B9002084F84000204600F033
:1041B00063F8242084F841002068D4E90212C3681F
:1041C00023F40053C360036923F440531A4302618C
:1041D000D4E904231143C268194341F20C639A43A2
:1041E0001143C1604169A26921F44071114343F652
:1041F0000002C4F201029042416103D0FFF7BAF914
:1042000002E000BFFFF7CAF9D4E9002319214843AF
:104210009900B0FBF1F048F21F5CC5F2EB1CA0FB6B
:104220000C314FF69C734909C0F6FF7301FB030084
:10423000322303EB0010A0FB0C03F02000EA531024
:1042400000EB0110C3F34311084490601069202172
:1042500020F490401061506920F02A005061D0682D
:1042600040F40050D0600020606484F8411084F86D
:104270004210606310BD0000B0B586B0006844F61F
:10428000FF31C4F2000188424FF00001CDE9041172
:10429000CDE902113EDC44F20041C4F20001884243
:1042A0007AD044F60001C4F20001884240F0E68072
:1042B00041F21800C4F20200416840F6004441F4A3
:1042C000802141604168C4F2010401F48021019120
:1042D0000199016802AD41F00801016000682946BA
:1042E00000F00800019001984FF4806002900220D5
:1042F0000390032005902046FDF79EFE4FF40060DA
:1043000002900020CDE9030020462946FDF794FEE7
:104310002724ABE043F60001C4F2010188426DD0CE
:1043200044F60041C4F20001884240F0A78041F207
:104330001800C4F20200416802AD41F4002141605E
:10434000416801F4002101910199016841F01001D7
:1043500001600068294600F01000019001984FF4B8
:1043600080600290022003900320059040F60040F8
:10437000C4F2010000F580642046FDF75DFE4FF4B5
:10438000006002900020CDE9030020462946FDF799
:1043900053FE34246AE000BF41F21800C4F2020068
:1043A000416802AD41F400314160416801F40031DF
:1043B00001910199016841F00401016000682946FA
:1043C00000F0040001900198042002900220039064
:1043D0000320059040F60040C4F20100A0F580647F
:1043E0002046FDF729FE082002900020CDE90300B9
:1043F00020462946FDF720FE262437E041F218002A
:10440000C4F20200016840F6004441F480410160BA
:104410000168C4F2010401F480410191019901682D
:1044200002AD41F0080101600068294600F0080073
:1044300001900198402002900220039003200590F3
:104440002046FDF7F9FD802002900020CDE9030011
:1044500020462946FDF7F0FD0420C4F20100016862
:10446000252441F0E06141F0040101602046002173
:104470000022FDF761FF2046FDF74CFF06B0B0BDFE
:104480002DE9F04381B0044690F84100202809D17D
:1044900000294FF0010018BF002A07D101B0BDE884
:1044A000F08300BF022001B0BDE8F083002060640B
:1044B00021201D460E4684F841001746FDF7BCFE3C
:1044C000A784E784A1688146B1F5805F02D12069A5
:1044D00000285DD037460020E28C2168002A5DD09C
:1044E0006A1C24D0002D4AD0804600BF0868000610
:1044F00008D4FDF7A1FEA0EB0900A8427AD82168F4
:10450000C868F3E717B117F8010B04E038F8020B9D
:1045100000276FF35F204860E08C0138E084E08C76
:104520000028E3D13AE000BF0A68120609D40A68FD
:10453000120606D40A6812065CBF0A685FEA0262C5
:10454000F2D51FB117F8012B05E000BF30F8022BA0
:1045500000276FF35F224A60E28C013AE284E28C2A
:10456000002AE4D11AE000BF30F8022B00276FF3D5
:104570005F224A60E28C013AE284E28C72B10A68FE
:10458000120635D5002FEFD017F8012BF1E700BF49
:1045900000273046E28C2168002AA1D10868400635
:1045A0001ED42DB3681C14D1086840062AD40868AC
:1045B000400627D40868400624D4086840064FF017
:1045C0000000F1D50DE000BF2068C168006840061A
:1045D00018D4FDF731FEA0EB0900A842F4D909E098
:1045E0000020202184F8411001B0BDE8F08300BF15
:1045F000FDF722FE0320202184F8411001B0BDE820
:10460000F08300BF0020202184F8411001B0BDE8F4
:10461000F08300000246002840F60040C4F201008A
:104620004FF4004118BF0122FDF700BE80B582B0F3
:1046300045F6AA20C0F25A0001908220C5F2FC5033
:1046400000906846072103F02BFF02B080BD0000F8
:10465000F0B58BB040F28501C2F200010978044642
:1046600001F0030102294FD001294AD140F25057ED
:10467000C2F200077E7F701E03281AD802AD2846BA
:1046800008F05EFAA8B905EBC60656F8085D41F2D7
:104690006F2125F00040C3F68321FCF709F840B9EB
:1046A000766828462146FBF7FDFD3146FBF7A2FD63
:1046B00004464EF68610C0F600000F2103F0F0FE0F
:1046C00040F27C55C2F2000505F14301204607F097
:1046D0009DFA05F14000072103F0E2FE002003905F
:1046E0008220C0F2FC00029002A8072103F0D8FE4D
:1046F000A87A7E7F40F01000A872684606F0CAFAD9
:1047000050B30BB0F0BD00BF42F68310C8F20010EA
:1047100000906846042103F0C3FE40F27C55C2F2CB
:10472000000505F14301204607F070FA05F140004D
:10473000072103F0B5FE002003908220C0F2FC00A8
:10474000029002A8072103F0ABFEA87A40F0100007
:10475000A8720BB0F0BD00BF9DF800009DF80210DC
:104760008DF808008DF80910DDF80300711E03298B
:10477000CDF80A0006D80CA000EB860050F8040C17
:1047800004E000BF44F65560C4F64B60A97BCDF849
:104790000E008DF8121002A80F21CDF8134008F07A
:1047A0002FF80BB0F0BD00BF483220204332483212
:1047B000434834204332483670B588B040F2850112
:1047C000C2F20001097801F0030102292CD001296D
:1047D00028D140F25051C2F200014E7F711E0329D0
:1047E00013D86D460446284608F0AAF960B905EBCF
:1047F000C60656F8085D41F26F2125F00040C3F669
:104800008321FBF755FFF8B1204640F27C54C2F2F9
:10481000000404F1430107F0F9F904F14000072115
:1048200003F03EFE08B070BD40F27C54C2F20004BA
:1048300004F1430107F0EAF904F14000072108B050
:10484000BDE8704003F02CBE766828462146FBF791
:1048500029FD3146FBF7CEFCD7E7000040F285008A
:10486000C2F20000007800F0030002280AD00128FC
:1048700018BF70474EF67510C0F600000F2103F008
:104880000FBE00BF4EF65210C0F60000042103F028
:1048900007BE000080B582B0002001908220C0F2E7
:1048A000FC0000906846072103F0FAFD02B080BDCD
:1048B00010B540F27C54C2F2000461892078C140F6
:1048C000C90704D007A151F82000804720780130A3
:1048D000C1B239225143490A01EBC101401A20708B
:1048E00010BD00BF316D00084D720008E97400086A
:1048F000956F0008FD70000871750008617200086E
:10490000516E0008FD7400080C4B1C605D609E60D9
:10491000DF60C3F81080C3F81490C3F818A0C3F880
:104920001CB01EF0040F0CBFEFF30881EFF30981F8
:104930007246022003F098FFFEE700003C040020CE
:1049400080B541F2304040F25401C2F20000C2F2A0
:104950000001002200F0C4FD002818BFFDF728F870
:1049600041F2304040F28C01C2F20000C2F200017C
:1049700000F0ECFF002818BFFDF71AF841F23040B4
:1049800040F2B811C2F20000C2F2000100F032FBA6
:10499000002818BFFDF70CF841F23040C2F20000C9
:1049A00000F0EAFF002808BF80BDBDE88040FCF7AA
:1049B000FFBF00000C4B1C605D609E60DF60C3F8B1
:1049C0001080C3F81490C3F818A0C3F81CB01EF0F0
:1049D000040F0CBFEFF30881EFF309817246032047
:1049E00003F042FFFEE700003C040020FEE7000069
:1049F0007047000002F0F6BF03F02AB870470000CD
:104A000080B503F02BF8BDE88040FDF71BBC00002B
:104A1000B0B596B000240120CDE91144CDE90F4492
:104A20000C9010904FF480104FF4803102251590B7
:104A30000CA8CDE90444CDE90244CDE90D14CDE93B
:104A40001351FEF7BFFD48B1EFF3108072B6062098
:104A50000021002203F008FFFEE700BF0F20CDE990
:104A600007054FF48060CDE90A0407A801210994E5
:104A7000FEF7A2FC50B1EFF3108072B606200021C1
:104A8000002203F0F1FE00BFFEE700BF10200190FE
:104A90004FF48000069001A8FEF70CFC50B1EFF334
:104AA000108072B606200021002203F0DDFE00BF58
:104AB000FEE700BF16B0B0BD7047000010B540F66D
:104AC000FF320368C4F2000240F6004E43F2004C8D
:104AD0009042C4F2000EC4F2010C21DCB0F1804F10
:104AE00028D040F20044C4F20004A04222D040F694
:104AF0000004C4F20004A0421CD0904220DCB0F1BB
:104B0000804F27D040F20042C4F20002904221D0F0
:104B100040F60002C4F2000290421BD01EE000BF2B
:104B2000704507D0604505D042F60044C4F2010448
:104B3000A042E2D14C6823F0700323439042DEDDB3
:104B4000704507D0604505D042F60042C4F201022C
:104B5000904203D1CA6823F4407313434C6923F095
:104B60008002D1F800E08B68224360450260C36296
:104B7000C0F828E005D042F60042C4F2010290429B
:104B800001D109690163012141610169C90708BFB8
:104B900010BD016921F00101016110BD80B5D0F89F
:104BA00000E0DEF80800D1E900C320F0770023F030
:104BB000070210434FEA331340EA0C00072BCEF8EC
:104BC00008000CD80020DFE803F005050505071DE7
:104BD000370D00BF80BD00BFBCF1050F46D10120DD
:104BE00080BD00BFD1E902020969DEF80830104338
:104BF00023F47F4340EA01201843CEF80800002048
:104C000080BD00BF88680969DEF82020DEF820300A
:104C100022F00A0223F00103CEF82030DEF818302B
:104C2000104323F0F00343EA0111CEF81810CEF838
:104C30002000002080BD00BF88680969DEF82020C0
:104C4000DEF8203022F0A00223F01003CEF820304E
:104C5000DEF8183042EA001023F4704343EA0131D1
:104C6000CEF81810CEF82000002080BDDEF820001D
:104C7000DEF8202022F00102CEF82020DEF81820F5
:104C8000096922F0F00242EA0111CEF81810CEF8BC
:104C90002000002080BD000040F27C51C2F20001E3
:104CA0008A7A00F0010002F0EF0242EA00108872F6
:104CB0007047000041F6EC20C2F200000068016875
:104CC0008A0609D4090708BF704781B04068009080
:104CD000009801B0704700BF46F62461C2F200019F
:104CE0004068B1F80C23B1F80E330132D2B29A42C7
:104CF00005D1B1F80E330133DBB2A1F80E33B1F8B0
:104D00000C330B4483F81003A1F80C237047000008
:104D100041F61420C2F20000006801688A0609D436
:104D2000090708BF704781B040680090009801B043
:104D3000704700BF46F62461C2F2000140680A884D
:104D40004B880132D2B29A4203D14B880133DBB295
:104D50004B800B880B4418710A80704741F65C2029
:104D6000C2F20000006801688A0609D4090708BF7A
:104D7000704781B040680090009801B0704700BF54
:104D800046F62461C2F200014068B1F80421B1F88E
:104D900006310132D2B29A4205D1B1F8063101335F
:104DA000DBB2A1F80631B1F804310B4483F80801F5
:104DB000A1F804217047000041F6A420C2F20000CF
:104DC000006801688A0609D4090708BF704781B0E6
:104DD00040680090009801B0704700BF46F624611B
:104DE000C2F200014068B1F80822B1F80A3201327B
:104DF000D2B29A4205D1B1F80A320133DBB2A1F83E
:104E00000A32B1F808320B4483F80C02A1F80822E8
:104E100070470000D0F8B822002A04BF0220704773
:104E200010B501EB810300EB830C5CF81C3F63B110
:104E3000D0F8C0E201EB81040EEBC404D4F820E00A
:104E4000B3FBFEF404FB1E3323B10020C2F81402AE
:104E500010BD00BF00220023CCF8002000F058FD58
:104E6000002010BDB0B5D0F8B852044600F018FCD0
:104E7000D4F8B812C5F80C0251B1D4F8BC0205F54B
:104E80000371C268D5F8040290470020B0BD00BF8E
:104E90000220B0BDB0B58121044600F04BFB0025D7
:104EA00020460121E56200F045FB20468221C4F83E
:104EB0006C5100F03FFBD4F8B802256448B1D4F837
:104EC000BC0240688047D4F8B80200F09FFFC4F8E5
:104ED000B8520020B0BD0000D0F8BC1281B110B5AE
:104EE000D0F8B84294F80002FF2807D08B6894F8F5
:104EF000012221469847FF2084F80002BDE81040B7
:104F000000207047014640F24C100A22C2F2000015
:104F10000A807047014640F2C4004322C2F20000FA
:104F20000A807047014640F208104322C2F2000096
:104F30000A807047014640F260104322C2F200002E
:104F40000A807047F0B581B00546007C40270028F4
:104F500008BF4FF400772846812102223B464024B7
:104F600000F0FCFB01262846012102223B46EE62AE
:104F700000F0F4FB2846822103220823C5F86C6167
:104F800000F0ECFB4FF407702E6400F041FFC5F811
:104F9000B802A8B10746D5F8BC02006880470026D1
:104FA000C7F81462C7F81862287CD7F804220028D2
:104FB00008BF4FF4007428460121234600F0E2FBAD
:104FC000304601B0F0BD0000D0F8B812002904BF8F
:104FD0000220704780B590F810C0D1F80422402319
:104FE0000121BCF1000F08BF4FF4007300F0CAFBB1
:104FF000002080BD00290EBF0220C0F8BC12002096
:1050000070470000D0F8B8220020C2F804127047A0
:10501000D0F8B8320020C3F80812C3F81022704745
:10502000F0B581B091F90030D0F8B842002513F006
:1050300060028DF80350ADF8005011D0202A3BD10A
:10504000CA88FAB1B3F1FF3F3CDD497884F8012208
:1050500084F80012214600F08BF8002001B0F0BD6A
:105060004A780B2A24D00A2A16D02ABB90F89C2210
:10507000032A21D16946022200F094F8002001B0F1
:10508000F0BD00BFD0F8BC02002283684878984782
:10509000002001B0F0BD00BF90F89C22032A0BD184
:1050A0000DF10301012200F07DF8002001B0F0BDF8
:1050B00090F89C22032AD0D000F04EF8022001B0D4
:1050C000F0BD00BFD0F8BC3206469D684B780F4655
:1050D00018462146A847FA883046214600F062F873
:1050E000002001B0F0BD0000D0F8B822002A04BFB3
:1050F00002207047D2F8141200294FF0010101D0AC
:105100000846704780B5C2F81412D2F81012D2F8CF
:10511000082201638BB2812100F0FAFB0021BDE877
:10512000804008467047000080B5D0F8B42252682D
:105130009047002080BD000080B513460A4600213C
:1051400000F020FB002080BD80B513460A460021F8
:1051500000F0DEFB002080BD10B58021044600F089
:10516000A9FB20460021BDE8104000F0A3BB0000D1
:1051700080B513460A460321C0F894120021C0E905
:10518000573300F0FFFA002080BD000080B50521F4
:10519000C0F8941200210022002300F0F3FA00204E
:1051A00080BD000080B513460A460221C0F8941263
:1051B0000021C0E9073300F0ABFB002080BD0000F8
:1051C00080B50421C0F8941200210022002300F0D1
:1051D0009FFB002080BD000010B540F2D454C2F205
:1051E00000040A4602A0214600F010F9204610BD36
:1051F00043444320436F6E666967000040F2A41089
:105200001222C2F200000A807047000010B540F27E
:10521000D454C2F200040A4602A0214600F0F6F877
:10522000204610BD43444320496E74657266616335
:105230006500000040F2C8100422C2F200000A809B
:105240007047000010B540F2D454C2F200040A4680
:1052500002A0214600F0DAF8204610BD53544D69F3
:1052600063726F656C656374726F6E69637300005F
:1052700010B540F2D454C2F200040A4602A02146FE
:1052800000F0C4F8204610BD4C5A204C4741532032
:10529000416E616C797A6572000000004FF2E8702F
:1052A000C1F6FF70026883684FF01A0C9B18A1F8D2
:1052B00000C000F0A680B0B54FF0370C1A0F0CEB11
:1052C00013714068B3F1204F38BF02F1300140F252
:1052D000CC12C2F20002917019014FF0000E0CEBDB
:1052E000117582F803E0C3F30364B1F1204F38BFB6
:1052F00004F13005190215710CEB117582F805E007
:10530000C3F30354B1F1204F38BF04F13005190342
:1053100095710CEB117582F807E0C3F30344B1F10A
:10532000204F38BF04F13005190415720CEB1175CC
:1053300082F809E0C3F30334B1F1204F38BF04F120
:105340003005190595720CEB117582F80BE0C3F36B
:105350000324B1F1204F38BF04F13005190615734D
:10536000C3F303140CEB1175B1F1204F4FEA037135
:1053700003F00F0382F80DE038BF04F1300503F1AC
:105380003704957382F80FE0B1F1204F38BF03F175
:105390003004010F0CEB1073147482F811E0B0F1BB
:1053A000204F38BF01F1300301010CEB11749374ED
:1053B00082F813E0C0F30363B1F1204F38BF03F16B
:1053C000300401021475C0F303530CEB1174B1F1F6
:1053D000204F4FEA003182F815E038BF03F1300466
:1053E0000CEB1173947582F817E0C0F30340B1F130
:1053F000204F38BF00F13003137682F819E0BDE882
:10540000B04040F2CC10C2F200007047002808BF44
:10541000704710B50378ABB100F1020E4FF0000CED
:105420001EF8013C93B19EF800309BB19EF801300C
:10543000A3B19EF802300CF1040C002B0EF1040E07
:10544000EED10DE04FF0000C0AE000BF4CF0010C73
:1054500006E000BF4CF0020C02E000BF4CF0030C71
:105460005FFA8CFC022303EB4C03138003220B70C6
:105470004A7090F800E0BEF1000F2DD002300222F9
:105480004FF0000CD3B2CC1801F803E084F801C04F
:1054900010F8013C03B3941CE4B201EB040E0B556D
:1054A0008EF801C00378BBB1141DE4B201EB040E09
:1054B0000B558EF801C0437873B1941DE4B201EB33
:1054C000040E0B558EF801C090F802E00832BEF1D0
:1054D000000F00F10400D5D1BDE810407047000076
:1054E000002804BF02207047D0F8B432002B1CBF44
:1054F0000023C0F8B432002918BFC0F8B01280B53C
:10550000012180F89C12027000F0CEF8002080BDCE
:1055100080B5D0F8C002FCF7B1FF40F200220223B0
:10552000C100C0F20122042838BF22FA01F3D8B228
:1055300080BD000080B5D0F8C002FCF777FF40F2D4
:1055400000220223C100C0F20122042838BF22FA3F
:1055500001F3D8B280BD0000B0B569B1D0F8B42273
:1055600052693AB190F89C32032B03D19047002145
:105570000846B0BD0220B0BDD0F89412002918BF73
:1055800004290FD18021044600F094F9204690F8B8
:10559000A01201294FF00001EAD180F8A0120846BC
:1055A000B0BD00BF0229F2D1D0E908318B420FD93A
:1055B000591A8BB2016211461A460446FFF7C4FD20
:1055C000204600210022002300F0DCF8DEE700BFC7
:1055D000C2698A4212D3B2FBF1F303FB112169B90C
:1055E000D0F898128A4209D20021002204460025F0
:1055F000FFF7AAFDC4F89852E2E700BFD0F8B41252
:10560000C96831B190F89C22032A02D10446884728
:1056100020468021044600F04DF92046FFF7B6FDF4
:10562000B4E7000010B559B1D0F8B42292692AB19C
:1056300090F89C32032B01D190472EE0022010BD40
:10564000D0F894120024052912D0032926D1D0E9DC
:1056500058318B4214D95B1AC0F860318B4238BF85
:1056600019468BB211461A46FFF766FD15E000BFDA
:105670000021C0F8944200F01DF9204610BD00BF83
:10568000D0F8B412096931B190F89C22032A02D1F2
:10569000044688472046FFF793FD0024204610BDAE
:1056A000D0F8C002FCF71ABF10B5044641F2F4600E
:1056B00045F60041C2F20000C4F200010160082179
:1056C0000171022181710021C0F8D442C4F8C002E6
:1056D00041810173FDF744FC002818BFFCF768F90D
:1056E000D4F8C002002100221823FCF761FED4F890
:1056F000C002802100225823FCF75AFED4F8C002D1
:1057000081210022C023FCF753FED4F8C0020121FE
:1057100000224FF48873FCF74BFED4F8C0028221BC
:1057200000224FF48073FCF743FE002010BD000000
:10573000D0F8C00201F07F034AB203EB830301EB10
:10574000810100EBC30300EBC10000F5A970002A42
:1057500048BF03F1120000787047000080B59446FE
:10576000D0F8C0021A466346FCF7C2FE40F200229F
:105770000223C100C0F20122042838BF22FA01F33B
:10578000D8B280BD80B5D0F8C002FCF7DFFE40F291
:1057900000220223C100C0F20122042838BF22FAED
:1057A00001F3D8B280BD0000F0B581B00021002225
:1057B0004023044600254026FFF7D0FF012720465E
:1057C000802100224023C4F85871C4F86461FFF7B7
:1057D000C5FFD4F8B812A761666284F89C72C4F859
:1057E00094526560C4F8A45229B1D4F8B41220468A
:1057F0004A6800219047002001B0F0BD90F89C124B
:10580000042904BF90F89D1280F89C120020704774
:1058100090F89C12032907D1D0F8B412C96919B1C4
:1058200080B58847BDE880400020704702460020D0
:105830001174704780B5D0F8C002FDF7F1FC40F25A
:1058400000220223C100C0F20122042838BF22FA3C
:1058500001F3D8B280BD0000B0B500F52A7405464A
:10586000204600F067F895F8A8122846B5F8AE5221
:1058700001F01F020123022AC0E9A5350ED0012A3A
:1058800006D08AB9214600F07DF80020B0BD00BFE7
:10589000214600F091FA0020B0BD00BF214600F083
:1058A000E7F90020B0BD00BF01F0800100F002F870
:1058B0000020B0BD80B5D0F8C002FCF761FE40F218
:1058C00000220223C100C0F20122042838BF22FABC
:1058D00001F3D8B280BD000080B5D0F8C002FDF75A
:1058E000BBFC40F200220223C100C0F201220428C6
:1058F00038BF22FA01F3D8B280BD0000014690F80B
:105900009C02042281F89D02002081F89C227047AD
:1059100080B5D0F8C002FCF769FE40F200220223F5
:10592000C100C0F20122042838BF22FA01F3D8B224
:1059300080BD00000A7802704A7842704A8842802E
:105940008A888280C988C1807047000000290EBF04
:105950000220C0F8B412002070470000D0F8B42232
:10596000002A04BF0220704780B5126890470028C3
:1059700018BF0120400080BD80B5FFF7ADFF0020BB
:1059800080BD000070B582B00A78C2F34112531E88
:10599000022B07D2D0F8B42292689047002002B0C0
:1059A00070BD00BF002A40F057814A78092A00F2F2
:1059B0005381DFE812F00B00350051015B0051010B
:1059C00067008B0051012500410000BF90F89C2228
:1059D000013A022A00F24081C988022940F03C8144
:1059E000D0F8A4120322002908BF0122014641F881
:1059F0000C2F0222FFF7D6FB002002B070BD00BFC3
:105A0000C988012940F0288190F89C124A1E022A78
:105A100080F074800022014641F8082F72E000BF38
:105A200090F89C22013A022A00F216814988012945
:105A3000B4D100211FE000BF4A8840F2D156D1B254
:105A4000C2F200060229327080F0068190F89C2292
:105A5000032A5DD0022A40F08380002900F0C5802F
:105A600003220446416080F89C22B7E0498801295E
:105A70007FF494AF0121C0F8A412FFF7A1FB00202E
:105A800002B070BD8A88002A40F0E680CA88002AE9
:105A900040F0E2804D887F2D00F2DE8090F89C126D
:105AA000032900F0D980E9B280F89E520446FFF73E
:105AB000C1FE20462646FFF783FB002D0CBF0120C8
:105AC000022086F89C02002002B070BD4A884FF088
:105AD000FF3303EB12230026062BADF8066000F21D
:105AE000BB80DFE803F0052D1FB9B94D590000BF99
:105AF0000D46D0F8B0120A6891E000BF032940F0CB
:105B0000AB80011D0122FFF74DFB002002B070BDEC
:105B1000002951D04168012958D1FFF751FB0020DD
:105B200002B070BDD2B2052A00F29680DFE802F022
:105B3000046E666A627200BFD0F8B02252686CE0F0
:105B40000D46017C0446D0F8B40200290CBF816ADE
:105B5000C16A0DF1060088470146022029E000BF16
:105B600080210446FFF7A6FE20460021FFF7A2FE93
:105B700031782046FFF7D8FA002002B070BD00BF90
:105B8000027C002A68D10446D0F8B4020D46416B6D
:105B90000DF10600884747E0027C002A5CD10446EC
:105BA000D0F8B4020D46016B0DF10600884701469E
:105BB0000720487039E000BF022280F89C220022B2
:105BC00042600446FFF7B0FA0EE000BFC9B20546D6
:105BD000FFF7AAFA31782C4669602846FFF7BEFE27
:105BE000022801D1204638E02046FFF7E9FA0020DC
:105BF00002B070BDD0F8B02252690EE0D0F8B022E9
:105C0000D2680AE0D0F8B022126906E0D0F8B022DB
:105C1000926802E0D0F8B0229269EAB10D460446DB
:105C2000007C0DF1060190470146BDF8060048B121
:105C3000EA883AB1904238BF02462046ADF80620C5
:105C4000FFF7B0FAE88800287FF4A8AE2046FFF7F7
:105C5000B7FA002002B070BD04468021FFF72AFE8B
:105C600020460021FFF726FE002002B070BD000094
:105C7000B0B50B784FF0FF3503F0600205EB52151D
:105C8000022D05D2D0F8B422926890470020B0BD12
:105C9000C3F34113DBBB202A06D1D0F8B4229268AB
:105CA000BDE8B040104700BF4B780A4609792BB3D6
:105CB000012B11D0032B2AD190F89C32032B0FD14A
:105CC0005388C3BB11F07F0335D0D2889ABB0446FA
:105CD000FFF7F0FD2EE000BF90F89C32032B21D09F
:105CE000022B14D14A0612D00446FFF7E3FD2046EA
:105CF0008021FFF7DFFD0020B0BD00BF90F89C229F
:105D0000032A1DD0022A08BF5FEA416240D08021E9
:105D10000446FFF7CFFD20460021FFF7CBFD002012
:105D2000B0BD00BF5288002A44D14A0603D00446C1
:105D3000FFF7EEFB2046FFF743FA0020B0BD00BF9F
:105D400001F00F0202EB8202802900EB82022CBFDD
:105D50009269D2F85821002AD9D001F07F0202EBD3
:105D6000820200EB820202F1140401EB810200EBDB
:105D70008202802938BF02F5AA744A0614D005466B
:105D8000FFF7D6FC01462846002918BF01210CE088
:105D900009064FF014024FF0000358BF4FF4AA72E7
:105DA0008118835003E000BF0021216021460222B8
:105DB000FFF7F8F90020B0BDB0B50A7802F0600234
:105DC000602A08D090F89C22013A022A03D88A88D7
:105DD00012F0FE0F0AD080210446FFF76BFD20462B
:105DE0000021FFF767FD0020B0BD00BFD0F8B4224E
:105DF000044692680D469047E988002908BF0028AC
:105E0000F1D12046FFF7DCF90020B0BD704700005B
:105E100040F2D470C2F2000070470000F0B50B7879
:105E2000024691F803E030F8230047F27066BEF1B5
:105E3000030F20EA060C11D80020DFE80EF003075C
:105E4000100B00BF4CF4007C09E000BF4CF4806CE8
:105E500005E000BF4CF4C06C01E000BF012048F237
:105E60008004CFF6FF744CEA040622F8236032F86F
:105E7000236040F60F752E401E43264322F8236010
:105E80000E7B48F2800C002E52D032F8234040F6B0
:105E90000F652C4048F28005BEF1020F08BF05F5E2
:105EA00080752C4322F82340B2F850400E8902EB53
:105EB00003152C4426F00106A4F80064B2F8504003
:105EC0004E892C4426F00105A4F808544C7832F889
:105ED0002310002C56D0490409D532F8231040F67F
:105EE0000F742140614401F5804122F8231032F8FB
:105EF0002310490608D532F8231040F60F742140CC
:105F00006144403122F8231032F8231040F63F74E8
:105F100021400CF120044C40BEF1010F08BF41EAC2
:105F20000C0422F8234032F8231043F60F7750E098
:105F30004E78B2F85040CF881D01002E27F00106A0
:105F40004ED051192144A1F8006432F823104906BB
:105F500008D532F8231040F60F74214061444031D7
:105F600022F8231032F8231040F63F74BEF1010FDF
:105F700001EA04012ED00CF12007794022F8231009
:105F8000F0BD00BF490409D532F8231040F60F7761
:105F90003940614401F5804122F8231032F8231082
:105FA000490608D532F8231040F60F77394061448E
:105FB000403122F8231032F8231043F60F7739408E
:105FC0000CF54057794022F8231032F8231040F6A0
:105FD0003F77394041EA0C0122F82310F0BD00BFA1
:105FE00015442F19A7F80864B2F850E005F20C44E4
:105FF00034F80E506FF39F2524F80E5009693F299D
:106000000CD3CF063EF804704FEA51154FF0FF361F
:1060100008BF06EB511547EA852111E071B101F087
:10602000010534F80E6005EB510146EA812124F8A0
:106030000E1032F8231049040DD416E034F80E1077
:1060400048F20005CFF6FF75294324F80E1032F808
:106050002310490409D532F8231040F60F77394050
:10606000614401F5804122F823105BB132F823101E
:1060700043F60F7739400CF50057794022F823108A
:10608000F0BD00BF118843F60F7739400CF540573B
:10609000794022F82310F0BD00207047B0B50B788E
:1060A00002460C7B487832F823104CF2800C002C0E
:1060B0004CF280043AD0002842D0480408D532F887
:1060C000230040F60F71084040EA0C0022F823003C
:1060D00032F8230043F60F7E400640F63F7009D5A4
:1060E00032F8231040F60F7529406144A1F57F5125
:1060F00022F8231032F8231040F60F75294021436F
:10610000ACF5804422F8231032F8231008402043D5
:1061100022F8230032F8230000EA0E006044A0F5C4
:106120008041002022F82310B0BD00BFF0B1480626
:1061300040F63F7EEED5ACF57F5440F60F70E3E7B6
:10614000480408D532F8230040F60F71084040EAB1
:106150000C0022F8230032F82300ACF57F544006EF
:1061600040F63F7E43F60F70BAD4C3E7480443F6C7
:106170000F7ECFD540F60F70C6E7000000207047B5
:106180000020704701460120A1F8400000220020B5
:10619000A1F84020A1F84420A1F850207047000049
:1061A0000146B0F8400044F2FF0202400020A1F88E
:1061B00040207047002070470A7B0AB100207047DA
:1061C00091F800C04A7830F82C30BAB15A0648F23B
:1061D000A0030CD580B530F82CE040F60F7202EA2F
:1061E0000E021A44203220F82C20BDE88040C978E5
:1061F0000129E3D040F63F7110E000BF59044BF293
:10620000800309D530F82C1040F60F721140194464
:1062100001F5805120F82C1043F60F7130F82C2036
:106220001140594020F82C100020704702460B788E
:10623000487832F823C040F63F71002848F29000B9
:1062400008BF43F60F71CFF6FF7008BF00F57F60FF
:1062500001EA0C014140002022F8231070470000A1
:106260002DE9F04F82B04F78012F5BD18B690A691D
:106270000F7B934228BF1346002F7BD0CF780C6A48
:10628000022F40F0C1800D7840F60F6630F825707F
:106290004FEA850E944206EA070648F2B00C40F237
:1062A000218147F65077F61BD036A4EB030A20F87D
:1062B0002560C1F820A030F82560B0F850702D019D
:1062C00076069EB200EB050800F1608108EB07043A
:1062D000A4F80434D1F814B0002E00F005830D8921
:1062E000013600EB450505F580694FF0FF3505EBFC
:1062F0005604C6F34105002D4FEA560700F0E08131
:106300005E46CDE9004836F8028B5C46CB46012D4F
:106310002BF8048B40F0D881DDF80480013FD9468A
:10632000A346CEE20A7B002A48D0CA78012A00F0B0
:10633000A180022A40F0C6800A78002F40F06382D4
:10634000B0F850701301074407F20446F75A6FF390
:106350009F27F7520F693F2FC0F05681FC064FEA86
:1063600057159C5B4FF0FF3C08BF0CEB571544EAF8
:1063700085251AE21A0400F07B81CA88D1F814E05E
:1063800000EB420202F580689AB201324FF0FF370B
:10639000C2F3410407EB520C002C4FEA520200F00A
:1063A0005481774637F8025B4646012C26F8045B99
:1063B00040F01881013ABE46B04646E18E690B694D
:1063C000F21A38BF00228A61B0F850700A78074488
:1063D0004FEA021107F20C477D5A38BF33466FF37C
:1063E0009F253F2B7D5271D3DC06CC5B4FEA5316C1
:1063F0004FF0FF3508BF05EB531644EA862343F4FC
:106400000043CB5346E200BFE21A0F780A6230F82D
:106410002720B0F850403D01520605444FEA870E50
:106420009AB248F2B00C2C4400F18C80002AA4F8F7
:10643000043400F00D830B890132496900EB4303FA
:106440004FF0FF34C2F3410503F5806304EB5208BB
:10645000002D4FEA520200F058810E4636F8024BEA
:106460001F46012D27F8044B40F01281013A3146B6
:106470003B464AE18A690B69D61A3CBF002613469F
:106480000A78002F8E6140F00582B0F8507011013B
:10649000074407F204456F5A3F2B6FF39F274FEADB
:1064A00053164FEAC36C6F52C0F0BA8037464C5B4C
:1064B0004FF0FF3EBCF1000F08BF0EEB531744EA4C
:1064C0008727BAE1012002B0BDE8F08F002B00F071
:1064D000958003F001067D5A06EB530345EA8323BA
:1064E0007B52D7E147F65072B21A303A20F8252095
:1064F000B0F8502000EB05131A442304A2F804441A
:1065000000F0A6820A89496900EB420202F5806325
:10651000A2B201324FF0FF34C2F3410504EB52083E
:10652000002D4FEA520200F00C810E4636F8024B65
:106530001F46012D27F8044B40F0B280013A314646
:106540003B46FEE0002AA4F80C3400F081824B891F
:106550000132496900EB43034FF0FF34C2F34105B8
:1065600003F5806304EB5208002D4FEA520200F05D
:1065700004810E4636F8024B1F46012D27F8044BC6
:1065800040F09680013A31463B46F6E008EB0705BD
:10659000A5F80C34D1F814B0002E00F0FD814D891F
:1065A000013600EB450505F580694FF0FF3505EB39
:1065B0005604C6F34105002D4FEA560700F08280CD
:1065C0005E46CDE9004836F8028B5C46CB46012D8D
:1065D0002BF8048B40F08680DDF80480013FD9461B
:1065E000A346C6E1BEF80250022CA8F8045023D1FD
:1065F00008F108080EF1040E023A26E07B5A43F433
:1066000000437B5246E100BF002F00F0CD8007F031
:106610000105F45A05EB570544EA8525CAE000BF99
:10662000002B00F0098103F001076C5A07EB5307B8
:1066300044EA872406E100BFBEF804400EF1060ECE
:10664000A8F8084008F10C08033ABCF1030F0FD377
:10665000AEF10807A8F1100637F8085F043A26F8EB
:10666000105F7D88B580BD883581FD88B581F3D107
:10667000B0F850200978024402EB011248F2B00C45
:10668000A2F804344FEA810E40F63F71E2E100BF08
:106690004C88022D9C8033D108330431023A34E017
:1066A0004C88022D9C8047D108330431023A48E0DF
:1066B0004C88022D9C805BD108330431023A5CE0A7
:1066C0005E46FFE05E4655E16688022DA346A9F8C6
:1066D000046040F0EB8009F108090BF10406023F69
:1066E000EDE000BF6688022DA346A9F8046040F0E3
:1066F000358109F108090BF10406023F37E100BFBB
:106700008C8806311C810C33033AB8F1030FC0F0BA
:106710009F81A1F10804103B34F8081F043A23F8C4
:10672000101F61889980A1881981E188998140F6BC
:106730003F71F1D18EE100BF8C8806311C810C3392
:10674000033AB8F1030FC0F08381A1F10804103BB4
:1067500034F8081F043A23F8101F61889980A18833
:106760001981E188998140F63F71F1D172E100BF52
:106770008C8806311C810C33033AB8F1030FC0F04A
:106780006781A1F10804103B34F8081F043A23F88C
:10679000101F61889980A1881981E188998140F64C
:1067A0003F71F1D156E100BFF55A48F20004CFF62F
:1067B000FF742543F552B0F850603F2F064406F2AF
:1067C0000C46F55A6FF39F25F5520BD3FC069C5BE4
:1067D0004FEA57154FF0FF3C08BF0CEB571544EA42
:1067E00085270AE047B107F00105F45A05EB570782
:1067F00044EA872706E000BFF75A48F20005CFF6C3
:10680000FF752F43F752C969002943D030F8221091
:1068100044F240031940994200D0D9BB30F822100D
:1068200040F60F73194048F2B003CFF6FF731943D7
:10683000103120F822102DE06F5A48F20004CFF6F4
:10684000FF743C436C52B0F850703F2B074407F282
:106850000C456F5A6FF39F276F520DD34C5B4FF06F
:10686000FF37BCF1000F08BF07EB531644EA86233D
:1068700043F400434B530DE043B103F001076E5A5C
:1068800007EB530346EA832303E000BF6B5A43F44C
:1068900000436B5242F6D071A1F5E0414FEA820EFF
:1068A000A1F5756C43F60F71D4E000BFBBF804503E
:1068B0000BF10606A9F8085009F10C09033FDDF8B1
:1068C0000480009C032C0FD3083EA9F1100500BFE3
:1068D00036F8084F043F25F8104F7488AC80B48810
:1068E0002C81F488AC81F3D10BEB030600244E61BC
:1068F000924588BFAAEB03040C62B0F8502088BF11
:106900009A4608EB02031FFA8AF2002AA3F80CA4A5
:1069100000F09E804989013200EB41014FF0FF33C6
:10692000C2F3410401F5806103EB5208002C4FEAE9
:1069300052026ED0354635F8023B0F46012C27F83F
:10694000043B03D1013A2E46394662E07388022C9B
:106950008B8059D108310436023A5AE0BBF8045012
:106960000BF10606A9F8085009F10C09033FDDF800
:106970000480009C032C0FD3083EA9F1100500BF32
:1069800036F8084F043F25F8104F7488AC80B4885F
:106990002C81F488AC81F3D10BEB030600244E610B
:1069A000924588BFAAEB03040C62B0F8502088BF60
:1069B0009A4608EB02031FFA8AF2002AA3F804A4FD
:1069C00046D00989013200EB41014FF0FF33C2F399
:1069D000410401F5806103EB52084FEA5202A4B36F
:1069E000354635F8023B0F46012C27F8043B03D10E
:1069F000013A2E46394628E07388022C8B801FD13D
:106A000008310436023A20E0B38806360B810C3197
:106A1000033AB8F1030F1BD3A6F10803A1F1100448
:106A200033F8081F043A24F8101F5988A180998868
:106A30002181D988A18140F63F71F1D10AE000BFE0
:106A4000B38806360B810C31033AB8F1030F0DD22F
:106A500040F63F7130F80E20114081EA0C0120F819
:106A60000E10002002B0BDE8F08F00BFA6F10803B1
:106A7000A1F1100433F8081F043A24F8101F5988B4
:106A8000A18099882181D988A18140F63F71F1D1F7
:106A9000E0E70000014600204FF43F42A1F8440027
:106AA000A1F840207047000041F2F460C2F20000FB
:106AB000FBF7B8BDB0F844007047000070B500EBBC
:106AC0004200022B00F5806402D220460A464AE0CA
:106AD0004FF0FF30C3F341054FEA530C00EB530E68
:106AE00075B1204630F8046B0A46012D22F8026B7E
:106AF0000CD1ACF1010C1146BEF1030F1FD232E0F4
:106B00002046BEF1030F1AD22DE000BFA088022D4F
:106B1000488009D10A1D04F10800ACF1020C1146AD
:106B2000BEF1030F0BD21EE020898A1D888004F17C
:106B30000C00ACF1030C1146BEF1030F13D30A464F
:106B400030F8101BBCF1040C22F8081B30F80C1CA8
:106B500022F8061C30F8081C22F8041C30F8041C2B
:106B600022F8021CECD1D9071CBF0088107070BD40
:106B700000207047002904BF8021A0F84C1000209D
:106B800070470000002B08BF7047B0B500EB420013
:106B900000F5806E581C4FF0FF32C0F3410302EB4A
:106BA000500C4FEA5000C3B10A4632F8025B7446FB
:106BB000012B24F8045B07D101381146A646BCF12D
:106BC000030F0DD21CE000BF4A88022BAEF8042050
:106BD0001AD10EF1080E04310238BCF1030F0FD3A5
:106BE0000839AEF1100200BF31F8083F043822F82E
:106BF000103F4B8893808B881381CB889381F3D18E
:106C0000BDE8B040704700BF8A880631AEF8082062
:106C10000EF10C0E0338BCF1030FE1D2F0E70000D7
:106C200041F22430C2F20000704700000C4B1C609F
:106C30005D609E60DF60C3F81080C3F81490C3F8F5
:106C400018A0C3F81CB01EF0040F0CBFEFF30881AE
:106C5000EFF309817246052001F006FEFEE7000011
:106C60003C04002040F27040C2F200000230704745
:106C70002DE9F041A8B040F25835C2F20005A969EB
:106C800040F20110ADF89D008DF89F100DF19D00B0
:106C9000032100F019FF012845D003280AD1A87864
:106CA00000F0FE00A8700020A861012028B0BDE817
:106CB000F08100BFA869411C0728A9612CDBFAF705
:106CC000A5FDA978C48901F0FE01A970018A028896
:106CD0008378B0F806E086880789B0F81280CDE99D
:106CE00000414EF6CD210DF11D044FF0000CC0F611
:106CF00000012046C5F818C0CDE902E60497CDF89A
:106D0000148007F0DDF82046F9F760FA81B22046DA
:106D100006F058FB042000E0002085F828004FF41E
:106D2000967000F053FE002028B0BDE8F08100000E
:106D3000B0B584B040F27C54C2F20004A07AC0071F
:106D400002D1002004B0B0BDA078DFE800F0033B22
:106D5000132900BF00F046FEE17820611D295BD8B1
:106D60006269821A652AECD36061481CE07001F107
:106D70001F0021E000F036FE21694FF47A72401ABC
:106D800040F2EA11C2F200010988514388424FF0F3
:106D900000005BD3C4E9040043F60340608037E0A1
:106DA00000F020FEE1782061E1B36269821A652A71
:106DB000C7D36061481EE070C0B203F09DFE0020A2
:106DC00004B0B0BD0020029041F28300C0F2C010B8
:106DD000019001A802AA042101F0EAFA0028B0D02B
:106DE000012815D10298B0F80011084430F8020CBF
:106DF00040F2EA1100BA000CC2F200010880022041
:106E0000A07000F0EFFD2061002004B0B0BD00BF15
:106E1000012004B0B0BD00BF0020C4E9040001207F
:106E200013E000BF0020002503F066FEA07A0721D2
:106E300000F0FE00A0728220C0F2FC00029002A8C6
:106E4000E570039501F02CFB0020A07004B0B0BDEC
:106E50002DE9F04385B040F27C55C2F200050021D7
:106E6000E8790491DFE800F002601C3642F68330D6
:106E7000C0F20020039003A804AA042101F098FAAC
:106E800048B1012807D10498007900F00F0085F877
:106E900034000120E871002005B0BDE8F08300BF98
:106EA00042F68320C0F6000000F58010039003A88E
:106EB00004AA042101F07CFA0028ECD00128EAD1D0
:106EC0000498406800BAE8630320E871002005B028
:106ED000BDE8F083A86B95F83480F9F740FC814653
:106EE000E86B0E46F9F73BFC04460F461AA04146F4
:106EF0004A463346CDE9004702F076F895F834006B
:106F0000D5E90E1205F04AFE18B101461AA002F0AA
:106F10006BF8A97A0020E87101F07F00A8720020C8
:106F200005B0BDE8F08300BF42F68320C0F6000044
:106F3000039003A804AA042101F03AFA0028AAD079
:106F40000128A8D10498406800BAA8630220E8711B
:106F5000002005B0BDE8F08366697466756E207523
:106F600073653A20747970653D2575204B3D256623
:106F70002C423D25660D0A0066697466756E2073A5
:106F8000617665206661696C3A207265743D25649E
:106F90000D0A000070B586B040F27C55C2F20005C3
:106FA0002879DFE800F00377114100BF47F2342071
:106FB000C2F20000B0F806140126084490F8050358
:106FC000C00708BF032695E000F00CFDA969401A30
:106FD0006428C0F0908047F23420C2F2000090F89C
:106FE000070341F28212A0F11301CBB2032BA5F8E3
:106FF000402009D81238322201FB02F4C1B201202C
:1070000000F03CFF85F8424040F28500C2F20000EB
:107010000178AA7A01F0FC010131017002F0F70059
:10702000A872002666E000BF00F0DCFCA969401AE7
:10703000B0F5FA7F5FD347F23420C2F2000090F837
:10704000070343F282011338C2B2032AA5F84010A5
:107050009EBF8001203085F84200FF2085F8430064
:1070600042F682000190002601A80A2105F14004A1
:107070000296ADF80C6001F013FA2046042101F0ED
:107080000FFA322000F0A2FCA87A00F0F700A872F4
:1070900030E000BF47F23420C2F2000090F807034E
:1070A00043F282011338C2B2032AA5F840109EBFF2
:1070B0008001203085F84200112085F843002C46DD
:1070C00054F8400F042144F8340C204601F0E8F94C
:1070D00045F6AA20C0F25A0005908220C5F2FC5065
:1070E000049004A8072101F0DBF900F07BFC44F8D0
:1070F000280C02262E71002006B070BDB0B590B0ED
:1071000040F27C54C2F20004657800F06BFCEDB1F3
:10711000206200F067FC616A401AB0F57A7F4FF098
:10712000000067D3216A8DF81A00616241F682116E
:107130000EA8ADF8181003F0ADFDD8B132A00E21A5
:1071400006F040F9012010B0B0BD00BFE169401A5F
:107150001E284ED300F046FC6179E061DFE801F0C3
:10716000023A262E40F2E610C2F200002021817081
:10717000012036E09DF83A1006A8BDF838309DF899
:107180003B209DF83D409DF83EC09DF83C500330AB
:107190008DE8260020A21D210394CDF810C006F032
:1071A00075FEC0B240B3C11C06A820E040F2E61054
:1071B000C2F20000A0218170032012E040F2E6102C
:1071C000C2F20000E0218170002060710120607037
:1071D00008E000BF40F2E610C2F2000060218170BA
:1071E0000220607140F2E610C2F20000042101F0BA
:1071F00057F9002010B0B0BD0FA0132106F0E2F83F
:10720000012010B0B0BD00BF484D4920525443206A
:107210006661696C0D0A0000253034752D25303209
:10722000752D2530327520253032753A253032756E
:107230003A25303275000000484D492074696D656B
:1072400020525443206661696C0D0A0040F27C5163
:10725000C2F20001887A00F0FD0200208A727047B5
:107260002DE9F04184B047F24066C2F20006307862
:1072700043F28311C8F200110428009100F28880C3
:10728000DFE800F004741C28100000BF96F8F40139
:10729000002800F0AF8001203070002004B0BDE86D
:1072A000F08100BF42F68270C0F28000CDF8060087
:1072B00003208DF80A000DF106007CE0D6F8F801F5
:1072C00041F2883101F028F9002800F0898079A086
:1072D000BEE000BFB6F8F011A9B3F02900F2AC800F
:1072E00045F6A520C4F24C70344644F8F10FB4F8CA
:1072F00001710020A4F1F0020D464FEA1728A17198
:10730000E07104F1080011462A46277184F80580CF
:10731000F8F72AFF28195A210172A5214172472145
:1073200081724C21C17205F10E01077380F80D8046
:1073300089B2204606F046F800287BD0B6F8F20164
:107340000130A6F8F2010020A6F8F00186F8F50158
:1073500001F0D8F896F8F611C6F8F801002955D0D2
:1073600004203070002004B0BDE8F0810020C6F891
:10737000F301C6F8F00101F0C5F8C6F8F801684657
:10738000042101F08DF8002848D050A060E000BF33
:107390004EF60650C0F6000001F026FE00F0F0FFA9
:1073A00042F68270C0F28000CDF80B0003208DF809
:1073B0000F000DF10B00052101F072F840F27C5135
:1073C000C2F200018A7A00203070C6F8F001C6F8D7
:1073D000F30102F0BF008872012004B0BDE8F08123
:1073E00096F8F50100B303203070002004B0BDE82A
:1073F000F08100BF40F27C50C2F20000817A01F0BF
:10740000BF018172002004B0BDE8F081684604210C
:1074100001F046F810B120A01AE000BF0220307041
:10742000002004B0BDE8F08196F8F601002897D15D
:10743000E8E700BFB6F8F01109A001F0D5FDD6F8D5
:10744000F80141F2883101F067F80028DAD00BA08A
:1074500001F0CAFD05203070002004B0BDE8F081C5
:107460005B4C4F475D2075736220627573792062B3
:10747000797465733D25750D0A0000005B4C4F471C
:107480005D2073656E642074696D656F75742C2062
:1074900061626F72740D0A005B4C4F475D206E6530
:1074A0007874207265712073656E64206661696C02
:1074B0000D0A00005B4C4F475D20776169742074B2
:1074C000696D656F75740D0A000000005B4C4F47D5
:1074D0005D206669727374207265712073656E64D5
:1074E000206661696C0D0A0040F27C51C2F2000115
:1074F000887A00F0FB0200208A727047B0B582B033
:1075000040F27C54C2F20004207A0025019578B143
:10751000617A41F2F410C2F2000005F071F9E07AEC
:10752000257200F0FE00E072002002B0B0BD00BF86
:1075300041F68320C8F200100090684601AA042199
:1075400000F036FF0028EFD00128EDD1019890F827
:1075500000110439CAB26172011D41F2F410C2F285
:107560000000F8F701FE01202072002002B0B0BD3B
:10757000B0B582B040F27C54C2F20004A07A80061A
:107580000ED5A57900F02EFA022D0DD0012D39D19E
:10759000A16A401A41F28831884224BF0220A071BA
:1075A000002002B0B0BD00BF216B401A6428F7D3A1
:1075B00000F018FA40F20C05C2F200056978206369
:1075C000481E6870C0B203F097FA68780028E7D1C7
:1075D0003C2068700020002503F08EFA642003F040
:1075E00003FE8220C0F2FC0000906846072101954E
:1075F00000F056FFA07AA57100F0DF00A072002015
:1076000002B0B0BDE16A401A6428C9D300F0EAF9BB
:1076100040F20C05C2F200052978E062481C28708F
:10762000C0B203F069FA287821280FD18220C0F275
:10763000FC0045F6AA2100F1AA40C0F25A01CDE9AA
:1076400000016846072100F02BFF28783C28A7D3CB
:107650001E2028700120A07100F0C4F9A062002053
:1076600002B0B0BDB0B5A2B0FFF7FCFA044640F2DC
:107670000130ADF8850001208DF887000DF18500FF
:10768000032100F021FA012828D003280AD140F272
:107690005830C2F20000817801F0F70181700120BA
:1076A00022B0B0BD6088A1882288E3880DF105056D
:1076B00041EA00440BA12846009406F001FC28464C
:1076C000F8F784FD81B2284605F07CFE40F2583080
:1076D000C2F20000817801F0F7018170002022B031
:1076E000B0BD00BF4332483220436F6E63656E7495
:1076F0003D256470706D2C72656C696768743D25FA
:10770000642C7374617475733D307825780D0A00AC
:107710002DE9F043A1B040F25836C2F2000606F15E
:107720002C0006F13801F9F79DFB002844D0012810
:107730003DD196F83930002B3ED096F83A700DF1D5
:10774000040822A2404680215C1E009706F09EFBA2
:10775000210687B219D07B2F17D8E4B24FF0FF353E
:107760000FF28409F16B08EB070029444B78C7F14D
:1077700080014A4606F08AFB3844A91CA14287B220
:1077800003D27C2F05F10105ECD308EB0700C7F10C
:10779000800117A206F07AFB4046F8F717FD81B288
:1077A000404605F00FFEB07800F0FB00B0700020FE
:1077B00021B0BDE8F08300BFB07800F0FB00B070EE
:1077C00006207070012021B0BDE8F08343324836B6
:1077D000206C656E3D25752C6F70633D25303258E9
:1077E0002C646174613D0000253032582000000097
:1077F0000D0A00002DE9F043A3B0FAF7E9F940F2D1
:107800005836C2F200060446707940F2012102287F
:10781000ADF8891010D0012834D103208DF88B00E9
:107820000DF18900032100F04FF9022834D160697D
:10783000306202203FE000BFD6E90704F8F78FFF6F
:10784000074620468946F8F78AFF0DF109080446E5
:107850000D461BA140463A464B46CDE9004506F091
:107860002FFB4046F8F7B2FC81B2404605F0AAFD76
:10787000B178002001F0EF017071B17023B0BDE864
:10788000F08300BF02208DF88B000DF189000321E9
:1078900000F01AF902280BD003280DD1B07800F0BF
:1078A000EF00B07000207071012023B0BDE8F083BC
:1078B000E068F06101207071002023B0BDE8F08322
:1078C00048322054656D703A2053656E736F723D77
:1078D000252E3266432C20426F6172643D252E3284
:1078E00066430D0A0000000010B540F25834C2F2A1
:1078F0000004A07982210228A4F8441018D001289D
:107900001ED145F68420C0F201000121C4F84600D2
:1079100004F1440084F84A10072100F0C1FDA17869
:107920000020A07101F0DF00A070002010BD00BF9A
:107930006089132814D801306081002010BD00BF79
:10794000FC20002184F8460004F14400C4F84710EC
:10795000072100F0A5FD0220A071002010BD00BF8E
:10796000002060810120A071002010BDB0B582B060
:1079700040F25834C2F2000440F20110E178ADF850
:10798000040080208DF806008DF8071001A804215E
:10799000042500F099F803280AD0022813D1A07812
:1079A000042100F0FD00A0704FF4967007E000BFC6
:1079B000A078032100F0FD00A0703220657084F8EB
:1079C000281000F003F8002002B0B0BD40F2B03241
:1079D000C2F200025168002908BF704712681044C3
:1079E0004860704740F2B030C2F200000068704753
:1079F0002DE9F04140F2B036C2F20006D6F8008020
:107A000020B30D46002908BFBDE8F08104460027D9
:107A100005E000BF7760013D04F1100416D0207826
:107A20000028F8D0E0680028F5D061683268511A63
:107A3000F1D474608047A0680028EBD06168326898
:107A4000511A5CBF40446060E4E700BFBDE8F081CC
:107A500040F2B031C2F200010860704740F2B0302D
:107A6000C2F20000016801310160704700F006B900
:107A700005F0AAB900F0B0BB40F23840C2F20000F5
:107A80000021016040F23440C2F2000001707047F2
:107A9000FCF70EBF06F020B940F2FC10C2F2000065
:107AA0000621FFF7A5BF000040F25C20C2F20000F3
:107AB0000521FFF79DBF00000109A1EB810100EB4B
:107AC0004100C0B2704700002DE9F04192B041F68C
:107AD0005C37C2F200077C7E012C05D101242046D0
:107AE00012B0BDE8F08100BF04F0FE02022A2BD1E3
:107AF00008B303291FD37A7803789A421BD1BA7846
:107B000043789A4217D1FA7883789A4213D1CB1EE0
:107B10003E79DAB296420ED11B065FD0C31C7D1DA2
:107B2000064628460D461946F8F757FB02462946F1
:107B30003046002A52D000223A83C7E90022C7E922
:107B40000222C7E9042201E03A78BAB9002818BF36
:107B5000022901D840A304E0CE1EF5B2152D15D39D
:107B600033A302AC20460A46194606F0A9F920467E
:107B7000F8F72CFB81B2204605F024FC7C7E032C18
:107B800018BF0124204612B0BDE8F08101243C70EA
:107B9000027831067A704378BB7090F802C03E716B
:107BA00087F803C014D00DF1080812A1064640461C
:107BB000CDE900C506F084F94046F8F707FB81B22D
:107BC000404605F0FFFBF11C781D2A46F8F7CCFA79
:107BD0007C76204612B0BDE8F08100BF00203883DB
:107BE000C7E90000C7E90200C7E90400204612B057
:107BF000BDE8F08142757334383520726571756562
:107C000073743A2070726F746F3D25752C206D6F00
:107C100064756C653D25752C20636D643D25752C60
:107C200020706172616D5F6C656E3D25750D0A0097
:107C300042757334383520726571756573742070C0
:107C40006172616D20746F6F206C6F6E673A206C8B
:107C5000656E3D25750D0A00496E76616C6964207C
:107C600062757334383520726571756573743A20A6
:107C70006C656E3D25750D0A000000002DE9F04F82
:107C8000AFB041F65C37C2F20007387870B378784D
:107C9000022817D0012825D1B87803282ED0022831
:107CA00028D001281ED13A79F8788DF83C0022B10D
:107CB0000FA80130791DF8F757FA0FA80AA9F9F7AC
:107CC00071FC1EE0B87801280CD140F2505641F208
:107CD0000500C2F20006FD78ADF83C00304602F027
:107CE000D9FFC8B103207876002038702FB0BDE8E6
:107CF000F08F00BFF81CF9F7C9FE02E0F81CF8F796
:107D00004BFF0321002808BF0221022808BF0121E0
:107D10007976E9D1EAE700BF0FA9338896F80280A7
:107D200096F803A096F8049096F805B0B479681E0A
:107D3000032801F1020553D809941C46DFE800F03E
:107D4000022A0E1C3069F8F70AFDCDE90601CDE9DB
:107D5000008ACDE9029B35A226E000BFB068F8F7A3
:107D6000FEFC4EF65C32C0F60002CDE90601CDE91C
:107D7000008ACDE9029B17E0F068F8F7F0FC4EF6B8
:107D80008D32CDE90601CDE9008ACDE9029BC0F62E
:107D9000000209E07069F8F7E2FCCDE90601CDE9DF
:107DA000008ACDE9029B14A2099E28467E21234623
:107DB000049606F06BF8044601284FF0030508DB33
:107DC000A1B20FA84FF47A7202F02CFF002808BF6E
:107DD0000225A1B20FA87D7605F0F4FA84E700BF72
:107DE0004EF63032C0F6000228467E21CDE9008AE8
:107DF000CDE9029B0494DCE774696D653A25303463
:107E0000752D253032752D2530327520253032758F
:107E10003A253032753A253032752C433248323AA1
:107E2000252E336670706D0D0A00000074696D6553
:107E30003A253034752D253032752D253032752098
:107E4000253032753A253032753A253032752C4856
:107E5000323A252E336670706D0D0A0080B541F2FE
:107E6000EC30C2F200000021018041F22430C2F265
:107E70000000C821F8F79FF980BD0000B0B50C469E
:107E800040F2B8310028C2F2000118BF012008708A
:107E900008BFB0BD40F20055C2F200050020A86640
:107EA000FFF7A0FD40F2EC112867C2F2000195F83F
:107EB0007400214411F8011C40F0010085F87400A1
:107EC000A5F8761085F86C40FFF78CFDA867B0BD6B
:107ED000B0B586B04FF600050446C0F60305FAF7C4
:107EE00093F80020CDE902000120059002A801A925
:107EF0000495F9F77BFF28B1F9F7F0FF4FF0FF3059
:107F000006B0B0BD4CF6CF72C5F65A220220294603
:107F10000023F9F7EDFF28B1F9F7E0FF6FF001005A
:107F200006B0B0BD291D022022460023F9F7E0FF6C
:107F30000446F9F7D3FF2046002C18BF6FF002006B
:107F400006B0B0BDF0B581B040F60047C4F20107FD
:107F5000082807F5806411D320462021002200253F
:107F6000FAF764F93846012100220126FAF75EF992
:107F7000384602210022FAF759F901E000260125CE
:107F8000204610212A46FAF751F9304601B0F0BDDB
:107F90002DE9F043B3B058B147F24068C2F200088F
:107FA000044698F8000088B3B4F80001032803D20F
:107FB00033B0BDE8F08300BF98F80000B4F80110BA
:107FC000002848BA05D02178832908BFB0F5445F5E
:107FD00062D0B0F5A85F49DBB0F5085F62DBB0F5B1
:107FE000305FC0F2A18000F0CD80B0F53E5F00F0C0
:107FF000B580B0F5445FDBD148F6F151C0F6000121
:10800000204633B0BDE8F043084700BF2778B4F8F6
:1080100000614EF61F520DF10C09C0F6000263A379
:108020004846C021CDE9007605F030FF0028BBD4DA
:108030000646BB28B8D8B4F800010028B4D04EF6E4
:1080400019570025C0F60007635D09EB0600C6F16D
:10805000C0013A4605F01AFFB4F8001101358D420F
:10806000A2D20644BC2EEFDB9EE700BFB0F5845FD2
:1080700022DA41F21001884236DCB0F5805F00F070
:108080007780884294D148F67D51C0F600012046A1
:1080900033B0BDE8F0430847204633B0BDE8F043B5
:1080A00000F0A6BEB0F5B85F10DAB0F5A85F32D028
:1080B000B0F5B05F2FD07BE7B0F5985F26DAB0F56A
:1080C000845F19D0B0F5865F16D071E73CD0B0F56B
:1080D000D05F7FF46DAF48F65131C0F60001204605
:1080E00033B0BDE8F043084741F21101884203D0A4
:1080F000B0F5825F7FF45CAF48F6B971C0F600015D
:10810000204633B0BDE8F043084700BF03D0B0F5C8
:10811000A05F7FF44DAF48F6D141C0F60001204684
:1081200033B0BDE8F0430847B0F5085F34D0B0F590
:108130001C5F7FF43DAF48F6E931C0F600012046F0
:1081400033B0BDE8F043084748F6F131C0F600010E
:10815000204633B0BDE8F043084700BF48F6E5616C
:10816000C0F60001204633B0BDE8F043084700BF29
:1081700048F61541C0F60001204633B0BDE8F04393
:10818000084700BF48F6BD41C0F60001204633B0A5
:10819000BDE8F043084700BF48F60D51C0F60001A6
:1081A000204633B0BDE8F043084700BF72780000B6
:1081B00070B546F27836C2F200060C46054606F166
:1081C000080040F62421F7F7F6FF0220C6E9005424
:1081D000BDE8704004F0E4BD2DE9F043C9B046F2BB
:1081E0007834C2F20004B4F8220A50B1D4F8245A08
:1081F000FFF7F8FB401B5EBF0020A4F8220AC4F87A
:10820000240A69460220202204F01CFD002873D0B5
:108210000746E84604F6231504F6241908E000BFD3
:1082200002204146202204F00DFD0746002863D0BD
:10823000B4F8220ABAB2C11989B2B1F5807F06D367
:108240000020FF2AA4F8220AC4F8240AE8D820440F
:1082500000F623104146F7F787FFB4F8220A3844A6
:10826000A4F8220AFFF7BEFB1430C4F8240AB4F8BD
:10827000220A04280DD2D3E70138A4F8220A82B2D8
:1082800028464946F7F770FFB4F8220A81B203295D
:10829000C6D994F823195A29EED194F82419A5299E
:1082A000EAD194F82529A2F1FD0111F1FD0FE3D9DE
:1082B000D61C80B2B042B3D304F1080704F62611ED
:1082C0003846A4F80821F7F74FFFD4F80C012268CC
:1082D0000130C4F80C0112B1616838469047B4F817
:1082E000220AB042D2D3801BA4F8220ACED082B296
:1082F000A9192846C6E700BF94F8220948B3D4F864
:10830000285AFFF76FFB401B23D494F8200900EB99
:10831000C01004EB4000B0F81062A6F5807189B27D
:10832000B1F57F4F15D900F588714AF25A500DF119
:108330002205ADF82200E81C32468DF82460F7F7DC
:1083400013FFF01C82B202202946642304F0B4FC1F
:1083500010B149B0BDE8F08394F8200994F82219CF
:10836000013000F0070084F82009481E84F8220933
:10837000FFF738FB0A30C4F8280A49B0BDE8F0839B
:1083800046F27830C2F20000002140F21032A0F82C
:10839000221AC0F8241AA0F8201980F82219C0F86F
:1083A000281AC2F2000202201170516004F0F8BCD9
:1083B0000B46002A01461CBF00201060002918BF90
:1083C000002B09D140F21030C2F2000000210170F0
:1083D00041600220704700BF70B540F21034C2F215
:1083E0000004207810B346F27835C2F20005D5F8C3
:1083F0000C01A168884249D16668FFF7F3FA801B37
:108400004FF0000048BF70BDA5F8220AC5F8240A45
:10841000A5F8200985F82209C5F8280A20706060AF
:10842000022004F0BDFC032070BD00BFFF2B4FF005
:108430000200F9D846F27835C2F2000595F82229F3
:10844000072AF1D895F8210900EBC01005EB40028E
:1084500002F58870A2F810321A46F7F785FE95F8F3
:10846000210995F82219013000F0070085F821094B
:10847000481CD5F80C1185F8220901202070A16054
:10848000FFF7B0FAC8306060002070BD0020207097
:10849000002A60601CBF05F108001060012070BD5B
:1084A0000A46014600284FF0010018BF002A01D1FA
:1084B000704700BFFF2A88BF704710B546F2783476
:1084C000C2F2000494F82239072B18D894F8210935
:1084D00000EBC01004EB400303F58870A3F81022F2
:1084E000F7F742FE94F8210994F82219013000F0C0
:1084F000070084F82109481C84F822090020BDE8FF
:108500001040704780B5FFF76DFA46F6A451C2F2ED
:1085100000010860086880BDB0B50C460546FFF74D
:1085200061FA411B0020A14288BF0120B0BD0000BC
:108530002DE9F04184B041F20004C4F20104054683
:1085400020464FF4005100220026F9F76FFE204626
:108550004FF4004101224FF00108F9F767FE45F0A2
:10856000010000F08FF84FF48040CDE90006694625
:10857000204603960296F9F75FFD0027002502E0EA
:108580000137082F74D020464FF400510022F9F72C
:108590004DFE8DF800609DF80000052828D800BF2A
:1085A00000BF9DF8000001308DF800009DF800002C
:1085B00005281DD800BF9DF8000001308DF800008F
:1085C0009DF80000052813D800BF9DF80000013079
:1085D0008DF800009DF80000052809D800BF9DF81F
:1085E000000001308DF800009DF800000628D7D368
:1085F00020464FF48041F9F713FE08FA07F10128ED
:1086000008BF0D4320464FF400510122F9F70EFE3A
:108610008DF800609DF800000528B1D800BF9DF8D6
:10862000000001308DF800009DF800000528A7D853
:1086300000BF9DF8000001308DF800009DF800009B
:1086400005289DD800BF9DF8000001308DF800007E
:108650009DF80000052893D800BF9DF80000013068
:108660008DF800009DF800000628D7D388E700BFEA
:1086700020464FF400410022F9F7D8FDE8B204B0DB
:10868000BDE8F081F0B585B004464FF4804041F27A
:10869000000501900120C4F201050290022000268D
:1086A000049001A928460396F9F7C6FC002705E0C7
:1086B000E0B24408072F07F1010771D228464FF4B2
:1086C00000510022F9F7B2FD04F0010228464FF4F0
:1086D0008041F9F7ABFD8DF804609DF80400052892
:1086E00028D800BF00BF9DF8040001308DF80400B9
:1086F0009DF8040005281DD800BF9DF80400013036
:108700008DF804009DF80400052813D800BF9DF8DB
:10871000040001308DF804009DF80400052809D8F4
:1087200000BF9DF8040001308DF804009DF804009E
:108730000628D7D328464FF400510122F9F776FDD9
:108740008DF804609DF804000528B1D800BF9DF89D
:10875000040001308DF804009DF804000528A7D816
:1087600000BF9DF8040001308DF804009DF804005E
:1087700005289DD800BF9DF8040001308DF8040045
:108780009DF80400052893D800BF9DF8040001302F
:108790008DF804009DF804000628D7D388E700BFB1
:1087A00005B0F0BD40F2C820C2F20000006842F6F9
:1087B0000041C4F2010188421CBF01207047B0B5DE
:1087C00040F2C824C2F20004204600210025FBF735
:1087D00045FC00284FF0010018BFB0BD46F6A85177
:1087E000C2F200012268087000205563B0BD00008D
:1087F000F0B581B046F6A855C2F2000540F2C82196
:108800002A78C2F20001096882B1CA6A642828BFC6
:108810006420504348F21F52C5F2EB12A0FB020243
:1088200050094863002001B0F0BD00BF42F600428D
:10883000C4F20102914203D0012001B0F0BD00BF9B
:1088400040F2C824C2F20004064620460021002758
:10885000FBF704FC00284FF00100E4D121682870E8
:1088600030464F63D1E70000F0B581B046F6AC5713
:10887000C2F200070C46064607F1080070211546B3
:10888000F7F799FC45F24440C4F24C6038607E60D2
:10889000F9F7D2FCB860FD60EFF308803861EFF3C0
:1088A000098078614EF60450CEF20000416AB96545
:1088B000816AF965016B3966416B7966816BB966CE
:1088C000016AF9660068386740F23440C2F200007D
:1088D000416879678168B962C168F9620169396381
:1088E000416979638169B963C169F963016A39646E
:1088F000416A796484B12168B9616168F961A168EC
:108900003962E16879622169B9646169F964A169D0
:108910003965E169796500E0FD640121417001B0CC
:10892000BDE8F040AFF30080B0B5ACB046F6AC5552
:10893000C2F20005686868A20238C0B204289ABF73
:1089400060A151F820305CA3A868696FEC68CDE99C
:10895000000104A8A021029405F098FA012809DB7F
:1089600004AC2046F7F732FC82B200202146C8232F
:1089700004F0A2F9AB69E869296A6C6ACDE90001E3
:1089800061A204A8A021029405F080FA012809DB65
:1089900004AC2046F7F71AFC82B200202146C82317
:1089A00004F08AF9AB6AE86A296B6C6B4EF62242D6
:1089B000CDE90001C0F6000204A8A021029405F050
:1089C00065FA012809DB04AC2046F7F7FFFB82B209
:1089D00000202146C82304F06FF9AB6BE86B296CCB
:1089E0006C6C4EF6FA32CDE90001C0F6000204A824
:1089F000A021029405F04AFA012809DB04AC2046C4
:108A0000F7F7E4FB82B200202146C82304F054F9B2
:108A1000AB6CE86C296D6C6D4EF6AF42CDE9000190
:108A2000C0F6000204A8A021029405F02FFA012844
:108A300009DB04AC2046F7F7C9FB82B200202146CF
:108A4000C82304F039F92B696869A96DEC6D4EF6FD
:108A50008342CDE90001C0F6000204A8A0210294DF
:108A600005F014FA012809DB04AC2046F7F7AEFB49
:108A700082B200202146C82304F01EF92B6E686ED6
:108A8000A96EEA6E2D6F8DE807004EF64842C0F6DB
:108A9000000204A8A021039505F0F8F9012809DBDC
:108AA00004AC2046F7F792FB82B200202146C8238F
:108AB00004F002F92CB0B0BD4C6F6F705374616C50
:108AC0006C000000E8EC0008D8EC0008FDEC0008A1
:108AD000F2EC0008E2EC00080D0A5B4641554C54EC
:108AE0005D202573207469636B3D256C752062657C
:108AF00061743D256C75206578633D30782530388C
:108B00006C580D0A0000000052303D2530386C587A
:108B10002052313D2530386C582052323D253038B6
:108B20006C582052333D2530386C580D0A00000037
:108B300041F2EC30C2F200000088C00B7047000028
:108B400041F2EC30C2F2000000886FF39F307047B2
:108B5000C178812930D0012938D1017902292BD05F
:108B6000032933D110B582B045F6AA21C0F25A01CB
:108B700001918221C5F2FC510091694604460846E4
:108B80000721FFF78DFC47F23420C2F20000214696
:108B90004FF48172F7F7E8FA1E2001F0ADFFFEF7FF
:108BA00021FF40F27C50C2F20000817A41F00101C5
:108BB000817202B010BD00BF40F27C50C2F20000D2
:108BC000C17A41F00101C172704700BF01A01221BA
:108BD00004F0F8BB616464723D305831413030209C
:108BE0006661696C0D0A0000002002F0FDBA000009
:108BF000002808BF704780B5002002F0F5FA40F267
:108C00007C50C2F20000817A01F0EF018172BDE870
:108C100080407047002808BF704710B584B00446F4
:108C2000FEF7E0FE6079042801D002280ED1002072
:108C300002F0DAFA1E2001F05FFF40F27C50C2F22F
:108C40000000817A41F020018172607904281BD0F4
:108C5000032824D0022813D142F682000024019078
:108C600001A80A21ADF80C400294FFF719FC40F26C
:108C70007C50C2F20000817A447041F01001817290
:108C800004B0BDE8104070470020ADF80C00029021
:108C900042F68210019001A80A21FFF701FC40F280
:108CA0007C50C2F20000817A41F0100181720121F2
:108CB000417004B0BDE810407047000040F27C50A5
:108CC000C2F20000817A41F0800181727047000099
:108CD00010B504464EF66410C0F600000F21FFF7F1
:108CE000DFFB54B147F23420C2F2000000F206303C
:108CF00021464FF48172F7F737FA40F27C50C2F206
:108D00000000817A41F00801817210BDA8B3017999
:108D1000042932D14179502918BF704710B582B06B
:108D200045F6AA21C0F25A0101918221C5F2FC51F7
:108D300000916946044608460721FFF7B1FB40F25F
:108D40007C50C2F20000822180F84010A17940F2EC
:108D5000850280F84110C2F20002E179137880F8B0
:108D6000421003F0FC0002301070C3F382010120B6
:108D7000FFF784F802B0BDE81040704710B586B028
:108D8000044650B147F23420C2F2000000F5817071
:108D900021464FF48172F7F7E7F940F27C50C2F2B6
:108DA0000000817A41F00201817240F28500C2F236
:108DB00000000178627901F0E30102F0070241EA64
:108DC000820101AC017006A1204605F079F8204629
:108DD000F7F7FCF981B2204604F0F4FA06B010BDB2
:108DE0006761732073656C6563742025750D0A00D7
:108DF000B0B5D8B3B0F80021042A37D3017883295D
:108E000034D147F24065C2F20005297871B3C178C8
:108E1000042A0DD1822908BFB0BD832908D140F2B0
:108E20007C51C2F2000101208A7A85F8F6011AE02D
:108E300071B178290DD84C00231D934209D895F8BB
:108E4000F511A9B114A0BDE8B04000F0CDB800BF45
:108E500000211BA000F0C8F840F27C51C2F20001D2
:108E600005208A7A287042F040008872B0BD00BFA9
:108E7000011D681C2246F7F777F90120A5F8F0419B
:108E800085F8F501FFF73EFB40F27C51C2F200018C
:108E90008A7AC5F8F801E6E75B4C4F475D207278A7
:108EA000206F76657272756E2C20736567206E6F09
:108EB0007420636F6E73756D65640D0A00000000A9
:108EC0005B4C4F475D2072782073656720696E7632
:108ED000616C69642077633D2575206C656E3D2566
:108EE000750D0A0018B1B0F80011052902D828A0A4
:108EF00000F07AB80178C27883290ED162B18088F7
:108F000041BA01290CD147F24060C2F200000121B0
:108F100080F8F4110AE000BF002213A000F064B84A
:108F200080B507A000F060F8BDE8804040F27C50BA
:108F3000C2F20000817A41F040018172704700BFA7
:108F40005B4C4F475D2074726967676572206E6F76
:108F50006E2D7374617274206B65793D30782530A5
:108F600034580D0A000000005B4C4F475D207472BE
:108F700069676765722064726F703A20636D643D43
:108F80002530325820776F7264733D25750D0A00C5
:108F90005B4C4F475D20747269676765722064722D
:108FA0006F703A206672616D65206E756C6C2F7300
:108FB000686F72740D0A000068B180B5014647F20F
:108FC0003420C2F2000000F501704FF48172F7F70F
:108FD000CBF8BDE8804040F27C50C2F20000817ABC
:108FE00041F004018172704783B010B5A1B0CDE9A2
:108FF0002312259388B1044623AB01A88021224681
:109000000093802404F070FF012806DB802838BF1D
:10901000044601A8214604F0D5F921B0BDE810406E
:1090200003B070479EB040F60009C4F20109F9F799
:1090300017F9FBF7EDFC4FF0000B41F21800CDE9FA
:1090400002BBCDE900BBC4F202000168002241F07E
:10905000100101600168102701F0100111911199B0
:10906000016841F020010160016801F020011191C7
:109070001199016841F004010160016801F00401E7
:1090800011911199016841F00801016000681021F7
:1090900000F00800119011984846F9F7C7F809F553
:1090A0000065284630210022F9F7C0F809F58066EE
:1090B00030464FF2030100224FF2030AF9F7B6F8E7
:1090C00000976F4601244FF0020848463946CDE923
:1090D000014BCDF80C80F8F7AFFF30208DE8110878
:1090E00028463946CDF80C80F8F7A6FF30463946B9
:1090F000CDE900A4CDE902B8F8F79EFF40F2B02612
:10910000C2F20006A9F51441304640F8041FCDE92B
:1091100000B8F8F7BFFD48B1EFF3108072B6062033
:1091200000210022FFF7A0FBFEE700BF301D6946CB
:109130001022F8F77FFD48B1EFF3108072B60620D9
:1091400000210022FFF790FBFEE700BF09F5105257
:109150003046002140F8182F4FF6FF721D91CDE9DF
:109160001B11CDE91811CDE90611CDE90411CDE9A6
:109170000211CDE90011C0E90111C0E90321C0E9E4
:109180000511FAF7A7FC48B1EFF3108072B606207C
:1091900000210022FFF768FBFEE700BF4FF480507C
:1091A00006F118051A901AA92846FAF7EBFC48B1FF
:1091B000EFF3108072B6062000210022FFF754FB67
:1091C000FEE700BF2846FAF719FF48B1EFF3108019
:1091D00072B6062000210022FFF746FBFEE700BF23
:1091E00018A92846FAF72AFC50B1EFF3108072B69E
:1091F000062000210022FFF737FB00BFFEE700BF7B
:1092000060201190002411A928460022CDE91244C3
:10921000CDE91444CDE91644FAF7C2FD50B1EFF39D
:10922000108072B6062000210022FFF71DFB00BF50
:10923000FEE700BF4FF400500590694628460494AD
:10924000CDE90244CDE900440794FAF7D1FB48B1D7
:10925000EFF3108072B6062000210022FFF704FB16
:10926000FEE700BF2846FAF75DFD41F6CC1000216D
:10927000C2F200004FF080424FF6FF731D91CDE91E
:109280001B111591CDE91311CDE91811CDE9051187
:10929000CDE90311C0E90021C0E902130161816138
:1092A000FAF718FC50B1EFF3108072B606200021D7
:1092B0000022FFF7D9FA00BFFEE700BF4FF480504D
:1092C0001A9041F6CC10C2F200001AA9FAF75AFC23
:1092D00050B1EFF3108072B6062000210022FFF794
:1092E000C3FA00BFFEE700BF41F6CC10C2F2000097
:1092F000FAF784FE40B1EFF3108072B60620002129
:109300000022FFF7B1FAFEE70020CDE9110041F697
:10931000CC10C2F2000011A9FAF710FF40B1EFF330
:10932000108072B6062000210022FFF79DFAFEE7AA
:1093300041F6CC10C2F2000018A9FAF77FFB48B141
:10934000EFF3108072B6062000210022FFF78CFA9E
:10935000FEE700BF602000900020CDE901000490EE
:1093600041F6CC10C2F2000069460022FAF718FD5F
:1093700040B1EFF3108072B6062000210022FFF703
:1093800073FAFEE741F6CC10C2F2000069460422EF
:10939000FAF706FD40B1EFF3108072B60620002107
:1093A0000022FFF761FAFEE741F6CC10C2F200009E
:1093B000FAF7B8FC41F6EC20A9F53C41C2F20000F6
:1093C00000240C254FF4165280E81600C0E903442F
:1093D000C0E90554C461FAF7DDFE48B1EFF310802F
:1093E00072B6062000210022FFF73EFAFEE700BF1A
:1093F00041F6142009F54051C2F200004FF49642A4
:1094000080E81600C0E90344C0E90554C461FAF7D6
:10941000C1FE48B1EFF3108072B606200021002291
:10942000FFF722FAFEE700BF41F65C20A9F54441B0
:10943000C2F200004FF4E13700240C25C0E9001708
:10944000C0E90244C0E90445C0E90644FAF7A2FEB7
:1094500040B1EFF3108072B6062000210022FFF722
:1094600003FAFEE741F6A420A9F54041C2F200004C
:10947000C0E90017C0E90244C0E90445C0E9064458
:10948000FAF788FE40B1EFF3108072B60620002193
:109490000022FFF7E9F9FEE7FBF752FA00F088FC3B
:1094A00000F09CFA032003F07BFC01F08DFCF8F740
:1094B0004FFA48B1EFF3108072B606200021002267
:1094C000FFF7D2F9FEE700BF01F0F4FAFFF76AF9FF
:1094D00047F69170C0F600000021FEF769FE04F027
:1094E000DBFB48B1EFF3108072B6062000210022AA
:1094F000FFF7BAF9FEE700BF0120FBF78BF8002069
:10950000FBF77AFAFBF776FA30604FF47A70F8F7E7
:1095100059FC4EF62211C0F60001022008226423F5
:1095200003F0CAFB6420F8F74DFC4EF62A11C0F692
:10953000000102201422642303F0BEFB6420FFF725
:1095400057F96420F8F73EFC4EF60411C0F600010E
:1095500002200A22642303F0AFFB3220F8F732FC2A
:1095600002F022F900B30446000940F271013030E4
:10957000C2F2000188740320224660F31F12CA74ED
:1095800002201422642303F097FB4EF6F0116D467F
:10959000C0F6000128462246002304F091FC28462C
:1095A000192103F00FFF4FE04EF63E11C0F6000107
:1095B00002201422642303F07FFB41F28934FBF77D
:1095C00019FA3168401AA042F9D301F045FE4FF074
:1095D0000305F8B10446000940F271013030C2F2CF
:1095E00000018874204665F31F10C87402201422FD
:1095F000642303F061FB4EF6F0116D46C0F60001E6
:1096000028462246002304F05BFC2846192103F07B
:10961000D9FE04254EF61811C0F6000102200A22D8
:10962000642303F049FB6420F8F7CCFB4EF60E11DF
:10963000C0F6000102200A22642303F03DFB6420EF
:10964000F8F7C0FB042D03D1FEF72EFAFCE700BFAC
:10965000FEF722FAFCE70000002808BF704710B5AB
:109660000446F6F7B3FD81B22046BDE8104003F092
:10967000A9BE000070B59CB047F63C33C2F20003AF
:1096800093F800C0052A08BF844525D0844503D13E
:1096900000201CB070BD00BF40F2F814C2F20004FC
:1096A000236840F21C32C2F2000208265670C3B38F
:1096B00012780291CDE900204EF60B22C0F600028E
:1096C00004A860210823CDF80CC004F0DFFB0128BA
:1096D00027DB216823E000BF5A7841F08005AA42C9
:1096E000D4D140F2F816C2F200069C78336840F2FA
:1096F0001C32C2F200020725557093B11278029114
:10970000CDE900204EF60B22C0F6000204A860212D
:109710000723039404F0BAFB012802DB316804A894
:10972000884701201CB070BD2DE9F04140F2383E61
:10973000C2F2000EBEF810300120052BC0F01081DF
:10974000DEF80C10002900F00B8147F63C1C9A1E35
:109750004FF6FE76C2F2000C4AF201001FFA82F8C0
:1097600002EA0605ACF102024FF6FF7612F8027F1C
:109770007E4080EA5607F40708BF770880EA57045E
:10978000FE0708BF7C0880EA5406E70708BF6608A2
:1097900080EA5604F70708BF740880EA5406E70712
:1097A00008BF660880EA5604F70708BF740880EA15
:1097B0005406E70708BF6608F70780EA560457789B
:1097C00008BF74087C4080EA5406E70708BF6608B3
:1097D00080EA5604F70708BF740880EA5406E707D2
:1097E00008BF660880EA5604F70708BF740880EAD5
:1097F0005406E70708BF660880EA5604F70708BF63
:10980000740880EA5407E60708BF670880EA57062D
:10981000FC0708BF7E08023DA8D15FEAC87429D0C2
:109820009278724080EA5204D50708BF540880EA53
:109830005402E50708BF620880EA5204D50708BF52
:10984000540880EA5402E50708BF620880EA52041F
:10985000D50708BF540880EA5402E50708BF62082C
:1098600080EA5204D50708BF540880EA5406E0078E
:1098700008BF660803EB0C0030F8020CB0421CBFB6
:109880000120BDE8F0819EF804009CF8002082428F
:109890004FF0010064D19CF80120032A60D1BEF88A
:1098A00008209CF802005700FFB287424FF00100E9
:1098B00056D1052707EB4207BFB2BB4218BFBDE830
:1098C000F081002A4BD0042A02F0030002D20022C9
:1098D00024E000BF6FF0060303EA420300260022E3
:1098E0000CEB0607B7F803508C192DBA2D0C8D53CD
:1098F000B7F8055008362DBA2D0C6580B7F807501B
:10990000B3422DBA4FEA1545A580B7F8097002F1A8
:1099100004023FBA4FEA1747E780E1D1F8B10CEBF8
:109920004203B3F8033001281BBA4FEA134321F86E
:10993000123014D0531C0CEB4307B7F80370022805
:109940003FBA4FEA174721F8137008D0901C0CEB70
:109950004002B2F8032012BA120C21F810200020A5
:10996000BDE8F08110B588B040F21C30C2F20000B2
:1099700000216C46C0E90311C0E905110180416076
:10998000816000BF2046202101F046F90028F9D16E
:1099900008B010BD40F21C30C2F2000000787047E1
:1099A00010B588B040F23830C2F2000000216C4699
:1099B000C0E90111C0E90311C0E90511C1610170DD
:1099C0002046202101F0DCF80028F9D108B010BDB4
:1099D00040F23830C2F200000078704740F2383070
:1099E000C2F200000021C0E90111C0E90311C0E981
:1099F0000511C161017001F0B3B80000B0B540F2CB
:109A00003834C2F20004207801282CD1F8F714FC75
:109A1000D4E90512821A8A4203D2218AB1F5807FE5
:109A200002D303202070B0BD054647F63C10C1F5B7
:109A30008072C2F20000084491B201F0A1F8218ABC
:109A400020B108442082E561B0BD00BF59B1E06992
:109A5000281A052838BFB0BDFFF766FE032100288D
:109A600008BF02212170B0BD70B582B0069E00967D
:109A700000F040F810B1012002B070BD40F238355E
:109A8000C2F20005297801292ED147F63C16C2F210
:109A9000000605E008442882EC612978012923D1D9
:109AA000F8F7CAFBD5E905120446801A884219D294
:109AB000288AFF2816D8C0F58071304489B201F099
:109AC0005FF8298A0028E5D10029E6D0E869201A44
:109AD0000528E2D3FFF728FE0321002808BF022152
:109AE00001E000BF03212970881E18BF012002B0C9
:109AF00070BD00002DE9F04F89B00446002B4FF0F7
:109B0000010000F05181A2F17E0717F17D0FC0F036
:109B10004B81DDF84880B8F1000F00F0458140F23C
:109B20003836C2F200063078012803D1022009B08D
:109B3000BDE8F08F47F63C000093C2F2000003231B
:109B400043700B0A5FFA82FC914642714FF6FF7236
:109B5000047083700023A24654404AF2010203714C
:109B600082EA5403E507C17008BF630882EA53051F
:109B7000DC0708BF5D0882EA5503EC0708BF6B08E5
:109B800082EA5305DC0708BF5D0882EA5503EC074B
:109B900008BF6B0882EA5305DC0708BF5D0882EA4C
:109BA0005503EC0708BF6B0882EA5305DC0708BFC2
:109BB0005D0885F0030382EA5305DC0708BF5D08F2
:109BC00082EA5503EC0708BF6B0882EA5305DC07FD
:109BD00008BF5D0882EA5503EC0708BF6B0882EAFC
:109BE0005305DC0708BF5D0882EA5503EC0708BF90
:109BF0006B0882EA5305DC0708BF5D0882EA55035B
:109C0000CFB2EC0708BF6B088B4683EA112182EACA
:109C10005103CD0708BF4B0882EA5301DD0708BF97
:109C2000590882EA5103CD0708BF4B0882EA530165
:109C3000DD0708BF590882EA5103CD0708BF4B086A
:109C400082EA5301DD0708BF590882EA5103CD07B4
:109C500008BF4B0882EA5301DD0708BF5908794065
:109C600082EA5103CF0708BF4B0882EA5301DF079E
:109C700008BF590882EA5103CF0708BF4B0882EAA0
:109C80005301DF0708BF590882EA5103CF0708BF15
:109C90004B0882EA5301DF0708BF590882EA5103E3
:109CA000CF0708BF4B0882EA5301DF0708BF5908F6
:109CB00082EA5103CF0708BF4B0882EA5301DF074E
:109CC00008BF590882EA5103CF0708BF4B0882EA50
:109CD0005301DF0708BF590882EA5103CF0708BFC5
:109CE0004B0882EA5301DF0708BF590882EA510393
:109CF000CF0708BF4B0882EA5301DF0708BF5908A6
:109D000081EA0C0182EA5103CF0708BF4B0882EABF
:109D10005301DF0708BF590882EA5103CF0708BF84
:109D20004B0882EA5301DF0708BF590882EA510352
:109D3000CF0708BF4B0882EA5301DF0708BF590865
:109D400082EA5103CF0708BF4B0882EA5301DA07C2
:109D500008BF59088171090A01ACC1712046202150
:109D600000F00EFF0028F9D147F63C00C2F20000D7
:109D70000821424600F00AFF10B10120032112E041
:109D8000009886F804A0F0600020A6F806B0A6F8B7
:109D900008903082C6F81480F8F74EFA0146002089
:109DA000C6E906110121317009B0BDE8F08F00004D
:109DB00040F21C30C2F200000021C0E90311C0E9EA
:109DC0000511018000F01ABF2DE9F0419CB040F26E
:109DD0001C35C2F200052878012821D1AF8AB7F5D9
:109DE000807F21D340F2F814C2F20004206840F2D0
:109DF00003312980A0B1687B03220021CDE9002036
:109E00004EF60B220291C0F6000204A86021032343
:109E1000039704F03BF8012802DB216804A8884777
:109E20001CB0BDE8F08100BF47F63C36C7F5807135
:109E3000C2F20006F01989B200F0EEFEA98A48B11C
:109E40000844A882FDF7CEFD0530A8601CB0BDE82F
:109E5000F08100BF41B3AC68FDF7C4FD001B23D403
:109E6000B5F81480B8F1040F42D840F2F814C2F2E9
:109E700000042168687B052200296A7000F0F880E0
:109E80002978002202924EF60B22CDE90010C0F68E
:109E9000000204A860210523CDF80C8003F0F6FF32
:109EA000012880F2E280E3E06C68FDF79BFD001B77
:109EB000B6D440F2F814C2F20004206840F2034124
:109EC00000282980ACD0687B03222F8A0021CDE9AD
:109ED00000204EF60B220291C0F6000204A8602179
:109EE0000423039703F0D2FF012896DA98E700BF16
:109EF000A8F102014FF6FE724AF201001FFA81FC3E
:109F000001EA0203B11E4FF6FF7200BF11F8024FC3
:109F1000624080EA5204D70708BF540880EA54021E
:109F2000E70708BF620880EA5207D40708BF57084E
:109F300080EA5702FC0708BF7A0880EA5207D40774
:109F400008BF570880EA5702FC0708BF7A0880EA72
:109F50005207D40708BF5708FC0780EA57024C781D
:109F600008BF7A08624080EA5207D40708BF570842
:109F700080EA5702FC0708BF7A0880EA5207D40734
:109F800008BF570880EA5702FC0708BF7A0880EA32
:109F90005207D40708BF570880EA5702FC0708BFDA
:109FA0007A0880EA5207D40708BF570880EA5702A8
:109FB000FC0708BF7A08023BA8D15FEACC7329D01E
:109FC0008978514080EA5102CB0708BF4A0880EAED
:109FD0005201D30708BF510880EA5102CB0708BFDE
:109FE0004A0880EA5201D30708BF510880EA5102AB
:109FF000CB0708BF4A0880EA5201D30708BF5108BF
:10A0000080EA5103CA0708BF4B0880EA5302D80709
:10A0100008BF5A0808EB060030F8020C904209D13C
:10A020002C7B012C68D0032C28D0022C6ED104206C
:10A0300063E000BF40F2F814C2F200042168687BBC
:10A0400006226A70A1B12978002202924EF60B22F4
:10A05000CDE90010C0F6000204A860210623CDF867
:10A060000C8003F013FF012802DB216804A8884755
:10A07000032028701CB0BDE8F08100BF687B102170
:10A080004246FFF7F7FA0028F2D1B8F1080F16D1CF
:10A090007078102813D147F63C20C2F20000B17846
:10A0A000827891420BD1F178C278914207D131790F
:10A0B0000279914203D171794079814221D040F2F5
:10A0C000F814C2F200042168687B082200296A7033
:10A0D000CED02978102202924EF60B22CDE9001044
:10A0E000C0F6000204A860210823CDF80C8003F01C
:10A0F000CDFE0128B9DABBE7032000F097FB00286A
:10A10000B6D1022028701CB0BDE8F08140F2F816EC
:10A11000C2F200063168687B092200296A70A7D064
:10A120002978002202924EF60B22CDE90010C0F6EB
:10A13000000204A860210923039403F0A7FE01286C
:10A1400096DB316892E70000B0B58CB00C46109DEC
:10A15000CDE90023042102222346029500F0B6F93E
:10A1600010B10CB0B0BD00BF40F21C34C2F200040C
:10A170002578012D05D100BFFFF726FE2578012D9A
:10A18000FAD00020C4E90300C4E905002080606023
:10A19000A06004AC2046202100F03EFD0028F9D14B
:10A1A000A81E18BF01200CB0B0BD000080B584B05F
:10A1B0008C46DDF818E0CDE9002303210122634637
:10A1C000CDF808E000F082F904B080BD80B584B01D
:10A1D0008C46DDF818E0CDE9002304210222634615
:10A1E000CDF808E000F072F904B080BD2DE9F04F21
:10A1F0009DB0002A00F01881A3F17C074FF6857905
:10A20000BFB24F45C0F0108147F63C2EC2F2000E9F
:10A210001024269F8EF801400C0A8EF802405C1E26
:10A2200000254FEA430A032C03F0030804978EF835
:10A2300000008EF803108EF804508EF805308EF86A
:10A2400006A023D3F82404EA430B002417197E78D0
:10A250000EEB040C8CF80760165D08348CF808606F
:10A26000FE78A3458CF80960BE7805F104058CF8EA
:10A270000A607E798CF80B603E798CF80C60FE7970
:10A280008CF80D60BE798CF80E60DFD1B8F1000F4C
:10A2900022D002EB45077F780EEB4506F77112F8E6
:10A2A0001570B8F1010F377216D06F1C02EB47061C
:10A2B00076780EEB4704E67112F81770B8F1020FCA
:10A2C000277209D0AF1C02EB470676780EEB4705E4
:10A2D000EE7112F817202A721FFA8AF202F10708AB
:10A2E0000AF106024AF201051FFA82FCAEF10202EF
:10A2F00009F17A0412F8026F6640B4B285EA540795
:10A30000F60708BF670885EA5704FE0708BF7C0800
:10A3100085EA5406E70708BF660885EA5604F7078A
:10A3200008BF740885EA5406E70708BF660885EA8F
:10A330005604F70708BF740885EA5406E70708BF04
:10A340006608F70785EA5604577808BF74087C400A
:10A3500085EA5406E70708BF660885EA5604F7074A
:10A3600008BF740885EA5406E70708BF660885EA4F
:10A370005604F70708BF740885EA5406E70708BFC4
:10A38000660885EA5604F70708BF740885EA54068C
:10A39000E70708BF660885EA5604F70708BF740890
:10A3A000BCF1020CA6D19278624097B285EA5706BA
:10A3B000D20708BF7E0885EA5602F70708BF720871
:10A3C00085EA5207D60708BF570885EA5702FE07F5
:10A3D00008BF7A0885EA5207D60708BF570885EAFA
:10A3E0005702FE0708BF7A0885EA5207D60708BF5A
:10A3F000570885EA5702FE0708BF7A082EF808209A
:10A4000040F21C32C2F2000203275073D181138242
:10A4100000230AF109000499177380B293611DB0FB
:10A42000BDE8F04F00F0B2B940F2F814C2F20004F7
:10A43000226840F21C31C2F2000101274F70A2B124
:10A440000978102202924EF60B22CDE90010C0F6D8
:10A45000000205A860211F460123039703F016FDA3
:10A46000012802DB216805A8884701201DB0BDE84E
:10A47000F08F0000B0B58AB00E9D0095FFF7B6FED4
:10A4800010B10AB0B0BD00BF40F21C34C2F20004EB
:10A490002578012D05D100BFFFF796FC2578012D09
:10A4A000FAD00020C4E90300C4E905002080606000
:10A4B000A06002AC2046202100F0AEFB0028F9D1BC
:10A4C000A81E18BF01200AB0B0BD00002DE9F04F52
:10A4D0009DB0DDE926EA8C46BAF1000F00F032812A
:10A4E000AEF17E0111F17E0F40F22C8147F63C2B3C
:10A4F000C2F2000B1E0A28998BF8026000268BF826
:10A5000004604FF6FF7680EA06074AF2010686EA03
:10A510005704FD078BF800008BF801C08BF803305F
:10A520008BF805E008BF7C0886EA5405E70708BFFA
:10A53000650886EA5504EF0708BF6C0886EA5405EB
:10A54000E70708BF650886EA5504EF0708BF6C08EF
:10A5500086EA5405E70708BF650886EA5504EF0751
:10A5600008BF6C0886EA5405E70708BF650885EA56
:10A570000C0786EA5705FC0708BF7D0886EA5507E1
:10A58000EC0708BF6F0886EA5705FC0708BF7D087F
:10A5900086EA5507EC0708BF6F0886EA5705FC07EF
:10A5A00008BF7D0886EA5507EC0708BF6F0886EAF2
:10A5B0005705FC0708BF7D0886EA5507EC0708BF6A
:10A5C0006F0887EA132786EA5705FC0708BF7D084E
:10A5D00086EA5507EC0708BF6F0886EA5705FC07AF
:10A5E00008BF7D0886EA5507EC0708BF6F0886EAB2
:10A5F0005705FC0708BF7D0886EA5507EC0708BF2A
:10A600006F0886EA5705FC0708BF7D0886EA5507EC
:10A610005FFA83F9EC0708BF6F0887EA090786EA43
:10A620005705FC0708BF7D0886EA5507EC0708BFF9
:10A630006F0886EA5705FC0708BF7D0886EA5507BC
:10A64000EC0708BF6F0886EA5705FC0708BF7D08BE
:10A6500086EA5507EC0708BF6F0886EA5705FC072E
:10A6600008BF7D0886EA5507EC0708BF6F0886EA31
:10A670005705FC0708BF7D0886EA5507EC0708BFA9
:10A680006F0886EA5705FC0708BF7D0886EA55076C
:10A69000EC0708BF6F0886EA5705FC0708BF7D086E
:10A6A00086EA5507EC0708BF6F0886EA5705FC07DE
:10A6B00008BF7D0886EA55075FFA8EF8EC0708BFE9
:10A6C0006F0887EA080786EA5705FC0708BF7D0878
:10A6D00086EA5507EC0708BF6F0886EA5705FC07AE
:10A6E00008BF7D0886EA5507EC0708BF6F0886EAB1
:10A6F0005705FC0708BF7D0886EA5507EC0708BF29
:10A700006F0886EA5705FC0708BF7D0886EA5507EB
:10A71000EE0708BF6F088BF806703F0A8BF80770CA
:10A7200040F21C37C2F200073A737873FB81A7F836
:10A7300010E00820C7F818A01DB0BDE8F04F00F0E9
:10A7400025B800BF40F2F814C2F20004226840F2BB
:10A750001C31C2F2000101234B709AB109784EF608
:10A760000B22CDE90010C0F6000205A86021CDF84B
:10A7700008C0CDF80CE003F089FB012802DB21685A
:10A7800005A8884701201DB0BDE8F08FF0B59DB049
:10A7900040F21C37C2F200073A78012A02D10220A7
:10A7A0001DB0F0BD0C46054605AE00BF3046202169
:10A7B00000F032FA0028F9D147F63C26C2F2000632
:10A7C00030462946224600F02DFA08B340F2F8142C
:10A7D000C2F20004206840F203213980A8B1307829
:10A7E00071780322CDE900204EF60B22002702915A
:10A7F000C0F6000205A860210223039703F046FB80
:10A80000012802DB216805A8884701201DB0F0BDA2
:10A8100000207D82B882FDF7E5F801462144002042
:10A8200079600121B86039801DB0F0BDF0B59DB0F0
:10A8300040F21C36C2F20006B269B48A717B002A6B
:10A84000054618BF042C19D840F2F817C2F20007C9
:10A8500038680522727070B130784EF60B228DE8A0
:10A860002300C0F6000205A860210523039403F02D
:10A870000DFB012840DA01201DB0F0BD0846294635
:10A880002246FEF7F7FE0028F5D1338A052000EBBB
:10A89000430080B2844215D147F63C30C2F200003A
:10A8A0004178A9420ED15900827801F0FE0191420F
:10A8B00008D1002B6ED0B169042B03F0030C21D218
:10A8C000002342E040F2F817C2F200073968707BBB
:10A8D000082200297270CED031784EF60B22CDE9D5
:10A8E00000100295C0F6000205A860210823039419
:10A8F00003F0CCFA0128BEDB396805A8884701209F
:10A900001DB0F0BD6FF0060707EA430600250023DF
:10A910004719B7F803404A1924BA240C4C53B7F826
:10A920000540083524BA240C5480B7F80740AE42DD
:10A9300024BA4FEA14449480B7F8097003F1040371
:10A940003FBA4FEA1747D780E2D1BCF1000F21D0C0
:10A9500000EB4302B2F80320BCF1010F12BA4FEA38
:10A96000124221F8132015D05A1C00EB4207B7F809
:10A970000370BCF1020F3FBA4FEA174721F812707B
:10A9800008D09A1C00EB4200B0F8030000BA000C9B
:10A9900021F8120000201DB0F0BD0000002804BF07
:10A9A0000120704710B50446FDF71CF82168401AD5
:10A9B000C043C00F10BD0000002808BF704770B52D
:10A9C0000D460121144601710646FDF70BF8284497
:10A9D00030607471BDE87040704700000246002886
:10A9E0004FF0FF3018BF002900D17047B1F5FF6F5D
:10A9F00084BF6FF00100704770B586B00E461546F3
:10AA0000F7F702FB41F65834C2F200042168002037
:10AA100003900290002904BF46F20001C0F6030132
:10AA200001200491059002A801A9F7F7DFF918B1F8
:10AA30006FF0020036E000BF206846F20004C0F666
:10AA4000030445F65A22002818BF0446CAF2A5524C
:10AA5000022021460023F7F74BFA18B16FF00300EC
:10AA600020E000BF033640F6FC7006EA0002211D1C
:10AA700002200023F7F73CFA10B16FF0040011E058
:10AA80000834B60855F8042B022021460023F7F7B6
:10AA90002FFA28B90434013E4FF00000F2D101E052
:10AAA0006FF005000446F7F719FA204606B0BDE836
:10AAB0007040704741F6CC10C2F200000068B0F15F
:10AAC000804F1CBF0120704710B541F6CC14C2F274
:10AAD000000420460421F9F7C1FA00284FF00100D4
:10AAE00018BF10BD47F63C41C2F200010870216852
:10AAF0000020886310BD000070B547F63C45C2F2E7
:10AB0000000541F6CC112A78C2F200010968BAB9F1
:10AB1000B1F1804F1CBF012070BD41F6CC14C2F2D0
:10AB20000004064620460421F9F798FA00284FF061
:10AB3000010018BF70BD216828700020886330466E
:10AB4000CA6A642828BF6420504348F21F52C5F2E5
:10AB5000EB12A0FB020250098863002070BD0000C8
:10AB600080B5002002F01CF940F60040C4F201005C
:10AB70004FF480510022BDE88040F7F757BB00003A
:10AB80000A460146002002F05DB800002DE9F041C0
:10AB90004FF0000678B30F4669B340F60048C4F2A0
:10ABA00001081446054640464FF480510122012613
:10ABB000F7F73CFB002029463A46234602F07CF892
:10ABC00098B9F7F739FB41F614260546C2F200069C
:10ABD00030680068400607D4F7F72EFB401BA04200
:10ABE000F6D3012601E000BF002640464FF4805115
:10ABF0000022F7F71BFB3046BDE8F08180B501204D
:10AC000002F0CEF840F60000C4F20100102100224C
:10AC1000BDE88040F7F70ABB0A460146012002F072
:10AC200011B800002DE9F0414FF0000670B30F4657
:10AC300061B340F60008C4F20108144605464046D8
:10AC4000102101220126F7F7F1FA012029463A46A0
:10AC5000234602F031F8A0B9F7F7EEFA41F65C2688
:10AC60000546C2F2000600BF30680068400607D4FF
:10AC7000F7F7E2FA401BA042F6D3012601E000BF3D
:10AC80000026404610210022F7F7D0FA3046BDE8F2
:10AC9000F0810000002804BF012070472DE9F04337
:10ACA00081B004468120FDF743FC45B2002D00F140
:10ACB00087808320FDF73CFC00F07F088520FDF7AE
:10ACC00037FC00F03F098720FDF732FC00F03F061B
:10ACD0008920FDF72DFC00F01F078D20FDF728FCD3
:10ACE000E9B20909A1EB810105EB41034FEA181113
:10ACF000A1EB810108EB410C4FEA1911A1EB810195
:10AD000009EB410E3109A1EB810106EB41013E093E
:10AD1000A6EB860607EB46070609A6EB860600EBC0
:10AD20004600C0B24FF4FA66452888BF40F26C7600
:10AD30003518A5F6340616F1820FA37184F805C004
:10AD400084F804E0E170A770258039D3A7F10D06DF
:10AD5000F6B2F42E34D34EF6A416C0F600063E44E6
:10AD600016F8012C022F18D145F629476F43BDB2C2
:10AD7000AC0844EA8734A4B22D091D2645EA0737FA
:10AD8000B4F5247F38BF1646BFB2800718BF1646F9
:10AD90001D25A32F98BF2E463246D8B23B280FD888
:10ADA000481ED1B2C0B288420AD2BEF1170F07D8EE
:10ADB0005FFA8CF03C2803D2002001B0BDE8F0839C
:10ADC000012001B0BDE8F083F0B589B0002441F264
:10ADD0001800CDE90344CDE90144C4F20200016842
:10ADE00041F2000541F0100101600068C4F2010564
:10ADF00000F01000059005984FF4204001900126C6
:10AE0000022701A9284602960497F7F715F9284664
:10AE10004FF400510022F7F709FA28464FF4004199
:10AE20000022F7F703FA4FF48040CDE9050605A9A3
:10AE30002846CDE90747F7F7FFF828464FF4804149
:10AE40000022F7F7F3F928464FF400510022F7F7F4
:10AE5000EDF928464FF400410122F7F7E7F98E207B
:10AE6000FDF710FC0020FDF70DFC28464FF40041D3
:10AE70000022F7F7DBF905A8FFF70CFF68B14FF4E4
:10AE8000FD60ADF8040040F20110CDF8060001A805
:10AE90008DF80A4000F004F80446204609B0F0BDE1
:10AEA00068B101884FF67E73A1F6340292B29A42DD
:10AEB00005D38278A2F10D0313F10C0F02D2012009
:10AEC000704700BF2DE9F04381B04EF6A413C0F6E1
:10AED0000003134413F8014C022A18D145F6294304
:10AEE0004B439EB2B50845EA8335ADB236091D27FE
:10AEF00046EA0333B5F5247F38BF27469BB28D075A
:10AF000018BF27461D26A32B98BF37463C46C3785B
:10AF1000E7B25E1EF6B2BE4208D20779172F05D8F7
:10AF200047793B2F02D887793B2F03D9012001B005
:10AF3000BDE8F083032A38BF42F00C0202EB42075F
:10AF400043F2343607F10307C3F23336A7FB067624
:10AF50004FEA910741F27B4505FB07F74FEA574758
:10AF60004FF0640402F07F0207FB141838BF013968
:10AF70008FB203EB42021144BB08F2B26B433E09AD
:10AF800040F63E2501EB97016E43A1EB534101EBE7
:10AF90001641114401318AB242F293435A43A1EB64
:10AFA00012439BB25B0803EB12429208A2EBC2026F
:10AFB0008F1841F200043904C4F201040646204609
:10AFC0004FF400514FF0000208BF0727F7F72EF9A2
:10AFD00020464FF400410122F7F728F98E20FDF7B3
:10AFE00051FB0020FDF74EFB20464FF400410022AC
:10AFF000F7F71CF9B0794FF0CD0900FB09F1C90A48
:10B0000001EB410100EB410000F07F0520464FF4C9
:10B0100000510022F7F70AF920464FF400410122BF
:10B02000F7F704F98020FDF72DFB2846FDF72AFBF2
:10B0300020464FF400410022F7F7F8F8707900221B
:10B0400000FB09F1C90A01EB410100EB4105204673
:10B050004FF40051F7F7EAF820464FF4004101227F
:10B06000F7F7E4F88220FDF70DFBE8B2FDF70AFBE5
:10B0700020464FF400410022F7F7D8F8307900223B
:10B0800000FB09F1C90A01EB410100EB4105204633
:10B090004FF40051F7F7CAF820464FF4004101225F
:10B0A000F7F7C4F88420FDF7EDFAE8B2FDF7EAFA05
:10B0B00020464FF400410022F7F7B8F8F07800225C
:10B0C00000FB09F1C90A01EB410100EB41052046F3
:10B0D0004FF40051F7F7AAF820464FF4004101223F
:10B0E000F7F7A4F88620FDF7CDFAE8B2FDF7CAFA23
:10B0F00020464FF400410022F7F798F8B07800227C
:10B1000000FB09F1C90A01EB410100EB41052046B2
:10B110004FF40051F7F78AF820464FF4004101221E
:10B12000F7F784F88820FDF7ADFAE8B2FDF7AAFA40
:10B1300020464FF400410022F7F778F820464FF4FC
:10B1400000510022F7F772F820464FF40041012227
:10B15000F7F76CF88A20FDF795FAF8B2FDF792FA46
:10B1600020464FF400410022F7F760F81FFA88F0FC
:10B1700067214843800A00EB400008EB4005204669
:10B180004FF400510022F7F751F820464FF40041E8
:10B190000122F7F74BF88C20FDF774FAE8B2FDF7BF
:10B1A00071FA20464FF400410022F7F73FF820469D
:10B1B0004FF400510022F7F739F820464FF40041D0
:10B1C0000122F7F733F88E20FDF75CFA8020FDF7B7
:10B1D00059FA20464FF400410022F7F727F80020E3
:10B1E00001B0BDE8F0830000F0B581B047F63D4501
:10B1F000C2F2000541F6CC112A78C2F200010968BA
:10B2000082B1CA6A642828BF6420504348F21F52A2
:10B21000C5F2EB12A0FB020250094863002001B006
:10B22000F0BD00BFB1F1804F02D0012001B0F0BDF0
:10B2300041F6CC14C2F20004064620460021002745
:10B24000F8F70CFF00284FF00100E8D121682870C2
:10B2500030464F63D5E70000F0B5A5B06420FFF796
:10B26000C3FF6420F6F7AEFD11AC20465021F4F781
:10B27000A2FF002601AD00BF2846F6F7FDF858BB37
:10B28000BDF80A0006282BD1BDF8160005282BD1E1
:10B29000BDF80C00F5F751FAA0510A20F6F792FD1F
:10B2A0000436502EE8D141F2F425C2F2000511AC6B
:10B2B00046F266622B1DC3F666722046142100F02A
:10B2C000ABFC28606420F6F77DFD01A8F6F786FC4C
:10B2D00070B100260FE000BF212025B0F0BD00BFF7
:10B2E000222025B0F0BD00BF232025B0F0BD00BF57
:10B2F0000198012611901E20F6F764FD01A8F6F7CB
:10B300006DFC18B9019844F8260001361E20F6F7A6
:10B3100059FD01A8F6F762FC18B9019844F8260017
:10B3200001361E20F6F74EFD01A8F6F757FC18B9B6
:10B33000019844F8260001361E20F6F743FD01A8C7
:10B34000F6F74CFC18B9019844F8260001361E2087
:10B35000F6F738FD01A8F6F741FC18B9019844F852
:10B36000260001361E20F6F72DFD01A8F6F736FC63
:10B3700018B9019844F8260001361E20F6F722FD80
:10B3800001A8F6F72BFC18B9019844F826000136FD
:10B390001E20F6F717FD01A8F6F720FC18B9019852
:10B3A00044F8260001361E20F6F70CFD01A8F6F73A
:10B3B00015FC18B9019844F8260001361E20F6F74E
:10B3C00001FD01A8F6F70AFC18B9019844F8260017
:10B3D00001361E20F6F7F6FC01A8F6F7FFFB18B9B8
:10B3E000019844F8260001361E20F6F7EBFC01A870
:10B3F000F6F7F4FB18B9019844F8260001361E2030
:10B40000F6F7E0FC01A8F6F7E9FB18B9019844F853
:10B41000260001361E20F6F7D5FC01A8F6F7DEFB64
:10B4200018B9019844F8260001361E20F6F7CAFC28
:10B4300001A8F6F7D3FB18B9019844F826000136A5
:10B440001E20F6F7BFFC01A8F6F7C8FB18B9019853
:10B4500044F8260001361E20F6F7B4FC01A8F6F7E2
:10B46000BDFB18B9019844F8260001361E20F6F7F6
:10B47000A9FC01A8F6F7B2FB18B9019844F8260018
:10B4800001361E20F6F79EFC01A8F6F7A7FB28B3AD
:10B490001E20F6F797FC4EBB4EF65850C0F6000043
:10B4A000D0E9064C90E88E00D0E90465008C079442
:10B4B00001AC0DF1040EADF8240020468EE88E009C
:10B4C000CDE90565CDF820C0F4F780FE81B22046B5
:10B4D00001F078FF502025B0F0BD00BF0198771C27
:10B4E00044F826001E20F6F76DFC3E4646F26662E2
:10B4F000F1B205F12803C3F66672204600F08CFB1A
:10B5000068626420F6F75EFC0027002607E000BFB3
:10B510001E20F6F757FC132F07F101070ED2F5F79F
:10B5200053FC008840BAB0F57A7FF1D3F5F705F9FE
:10B53000F1B2013644F82100EAE700BF30060BD033
:10B5400046F26662F1B205F1100311A8C3F6667205
:10B5500000F062FB01E000BF0020E8606420F6F725
:10B5600031FC01A8F5F77AFB10B1002603E000BF1B
:10B570000198012611901E20F6F724FC01A8F5F78A
:10B580006DFB18B9019844F8260001361E20F6F725
:10B5900019FC01A8F5F762FB18B9019844F82600D8
:10B5A00001361E20F6F70EFC01A8F5F757FB18B977
:10B5B000019844F8260001361E20F6F703FC01A886
:10B5C000F5F74CFB18B9019844F8260001361E2007
:10B5D000F6F7F8FB01A8F5F741FB18B9019844F814
:10B5E000260001361E20F6F7EDFB01A8F5F736FB25
:10B5F00018B9019844F8260001361E20F6F7E2FB40
:10B6000001A8F5F72BFB18B9019844F8260001367C
:10B610001E20F6F7D7FB01A8F5F720FB18B9019813
:10B6200044F8260001361E20F6F7CCFB01A8F5F7FA
:10B6300015FB18B9019844F8260001361E20F6F7CC
:10B64000C1FB01A8F5F70AFB18B9019844F82600D8
:10B6500001361E20F6F7B6FB01A8F5F7FFFA18B978
:10B66000019844F8260001361E20F6F7ABFB01A82E
:10B67000F5F7F4FA18B9019844F8260001361E20AF
:10B68000F6F7A0FB01A8F5F7E9FA18B9019844F814
:10B69000260001361E20F6F795FB01A8F5F7DEFA25
:10B6A00018B9019844F8260001361E20F6F78AFBE7
:10B6B00001A8F5F7D3FA18B9019844F82600013625
:10B6C0001E20F6F77FFB01A8F5F7C8FA18B9019814
:10B6D00044F8260001361E20F6F774FB01A8F5F7A2
:10B6E000BDFA18B9019844F8260001361E20F6F775
:10B6F00069FB01A8F5F7B2FA18B9019844F82600D9
:10B7000001361E20F6F75EFB01A8F5F7A7FAF8B19F
:10B710001E20F6F757FB1EBB1A480DF1080C0190CE
:10B7200018A0071DD0E90565D0E907408ECFCDE907
:10B73000084001AC20468CE88E00CDE90665F4F7A0
:10B7400045FD81B2204601F03DFE412025B0F0BD0F
:10B750000198771C44F826001E20F6F733FB3E467E
:10B7600046F26662F1B205F11C0311A8C3F66672D7
:10B7700000F052FAA8610020FFF736FD002025B046
:10B78000F0BD00BF4661696C656420746F2072650E
:10B790006164204332483220636F6E63656E747259
:10B7A0006174696F6E0D0A002DE9F04FADB01E2077
:10B7B000FFF7A2F96420F6F705FB1F20FFF79CF9BD
:10B7C0006420F6F7FFFA2020FFF796F96420F6F7D9
:10B7D000F9FA2120FFF790F96420F6F7F3FA222016
:10B7E000FFF78AF96420F6F7EDFA2320FFF784F9D2
:10B7F0006420F6F7E7FA2420FFF77EF96420F6F7D5
:10B80000E1FA2520FFF778F96420F6F7DBFA262025
:10B81000FFF772F96420F6F7D5FA2720FFF76CF9E5
:10B820006420F6F7CFFA2820FFF766F96420F6F7D0
:10B83000C9FA2920FFF760F96420F6F7C3FA2A2035
:10B84000FFF75AF96420F6F7BDFA2B20FFF754F9F9
:10B850006420F6F7B7FA2C20FFF74EF96420F6F7CC
:10B86000B1FA2D20FFF748F96420F6F7ABFA2E2045
:10B87000FFF742F96420F6F7A5FA2F20FFF73CF90D
:10B880006420F6F79FFA3020FFF736F96420F6F7C8
:10B8900099FA3120FFF730F96420F6F793FA322055
:10B8A000FFF72AF96420F6F78DFA3320FFF724F921
:10B8B0006420F6F787FA3420FFF71EF96420F6F7C4
:10B8C00081FA3520FFF718F96420F6F77BFA362065
:10B8D000FFF712F96420F6F775FA3720FFF70CF935
:10B8E0006420F6F76FFA3820FFF706F96420F6F7C0
:10B8F00069FA3920FFF700F96420F6F763FA3A2075
:10B90000FFF7FAF86420F6F75DFA3B20FFF7F4F84A
:10B910006420F6F757FA41F65830F6F753FA00204C
:10B92000FFF7EAF8F5F78CFD10B1102479E000BFBD
:10B930003220F6F747FAF5F7E9FFB8B1924808ACBC
:10B94000089091A0071D4669008B8ECF0DF1240C45
:10B95000ADF8380020468CE88E000D96F4F736FCE2
:10B9600081B2204601F02EFD11245AE03220F6F774
:10B9700029FA08A804304C21F4F71DFC28A8F5F793
:10B980007BFD08B121244CE0BDF8A600062845D176
:10B99000BDF8B200052843D1BDF8A800F4F7CDFEEC
:10B9A00008900A20F6F70EFA41F2F426C2F20006D9
:10B9B00046F26662331D08A8C3F66672012100F0E4
:10B9C0002BF9344644F8240B6420F6F7FBF92046A3
:10B9D000F6F704F9B0B34EF65850C0F60000D0E9BF
:10B9E000064C90E88E00D0E90465008C0E9408ACFB
:10B9F0000DF1200EADF8400020468EE88E00CDE916
:10BA00000C65CDF83CC0F4F7E1FB81B2204601F0B3
:10BA1000D9FC502420462DB0BDE8F08F222400E050
:10BA2000232408AD5FA12846224602F049FA2846A1
:10BA3000F4F7CCFB81B2284601F0C4FC20462DB0BF
:10BA4000BDE8F08F6420F6F7BDF9F5F757F9C8B3F4
:10BA5000142101F0B7FCF5F7B7F9008844BA204685
:10BA6000F4F76BFEB4F57A7F38BF0020F0606420F5
:10BA7000F6F7A8F906F11800F5F7F0F8002843D01A
:10BA80004EF67C50C0F6000090E88E000DF1200CC0
:10BA9000D0E904658CE88E00018B807E08AC8DF8BF
:10BAA0003A002046CDE90C65ADF83810F4F78EFB6E
:10BAB00081B2204601F086FC08AD47A1284641220C
:10BAC0004124B2E74EF63C50C0F6000090E88E00EC
:10BAD0000DF1200CD0E904658CE88E00018B807E8E
:10BAE00008AC8DF83A002046CDE90C65ADF8381069
:10BAF000F4F76CFB81B2204601F064FC2024204660
:10BB00002DB0BDE8F08F00BF6420F6F75BF940F67A
:10BB10000044C4F2010420464FF480410122F6F7AC
:10BB200085FB4FF47A70F6F74DF920464FF48041CB
:10BB300000220024F6F77AFB3068F768B569D6F87A
:10BB400024A0F4F70CFE079038468946F4F707FE68
:10BB5000804628468B46F4F702FE054650460E46C0
:10BB6000F4F7FDFD0F46CDE902564EF6BF3108ADA4
:10BB7000079A0490C0F6000128464B46CDE9008B99
:10BB8000059702F09DF952E74661696C656420747F
:10BB90006F20736574204348342075636F64650DAE
:10BBA0000A0000004661696C656420746F2072654C
:10BBB00061642043483420636F6E63656E74726104
:10BBC00074696F6E2C207374617475733D307825C1
:10BBD0003032580D0A0000004661696C65642074BB
:10BBE0006F2072656164204332483220636F6E6358
:10BBF000656E74726174696F6E2C207374617475F4
:10BC0000733D3078253032580D0A000000291CBFE2
:10BC100000BA0860704700002DE9F04F89B0002895
:10BC20004FF0000B00F0C4810F46002900F0C081E6
:10BC3000A7F1010A0446BAF1030F07F00308CDE9A2
:10BC40000432CDE9060707D24FF00009002600258F
:10BC5000B8F1000F46D171E027F00300103CC0F1AD
:10BC60000009002700260025CDF820A054F8100F69
:10BC7000F4F775FD02460B4630462946F4F782FB81
:10BC80000546D4E9010BD4F80CA00E46F4F767FD85
:10BC900002460B4628463146F4F774FB05465846E3
:10BCA0000E46F4F75CFD02460B4628463146F4F793
:10BCB00069FB054650460E46F4F751FD02460B4619
:10BCC00028463146F4F75EFB043F0646B9450D466B
:10BCD000CCD10DF1180AC7F100099AE89004B8F127
:10BCE000000F2BD054F82900F4F739FD02460B461B
:10BCF00030462946F4F746FB0646B8F1010F0D46DB
:10BD00001CD004EB8909D9F80400F4F728FD024699
:10BD10000B4630462946F4F735FB0646B8F1020FCC
:10BD20000D460BD0D9F80800F4F719FD02460B4672
:10BD300030462946F4F726FB06460D463846F4F70A
:10BD400001FD02460B4630462946CDE90232F4F7A2
:10BD500032FCF4F717FD8346F4F701FD8146BAF192
:10BD6000030F07F0030A07D2002000260025BAF1CE
:10BD7000000F68D1B2E000BF27F00300CDE900BAA0
:10BD8000A4F1100840424FF0000B002600258A461F
:10BD9000089000BF58F8100FF4F7E1FC4A465346EC
:10BDA000F4F791FB02460B46F4F793FB32462B4621
:10BDB000F4F7E8FA0546D8E90106D8F80C400F4632
:10BDC000F4F7CDFC4A465346F4F77DFB02460B469A
:10BDD000F4F77FFB2A463B46F4F7D4FA0546304693
:10BDE0000F46F4F7BCFC4A465346F4F76CFB024698
:10BDF0000B46F4F76EFB2A463B46F4F7C3FA0546BA
:10BE000020460E46F4F7ABFC4A465346F4F75BFB7C
:10BE100002460B46F4F75DFB2A463346F4F7B2FAC6
:10BE200006460898ABF1040B58450D46B2D1CBF14C
:10BE30000000DDE90647DDF800B05146DDF804A05A
:10BE4000BAF1000F4AD0019054F820008846F4F768
:10BE500086FC4A464346CDF80090CDF82080F4F7A2
:10BE600032FB02460B46F4F734FB32462B46F4F71E
:10BE700089FA0646BAF1010F0D462FD00198CDF888
:10BE800004A004EB8008D8F80400F4F768FCDDF89F
:10BE90000090DDF820A04A465346F4F714FB024612
:10BEA0000B46F4F716FB32462B46F4F76BFA0646C0
:10BEB00001980D46022811D0D8F80800F4F74FFC7D
:10BEC0004A465346F4F7FFFA02460B46F4F701FBE5
:10BED00032462B46F4F756FA06460D46DDE90232A5
:10BEE00030462946F4F767FB02F097FCF4F74AFC6A
:10BEF000049E8046A6B12BF0004528464FF05051D5
:10BF0000F4F7F2FB002808BF4FF07E554046294663
:10BF1000F4F7FAF930602046394600F04DF87060C9
:10BF20002046394600F068FA0599F4F7CFFB00285F
:10BF30003ED140464FF05051F4F7ACFBC0BB4046F9
:10BF40004146F4F757F981464FF000084FF0000AD8
:10BF5000002603E0013F04F1040419D02568594686
:10BF60002846F4F799F920F000404946F4F7BCFB65
:10BF70000028EFD12846F4F7F2FB02460B46504664
:10BF80003146F4F7FFF982460E4608F10108E1E771
:10BF90005FEA08400CD01FFA88F0F4F7D3FB0246A2
:10BFA0000B4650463146F4F706FBF4F7EBFB8346AD
:10BFB000584609B0BDE8F08F2DE9F04F91B0002848
:10BFC0004FF0000600F014820229C0F011824A1ED0
:10BFD000032A01F003020392CDE901100AD20020E6
:10BFE0004FF0000800270D900025CDE90E0000213C
:10BFF0000024F6E021F003011038049108904FF07E
:10C000000008002700200025002100240D90CDE924
:10C010000E0000BF1FFA88F0CDE90A640C91CDF83C
:10C020004080F4F78FFBDDF82090824659F8100F1E
:10C030003C460E46F4F793FB8B460D990746204687
:10C0400052463346F4F79EF907910E990990284617
:10C050003A465B46F4F796F9CDE90510504631466D
:10C060003A465B46F4F735FADDE90A32F4F78AF925
:10C0700005460E915046314652463346F4F729FAAA
:10C080000F9A0C9BF4F77EF9CDE90C101098013053
:10C0900080B2F4F757FB06460F46D9E90104D9F8F8
:10C0A0000C10CDF820900F91F4F759FB804689468B
:10C0B0000998079932463B46F4F764F982468B4665
:10C0C000DDE9051042464B46F4F75CF9CDE909106D
:10C0D0003046394642464B46F4F7FBF90E9B2A465A
:10C0E000F4F750F90E900B913046394632463B46F4
:10C0F000F4F7EFF9DDE90C32F4F744F9CDE90C106F
:10C100001098023080B2F4F71DFB0746204688469F
:10C11000F4F725FB81460C46504659463A464346BD
:10C12000F4F730F906468A46DDE909104A46234607
:10C13000F4F728F983460D46384641464A462346D9
:10C14000F4F7C7F90E9A0B9BF4F71CF90A900791C4
:10C15000384641463A464346F4F7BBF9DDE90C322E
:10C16000F4F710F9CDE90B101098033080B2F4F712
:10C17000E9FA07460F988846F4F7F1FA044689462B
:10C1800030465146DDF840A03A464346F4F7FAF807
:10C1900009900D915846294622464B46F4F7F2F88D
:10C1A00005460E913846414622464B46F4F791F932
:10C1B0000A9A079BF4F7E6F804460E4638464146CD
:10C1C0003A464346099FF4F784F9DDE90B32F4F768
:10C1D000D9F80F9004980AF1040AD04650457FF42C
:10C1E00019AFDDF80C90DDF834B0BA46B9F1000FA4
:10C1F0001095CDE90B410A9600F0BF801FFA88F038
:10C20000F4F7A0FA044602980D4650F82800F4F717
:10C21000A6FA06460F465046594622462B46F4F7E4
:10C22000B1F809900D9110980E9932463B46F4F7FB
:10C23000A9F883460E912046294632463B46F4F73C
:10C2400048F9DDE90A32F4F79DF806460F46204624
:10C25000294622462B46F4F73CF90F9A0C9BF4F73B
:10C2600091F8B9F1010F89460F900B960AD1CDF8DC
:10C2700040B0DDF834B0DDF824A0CDF830900A9756
:10C280007BE000BF08F10105A8B2F4F75BFA0446B1
:10C29000029850F825000D46F4F761FA0646BA46B2
:10C2A0000F4609980D9922462B46F4F76BF80D912D
:10C2B0000E990990584632463B46F4F763F8834698
:10C2C0000E912046294632463B46F4F702F90B9A76
:10C2D0005346F4F757F806460F46204629462246AD
:10C2E0002B46F4F7F6F80F9A4B46F4F74BF80F90FD
:10C2F00003980C91022809D1CDF840B0DDF834B094
:10C30000DDF824A0CDE90A7637E000BF08F1020588
:10C31000A8B2F4F717FA0446029850F825000D4623
:10C32000F4F71DFAB0460646894609980D9922464B
:10C330002B46F4F727F8824658468B460E9932462C
:10C340004B46F4F71FF810900E91204629463246CE
:10C350004B46F4F7BEF842463B46F4F713F8CDE9F6
:10C360000A102046294622462B46F4F7B2F80F9AC7
:10C370000C9BF4F707F80F900C910198DDF83890BA
:10C38000F4F7E0F980460D465046594652465B4662
:10C39000F4F79FF80F9A0C9B04460E464046294638
:10C3A000F4F797F822463346F4F78DF800224FF061
:10C3B0007A5307460C460026F4F7A4F9C0B9109A40
:10C3C000504659464B46F4F784F8DDE90A320646F2
:10C3D000894640462946F4F77CF832464B46F4F746
:10C3E00072F83A462346F4F7E6F8F4F7CBF9064636
:10C3F000304611B0BDE8F08F2DE9F04F89B081468D
:10C4000000284FF0000000F05E818846002900F00F
:10C410005A81A8F1010ABAF1030F08F00307CDF819
:10C42000109005D2002400260025002F47D16EE091
:10C4300028F00300CDE9077AA9F11004C0F1000A41
:10C440004FF000090026002554F8100FF4F787F983
:10C4500002460B4630462946F3F794FF04F1040BDD
:10C4600005469BE881080E46F4F779F902460B462B
:10C4700028463146F3F786FF054638460E46F4F760
:10C480006EF902460B4628463146F3F77BFF054618
:10C4900058460E46F4F763F902460B4628463146E5
:10C4A000F3F770FFA9F104090646CA450D46CBD142
:10C4B000C9F10004DDF81090DDE9077A3FB359F8BF
:10C4C0002400F4F74CF902460B4630462946F3F7B0
:10C4D00059FF0646012F0D4619D009EB8404606808
:10C4E000F4F73DF902460B4630462946F3F74AFF7A
:10C4F0000646022F0D460AD0A068F4F730F902462E
:10C500000B4630462946F3F73DFF06460D464046AA
:10C51000F4F718F98B460246304629465B46154625
:10C52000F4F749F8F4F72EF90446F4F718F9BAF1DC
:10C53000030F08F0030ACDE90710CDE9024509D23F
:10C54000DDE90784002500270026BAF1000F68D135
:10C55000A3E000BF28F00300DDE90784CDE900ABCC
:10C56000A9F1100A40424FF0000B00270026059069
:10C570005AF8100FF4F7F3F822464346F3F7A3FFF7
:10C5800002460B46F3F7A5FF3A463346F3F7FAFEA9
:10C5900080468946DAE90107DAF80C100691F4F7CB
:10C5A000DEF8DDE90732F3F78EFF02460B46F3F7BC
:10C5B00090FF4246DDE907844B46F3F7E3FE05466C
:10C5C00038460E46F4F7CBF822464346F3F77BFF96
:10C5D00002460B46F3F77DFF2A463346F3F7D2FEB9
:10C5E000054606980E46F4F7BAF822464346F3F796
:10C5F0006AFF02460B46F3F76CFF2A463346F3F711
:10C60000C1FE07460598ABF1040B58450E46AFD165
:10C61000CBF10005DDF81090DDE900ABBAF1000FB9
:10C620003BD059F82500F4F79AF822464346F3F731
:10C630004AFF02460B46F3F74CFF3A463346F3F700
:10C64000A1FE0746BAF1010F0E4626D009EB85057B
:10C650006868F4F784F822464346F3F734FF02464D
:10C660000B46F3F736FF3A463346F3F78BFE0746A1
:10C67000BAF1020F0E4610D0A868F4F770F82246FF
:10C680004346F3F720FF02460B46F3F722FF3A46F4
:10C690003346F3F777FE07460E46039A384631468F
:10C6A0005B46F3F788FF02F0B8F8F4F76BF84FF049
:10C6B00050510446F3F7EEFF40B90298214620F0AE
:10C6C0000040F3F721FE09B0BDE8F08F4FF6FF7090
:10C6D000C7F67F7009B0BDE8F08F000010B586B0D6
:10C6E000F5F792FC41F65831C2F2000109680020CA
:10C6F0000390029001F50060002904BF46F6000097
:10C70000C0F6030004900920059002A801A9F5F7DE
:10C710006DFB0446002818BF6FF00204F5F7DEFB3E
:10C72000204606B010BD000010B541F65833C2F2E5
:10C7300000031B68002403F5006C002B04BF46F6C1
:10C74000000CC0F6030C00BFA646E40A082C19D85A
:10C750005EF80C40B4F1A53F0ED10EEB0C046468FA
:10C76000631C022B08D3E31C23F00303734403F17F
:10C770000804B4F5904FE7D9BEF1000F04D10020B2
:10C7800010BD00BF4FF4904E86459CBF6FF0030074
:10C7900010BDAEEB0004A24238BF14460CEB000201
:10C7A000084611462246F3F7DFFC204610BD000084
:10C7B00041F65830C2F200000068002200F5006126
:10C7C000002804BF46F60001C0F603011046D20A55
:10C7D000082A84BF4FF4904070474258B2F1A53FF9
:10C7E0000DD142185268531C022B38BF70470332D8
:10C7F00022F0030202440832B2F5904FE6D97047A6
:10C800002DE9F04F89B000284FF0FF3418BF002900
:10C8100004D1204609B0BDE8F08F00BF01F1030B41
:10C820002BF0030202F1080CBCF5904F06D96FF013
:10C830000104204609B0BDE8F08F00BF41F6583929
:10C84000C2F20009D9F8002046F6000AC0F6030A31
:10C8500002F500630026002A04BF46F60003C0F676
:10C86000030300BFF20A082A5AD8F2583446B2F13C
:10C87000A53F0DD1E2185268571C022F08D303328E
:10C8800022F00302224402F10806B6F5904FE9D9DE
:10C89000C4F59042944549D900240027002500BFE3
:10C8A000E258B2F1A53F16D1E2185268561C022E8A
:10C8B00011D3033222F0030208321619B6F5904F55
:10C8C00009D8002D08BF17460135B6F5904F3446FC
:10C8D000E6D14FF49044002D18BFB4EB070557D1B3
:10C8E0000D460746F5F790FB0020D9F8001005909B
:10C8F00004905046002918BF01F5006006900920F9
:10C90000079004A803A9F5F771FA002800F08280C7
:10C910006FF00204F5F7E2FA204609B0BDE8F08FA7
:10C920004FF49044C4F590429445B5D80D4607465F
:10C93000F5F76AFBD9F800004FF0A532002818BFC0
:10C9400000F5006A5444022021460023F5F7D0FA8E
:10C9500000286DD1211D02202A460023F5F7C8FAD0
:10C96000002876D1BBF1040FC0F0B9804FEA9B05D7
:10C97000083457F8042B022021460023F5F7B8FAB3
:10C98000002840F0A080013D04F10404F1D1A6E0AC
:10C9900005EB0C02B2F5904F16D9FA58B2F1A53F4B
:10C9A0009ED1FA185268561C022E99D3033222F0F7
:10C9B000030202F10806B54292D9AD1B05EB0C0249
:10C9C000B2F5904F3744E8D8CDE9011041F6783000
:10C9D000F918C2F200002A46F3F7C6FBF5F714FB7C
:10C9E0000020D9F80010059004905046002918BF87
:10C9F00001F5006006900920079004A803A9F5F747
:10CA0000F5F978B36FF00204F5F768FA204609B03B
:10CA1000BDE8F08FD9F800004FF0A532002818BF0C
:10CA200000F5006A022051460023F5F761FA38B19B
:10CA30006FF00304F5F752FA204609B0BDE8F08F15
:10CA40000AF1040102202A460023F5F751FA0028D2
:10CA500042D06FF00404F5F741FA204609B0BDE872
:10CA6000F08F00BFD9F8001001F5006000290746DB
:10CA700008BF5746AE0813D041F67838C2F2000816
:10CA800058F8042B022039460023F5F731FAD0B9C3
:10CA9000013E07F10407F3D1D9F8001001F5006059
:10CAA000002908BF50464419022021464FF0A53204
:10CAB0000023F5F71DFA30B9019A211D0220002349
:10CAC000F5F716FA20B36FF00504F5F707FA2046DC
:10CAD00009B0BDE8F08F00BFBBF1040F06D20024FF
:10CAE000F5F7FCF9204609B0BDE8F08F4FEA9B0648
:10CAF0000AF10805002457F8042B022029460023D8
:10CB0000F5F7F6F90028DED10435013EF3D101E74F
:10CB1000BBF1040FE3D34FEA9B0604F108050024A0
:10CB20000298294650F8042B002302900220F5F7C2
:10CB3000DFF90028C7D10435013EF1D1EAE6000053
:10CB400041F65831C2F200010968002904BF46F2DB
:10CB50000001C0F60301002804BF4FF0FF3070470A
:10CB60000A6845F65A23CAF2A5539A421CBF6FF0D1
:10CB7000010070474A68531C022B3CBF6FF0020053
:10CB8000704780B5202A28BF2022033202F07C02A1
:10CB90000831F3F7E9FA002080BD0000431F13F1CC
:10CBA000040F3CBF6FF00600704770B588B041F6C7
:10CBB0005833C2F200031B6845F65A25002B04BF08
:10CBC00046F20003C0F603031E68CAF2A555AE4242
:10CBD00005D1D3F804C00CF10106022E0AD20023BD
:10CBE000CDE90633CDE90433CDE90233CDE9003395
:10CBF00017E000BFBCF1200F28BF4FF0200C0CF154
:10CC0000030606F07C0C03F1080E6B46044618463A
:10CC10000D46714616466246F3F7A6FA29462046A7
:10CC200032466B4603EBC00040E902121846202151
:10CC3000FDF7D4FE08B070BD41F65831C2F20001D4
:10CC40000860704703284FF0000333D891B38AB3CC
:10CC5000B0B5EFF3108CEFF3108372B646F6246E86
:10CC600000EB8013C2F2000E0EEB830044883EF806
:10CC700023309C4202D1002318E000BF00F1040ED3
:10CC80004FF0FF334488CD181EF804406C70448880
:10CC90000134E4B2448044880588AC4203F10104C5
:10CCA00003D0023393422346ECD3631C8CF31088E9
:10CCB000BDE8B04098B2704700294FF0000C18BF93
:10CCC000002A01D160467047032807D84EF6680C49
:10CCD000C0F6000C5CF82000F7F7D2BB4FF0010C57
:10CCE00060467047F0B591B00446481EC1B20729AE
:10CCF0004FF0010098BF032C02D911B0F0BD00BF66
:10CD000018A050F821004EF66801C0F6000151F855
:10CD10002450EFF31087EFF3108172B66860284655
:10CD2000F7F738FA064640B92868C16841F0200193
:10CD3000C160416941F00101416187F31088601CC5
:10CD40006B6801ACC2B20FA1204601F0B9F82046D1
:10CD5000F3F73CFA81B2204600F034FB304611B0C4
:10CD6000F0BD00BF80250000004B000000960000D1
:10CD700000E1000000C20100008403000008070079
:10CD800000100E0055415254257520626175647281
:10CD90006174652073657420746F2025750D0A0019
:10CDA000032888BF70474EF66801C0F6000151F8AD
:10CDB00020000068C16841F02001C160416941F074
:10CDC00001014161704700002DE9F04395B040F248
:10CDD000B837C2F200073878002800F0B58240F278
:10CDE0000056C2F2000696F87400C00714D0FAF795
:10CDF000F9FD316F4FF47A72401AB6F8761051434C
:10CE000088424FF00000C0F09B82306796F87400B3
:10CE100000F0FE0086F87400B06E28B1FAF7E2FD6B
:10CE2000B16E401A00F19082FAF7DCFD6430B06612
:10CE300096F86C000138042800F2A280DFE800F0C8
:10CE4000047C4256280000BF40F20120C0F20100DD
:10CE50000290F4F7BDFE044602A80321FAF734FE5F
:10CE6000022833D1646800212046F3F721FC002812
:10CE700040F06582F87946F820400130C1B20A29B5
:10CE8000F871C0F029814FF48070A7F8070027E1FE
:10CE900096F86D104FF48170ADF80C008DF80E10FF
:10CEA00003A80321FAF710FE03286FD0022840F0F0
:10CEB0004B82062086F86C000020387015B0BDE863
:10CEC000F08300BFF4F7F8FC022867D0032840F095
:10CED0003B824EF65610C0F600000F21FBF7E0FA39
:10CEE000F7F7D8FC0020387029E200BF40F201308B
:10CEF000ADF8080007F1200102A8F3F7B3FF0028FE
:10CF000044D0012840F0208297F821000128E0D980
:10CF1000786A008840BAF3F710FC397907EB810290
:10CF20005065481CC1B20A293871C0F0C1804FF465
:10CF30008070B880C0E000BFF9F794FE044640F26C
:10CF40000130ADF8080002208DF80A0002A8032184
:10CF5000FAF7BAFD022837D0032840F0F5814EF6E3
:10CF60005610C0F600000F21FBF79AFAF7F792FC73
:10CF7000002038700FF2F030182100F023FADEE1C3
:10CF800040F20560A6F86C00D9E100BF4EF65610DD
:10CF9000C0F600000F21FBF783FAD0E1787807EBA9
:10CFA00080002C30F4F738FC002840F0C8817878F5
:10CFB0000130C1B20A297870C0F0A6804FF48070A9
:10CFC000A7F80100A4E000BF2088F3F7B6FBB97A08
:10CFD00006EB81029062481CC1B20A29B87203D3E1
:10CFE0004FF48070788103E0F87A012840F0AC813A
:10CFF00046F2666206F12800C3F6667213AB0A2198
:10D00000FEF70AFE397B804611B1012017E000BF10
:10D01000149DF8692946F3F745F90021F3F748FB19
:10D020004CF67741044625F00040C3F22B21F3F77C
:10D030003FFB20431EBF012001213973FD61002801
:10D0400000F06A81139D41F26F21C3F683212846C7
:10D05000F3F74AFB002840F05F8140F20520A6F874
:10D060006C0000203873F8614046C6F86480F3F71E
:10D0700076FB044628468946F3F771FB0DF10C0850
:10D0800007460D46B2A1404622464B46CDE9007503
:10D0900000F016FF4046F3F799F881B2404600F0E1
:10D0A00091F90020F7F7F8FD706EF7F7D1FA4BE130
:10D0B0007879012840F0488146F2666207F1540011
:10D0C000C3F6667213AB0A21FEF7A6FDB979804656
:10D0D00081B3012045E000BF387A012840F0348157
:10D0E00040F20058C2F2000846F26662C3F6667269
:10D0F00013AB40460A21FEF78FFD797A05460029D9
:10D1000068D001207DE000BFB878012840F01C8184
:10D1100046F2666207F12C00C3F6667213AB0A2171
:10D12000FEF77AFDF9788046002900F0A9800120F9
:10D13000BDE000BF149D78692946F3F7B3F80021DC
:10D14000F3F7B6FA4CF67741044625F00040C3F2F7
:10D150002B21F3F7ADFA20431EBF01200121B97145
:10D160007D61002800F0D880139D41F26F21C3F645
:10D1700083212846F3F7B8FA002840F0CD8040F22A
:10D180000540A6F86C000020B87178614046C6F8EA
:10D190005C80F3F7E4FA044628468946F3F7DFFAA1
:10D1A0000DF10C0807460D467AA1404622464B4633
:10D1B000CDE9007500F084FE4046F3F707F881B230
:10D1C000404600F0FFF80020F7F766FDF06DF7F736
:10D1D0003FFAB9E0149EB8693146F3F763F80021CD
:10D1E000F3F766FA4CF67741044626F00040C3F2A6
:10D1F0002B21F3F75DFA20431EBF01200121797234
:10D20000BE61A8B3139E41F26F21C3F6832130465D
:10D21000F3F76AFA60BB40F20510A8F86C00002032
:10D220007872B8612846C8F86050F3F798FA054656
:10D2300030460F46F3F793FA0DF10C0906460C46FB
:10D240004FA148462A463B46CDE9006400F038FE2F
:10D250004846F2F7BBFF81B2484600F0B3F8002021
:10D26000F7F71AFDD8F86000F7F7F2F96CE000BFA5
:10D270002846F7F7A1FAFAF7B5FBD8F8781051E08D
:10D28000149D38692946F3F70DF80021F3F710FAD9
:10D290004CF67741044625F00040C3F22B21F3F70A
:10D2A00007FA20431EBF01200121F9703D6198B3A8
:10D2B000139D41F26F21C3F683212846F3F714FA38
:10D2C00050BB40F20530A6F86C000020F8703861C1
:10D2D0004046C6F85880F3F742FA07462846894682
:10D2E000F3F73DFA0DF10C0805460C462FA1404618
:10D2F0003A464B46CDE9005400F0E2FD4046F2F7D5
:10D3000065FF81B2404600F05DF80020F7F7C4FCED
:10D31000B06DF7F79DF917E04046F7F74DFAFAF7C9
:10D3200061FBB16F401A4BF61F71C0F202018842D7
:10D330000AD9F7F793FA00203870F7F7ABFA012013
:10D3400015B0BDE8F08300BF002015B0BDE8F08344
:10D350004332483220636F6E633D25662C2063762E
:10D360003D25660D0A00000043324832206765748F
:10D3700020636F6E63206661696C65640D0A00004E
:10D38000483220636F6E633D25662C2063763D2511
:10D39000660D0A004332483620636F6E633D256692
:10D3A0002C2063763D25660D0A000000434834209A
:10D3B000636F6E633D25662C2063763D25660D0AFE
:10D3C000000000002DE9F047804600284FF00000E3
:10D3D00036D08946A1B341F23046C2F2000696F833
:10D3E0009C12032918BFBDE8F08700244FF0000A03
:10D3F000A9EB0A0087B2402F28BF4027F4F71CFF93
:10D400000546444405E000BFF4F716FF401B022820
:10D4100018D8D6F8B802D0F814020028F4D1304653
:10D4200021463A46F7F7F4FD3046F7F75DFE01284E
:10D43000EAD0BA441FFA8AF44C454FF00100D7D322
:10D44000BDE8F0870020BDE8F08700002DE9F04F2F
:10D45000D7B041F2F424C2F20004606AF3F77FF916
:10D460001690A06A1591F3F77AF91490A0691391B8
:10D47000F3F775F91290E0691191F3F770F9CDE9BE
:10D480000F10D4E9030AD4E900B8F3F768F981462C
:10D4900050460E91F3F763F9054658460E46F3F7EA
:10D4A0005EF9074640460C46F3F759F9CDE90B40C3
:10D4B000149808AA00901398E0C2019012980D9158
:10D4C000029011984EF634210390109817AC0490F6
:10D4D0000F98DDE915320E9FCDE90509C0F6000170
:10D4E0002046079700F0ECFC2046F2F76FFE81B271
:10D4F0002046FFF767FF002057B0BDE8F08F00001F
:10D5000080B5FFF7EBF800281CBF012080BD03A009
:10D510000C21FFF757FF002080BD00BF6C6F672014
:10D520006572617365640D0A0000000010B540F279
:10D530005830C2F200000169488842051CBF012032
:10D5400010BD4A79082A3CBF022010BD09790904A0
:10D5500041EA02610C184EF66870C0F6000000F255
:10D56000FF7040F2FF71884384423CBF032010BD2E
:10D5700040F2FF70CFF2FC70211801F5A04181420A
:10D580003CBF042010BD2046FAF7A2FC00281CBFB7
:10D59000052010BD2046FFF74FFB002010BD000006
:10D5A00080B501200221FAF769FC002080BD00004F
:10D5B00040F25831C2F20001887840F008020020A1
:10D5C0008A70704780B501200421FAF757FC0020CB
:10D5D00080BD000080B5F3F739FC40F2583CC2F240
:10D5E000000CDCF810000022023000BFD3B210F8AB
:10D5F00003E00CEB030181F82CE001788B421FD291
:10D6000042F00101C9B2435C614481F82C3042F020
:10D6100002030178DBB28B4212D8C15C634483F809
:10D620002C1042F003030178DBB28B4208D8C15CB6
:10D63000634483F82C1004320178D3B28B42D5D9DD
:10D640009CF8020040F0040200208CF8022080BD0B
:10D6500080B501200321FAF711FC002080BD0000F5
:10D6600040F25831C2F20001887840F001020020F7
:10D670008A70704780B501200121FAF7FFFB002076
:10D6800080BD000040F25831C2F20001887840F0BD
:10D69000100200208A70704710B582B041F2EE345B
:10D6A000C2F200044EF6AF214EF62B324FF0000CC2
:10D6B000C0F60001C0F6000220460123CDF800C0EC
:10D6C000CDF804C000F0FCFB2046F2F77FFD81B2EC
:10D6D0002046FFF777FE002002B010BD80B598B05D
:10D6E00016A8FDF7D7FA18B1012018B080BD00BF09
:10D6F0009DF85A00BDF858309DF85B109DF85C20ED
:10D700009DF85EE09DF85DC08DE8071009A206A8AF
:10D710004021CDF810E000F0B9FB012806DB81B212
:10D7200006A8FFF74FFE002018B080BD082018B0F3
:10D7300080BD00BF253034752D253032752D253044
:10D74000327520253032753A253032753A2530321F
:10D75000750D0A0040F25831C2F20001887840F09D
:10D76000200200208A7070472DE9F04FDFB0FFF7EC
:10D770001FF8002800F0A08007460828C0F0A3800A
:10D7800008260DF174080DF12C0B0DF17C09002514
:10D7900008970EE0204640F60D2129F800100230CF
:10D7A00081B24846FFF70EFE05F10806BE4200F2C0
:10D7B0008A80284641460822FEF7B6FF0828C0F2B4
:10D7C00082801D98B0F1A53F7DD11E9C601C02286F
:10D7D00079D3E01C20F00300284400F10805BD4285
:10D7E00071D80F2C42D1304659460F22FEF79CFFCC
:10D7F0000F2868DB9DF82C009DF82D103030C0B24A
:10D80000099100F5FA60DDF832100A90DDF8370072
:10D810009DF82E709DF82FA01B919DF830409DF82B
:10D82000318000218DF87010F2F799FF0E460999AA
:10D830000A9B8DE882041BA9CDE9051048464FF4E8
:10D84000807123A2CDE90348079600F01FFB012851
:10D8500003DB81B24846FFF7B5FD089F0DF1740860
:10D8600005F10806BE42A4D92DE000BF402C28BF18
:10D870004024304659462246FEF756FFA04222DB9E
:10D88000002005E009F80010013084423FF482AF27
:10D890001BF8001000293FF47EAFA1F120025E2AA0
:10D8A000F0D90D29EED00A29ECD04AB2B2F1FF3FEF
:10D8B000C8BF2E21E6E700BF4EF62330C0F60000B9
:10D8C0000721FFF77FFD00205FB0BDE8F08F00BFAC
:10D8D000253034752D253032752D253032752025B3
:10D8E0003032753A253032753A253032752025733D
:10D8F00020636F6E633D25660D0A0000F0B5C1B070
:10D90000FEF756FFD0B10446002501AE671BB7F500
:10D91000807F28BF4FF48077284631463A46FEF78D
:10D9200003FFB84206DBB9B23046FFF74BFD3D447A
:10D93000A542EBD3002041B0F0BD00BF4EF623302E
:10D94000C0F600000721FFF73DFD002041B0F0BD0B
:10D950002DE9F04FC5B03DA8FFF7F2F820B1012046
:10D9600045B0BDE8F08F00BF3DAE71CEF2F7F7FED7
:10D97000CDE91A102046F2F7F2FE199028461C91C4
:10D98000F2F7EDFECDE917103046F2F7E8FE064655
:10D9900041980F46F2F7E3FE804642988946F2F737
:10D9A000DEFE824643988B46F2F7D9FE0446449841
:10D9B0000D46F2F7D4FECDE914010CA880E8000F63
:10D9C00004201090189807A906901798CDE91245E1
:10D9D000C1C11B99032000911A990A9001911999CC
:10D9E00002201DAC1C9B0291049008A1204601223C
:10D9F000039300F065FA2046F2F7E8FB81B2204677
:10DA0000FFF7E0FC002045B0BDE8F08F69643D25DC
:10DA1000643A25662C25660D0A69643D25643A251D
:10DA2000662C25660D0A69643D25643A25662C2519
:10DA3000660D0A69643D25643A25662C25660D0A43
:10DA40000000000040F25830C2F2000001698A78FC
:10DA5000A2F1F801082911D210B590B06C460CA1C2
:10DA6000204600F02DFA2046F2F7B0FB81B22046A6
:10DA7000FFF7A8FC042010B010BD00BF002AEBD0B7
:10DA80008178C27041F0020181700020704700BFB0
:10DA90006275663D25640000B0B540F25830C2F2B0
:10DAA0000000016988789F2818D800F00E02092A22
:10DAB00014D8CC789F2C11D804F00E0109290DD868
:10DAC000F9F7FAFF05462046F9F7F6FF642105FB52
:10DAD0000100BDE8B040F3F747BF00BF0320B0BD71
:10DAE00080B540F25830C2F2000000698078FAF741
:10DAF00029FA002818BF012080BD000040F25830EC
:10DB0000C2F2000000698078642884BF0120704759
:10DB100080B5FAF76DFE002818BF012080BD000017
:10DB200040F25830C2F2000000698078642884BF57
:10DB30000120704780B5FCF7DFFF002818BF0120E7
:10DB400080BD000040F25830C2F2000000698078C9
:10DB5000642884BF0120704780B5FDF745FB00288D
:10DB600018BF012080BD000040F25830C2F2000012
:10DB700001698878032805D8C978A1F10902D2B2D1
:10DB8000F82A01D20320704780B5FFF7ABF80028D0
:10DB900018BF032080BD0000B0B540F25835C2F276
:10DBA00000052969012000294FD02A89092A4CD172
:10DBB0008878F9F781FF29690446C9780846F9F79A
:10DBC0007BFF642104FB0101286940F2F014007915
:10DBD000C2F200042180F9F76FFF2969A07049792A
:10DBE0000846F9F769FF2969E07089790846F9F76D
:10DBF00063FF29692071C9790846F9F75DFF296932
:10DC00006071097A0846F9F757FF0146A078A171BB
:10DC10000D3810F10C0F4FF0010016D3E278203AC6
:10DC200012F11F0F11D32279172A0ED862793B2ADD
:10DC30000BD83B2988BFB0BD40F2F010C2F2000003
:10DC4000FDF72EF9002818BF0120B0BD80B540F2C5
:10DC50005830C2F2000000698078022806D00128FE
:10DC600008D1F6F717FE002080BD00BFF6F7DEFCF6
:10DC7000002080BD082080BD80B540F25830C2F23F
:10DC8000000001698878D1F80720D1F80310FEF769
:10DC900085FFC0B280BD000080B5F8F7C1FF40F23B
:10DCA00058320146C2F200021061002000291081A2
:10DCB00018BF80BD02A01421FFF784FBFF2080BDA8
:10DCC000555342207461736B20696E6974206661DC
:10DCD000696C0D0A00000000B0B590B040F25835F4
:10DCE000C2F2000595F8280004283CD8DFE800F0CF
:10DCF00004263B222E0000BFFAF71AFF00284ED060
:10DD0000FAF71EFF29692881002946D00A78782A67
:10DD100043D149781B2929702AD24EF67802C0F6E1
:10DD2000000252F8211069614A8890422AD20220EA
:10DD300068702CE06A783DA10AE000BFF9F752FE56
:10DD4000696A401A12D495F829000DE02A783EA19C
:10DD50006C46204600F0B4F82046F2F737FA81B25C
:10DD60002046FFF72FFB002085F8280010B0B0BD3B
:10DD70000020686108206870032085F8290085F874
:10DD800028000AE0C86880470028687040D0032057
:10DD900085F828003220F9F719FEFAF75FF8A8781D
:10DDA0002979C840C00715D02EA050F8210080471F
:10DDB000297978B10120EA6888400243481CC1B241
:10DDC000AB235943890A01EB4101A0EB4100EA6012
:10DDD00028710CE0481CC1B2AB235943EA68890A98
:10DDE00001EB4101A0EB4100002A2871BED06C4636
:10DDF00022A1204600F064F80020E8602046F2F7F7
:10DE0000E5F981B22046FFF7DDFA10B0B0BD00BFE2
:10DE10006869417A21B1002085F82800BDE700BF7C
:10DE2000017A406885F82810B5E700BF55534220B5
:10DE30005461736B20494420253032582066616953
:10DE40006C65640D0A000000555342205461736BE9
:10DE500020494420253032582073756363657373FD
:10DE60000D0A0000716C00086D7900081177000838
:10DE700065760008F5770008E978000855534220D8
:10DE80006661696C253258200D0A00000FB47CB51C
:10DE90000C0009AD01D0611E00E00021CDE90001B8
:10DEA000064B6A462946089800F010F9002C02D06B
:10DEB000009A002111707CBC5DF814FBFBE70008A0
:10DEC0000FB4084B10B504A902AA039800F0FEF89D
:10DED000044602A9002000F09BFC204610BC5DF81F
:10DEE00014FB000011E800087CB50C001D46164626
:10DEF000014601D0601E00E00020CDE90010064B75
:10DF00006A462946304600F0E1F8002C02D0009A1B
:10DF1000002111707CBD0000FBE7000802E008C88A
:10DF2000121F08C1002AFAD170477047002001E093
:10DF300001C1121F002AFBD170470000014908608F
:10DF400070470000000000202DE9FF5F82B0002133
:10DF5000DDE90430020DDDF840B0034318D044F68B
:10DF60001050A2F2FF3242431514119801281FD01D
:10DF7000A5EB0B00401C5FEA000A4FF000064E4F75
:10DF8000DFF83891B046504615D5CAF1000413E0C9
:10DF9000119801244AA3012801D16FEA0B010298CC
:10DFA000119AC0E90031C0E9024206B0BDE8F09F15
:10DFB000CBF10000DFE704460021404A491842EB5C
:10DFC0000450CDE9001012E0E00707D032463B468E
:10DFD00040464946F2F77DFA8046894632463B463E
:10DFE00010461946F2F775FA06460F466410002CE3
:10DFF000EAD1DDE90401DDE90023BAF1000F06DA18
:10E00000F2F767FA42464B46F2F763FA05E0F2F799
:10E01000D2FA42464B46F2F7CEFA04460E460022AA
:10E02000284BF2F731FD03D84FF0FF30014607E0EF
:10E030000022254B20463146F2F7A4F9F2F70BFDFA
:10E04000102409E0002C0ADB0A220023F2F7CCFBA3
:10E05000039B30321A55641E50EA0102F2D1641C4F
:10E06000039AC4F111031444119A012A03D0012226
:10E0700008430DD10AE0084304D000204FF0110BF3
:10E08000119072E7A3EB0B056D1E0DE05B4504DDFF
:10E090004FF0000205F1010504E003DA4FF0000241
:10E0A000A5F10105002AECD002981199C0E90231CE
:10E0B000C0E9004579E70000000014400000F03F8F
:10E0C000300000000000F0430000E03F2DE9FF4F6A
:10E0D00095B09B468946064600250FE2252877D154
:10E0E00000242746F84A0121059400E0044316F86D
:10E0F000013F203B01FA03F01042F7D130782A2883
:10E1000011D06FF02F033078A0F13002092A16D811
:10E11000059A44F0020402EB820203EB420210442F
:10E12000761C0590EFE759F8042B0592002A03DAD4
:10E13000504244F40054059044F00204761C3078B8
:10E140002E2816D116F8010F44F004042A280DD009
:10E150006FF02F023078A0F13003092B09D807EBBC
:10E16000870302EB4303C718761CF3E759F8047BD7
:10E17000761C30786C280FD006DC4C2817D0682825
:10E180000DD06A2814D104E0742810D07A280FD159
:10E190000DE044F400140AE044F4801401E044F477
:10E1A00040147278824202D104F58014761C761CE9
:10E1B000307866280BD013DC582877D009DC00288B
:10E1C00075D04528F6D04628F4D047281AD19DE1CD
:10E1D00018E0632835D0642879D0652812D195E1FC
:10E1E000702873D008DC6728F1D069286FD06E28BA
:10E1F0000DD06F2806D1B5E073282CD0752875D0C6
:10E20000782874D05A46179990476D1C75E1C4F36D
:10E210000250022809D003280DD0D9F80010042894
:10E220000DD00D6009F1040967E1D9F80010EA1773
:10E23000C1E90052F6E7D9F800100D80F2E70D7041
:10E24000F0E719F8041B8DF8001000208DF801008C
:10E25000EA46012003E059F804AB4FF0FF306107B4
:10E260004FF0000102D40DE008F101018846B942E7
:10E270000FDA8045F8DB1AF808100029F4D108E01D
:10E2800008F1010188468142FADB1AF808100029DA
:10E29000F6D105985B46A0EB080721463846179A49
:10E2A00000F094FA284400EB080507E04DE029E16E
:10E2B0000DE01AF8010B5A4617999047B8F101087A
:10E2C000F7D25B4621463846179A13E142E00A220C
:10E2D0000092C4F302524FF0000A022A08D059F803
:10E2E00004CB032A4FEAEC710AD00DE029E02AE0C2
:10E2F00009F1070121F00702F2E802C1914609E0A5
:10E300000FFA8CFC4FEAEC71042A03D14FFA8CFC13
:10E310004FEAEC71002907DA0A460021DCF1000C13
:10E3200061EB02012D2202E0220504D52B228DF89B
:10E330000420012203E0E20701D02022F7E7904603
:10E3400059E00A2102E010220DE010214FF0000AEE
:10E3500000910BE010224FF0000A44F0040408275B
:10E36000009203E008224FF0000A0092C4F3025228
:10E37000022A05D059F804CB0021032A08D009E06D
:10E3800009F1070121F00702F2E802C1914605E018
:10E390001FFA8CFC042A01D10CF0FF0C4FF000088E
:10E3A000220728D5702806D0009B83F0100353EA7B
:10E3B0000A0305D00EE040228DF80420012208E077
:10E3C0005CEA010206D030228DF804208DF80500A9
:10E3D00002229046009B83F0080353EA0A030AD105
:10E3E0005CEA010201D1620705D530228DF80420D4
:10E3F0004FF001087F1E582804D034A003900EA8C7
:10E4000002900DE036A0F9E753466046009AF2F715
:10E41000EBF984460398825C0298401E02900270D9
:10E420005CEA0100F0D1029806A9081A00F1200A5E
:10E43000600702D524F4803400E00127574502DD4F
:10E44000A7EB0A0000E0002000EB0A01009005980D
:10E450004144401A0590E00306D45B462146179AD2
:10E46000059800F0B3F90544002706E001A85A46D4
:10E47000C05D179990476D1C7F1C4745F6DBE00394
:10E480000CD55B462146179A059800F09FF9054484
:10E4900004E030205A46179990476D1C0099481E99
:10E4A00000900029F5DC08E0029802995A460078AD
:10E4B000491C0291179990476D1CBAF10001AAF10D
:10E4C000010AF1DC65E10000092801003031323336
:10E4D00034353637383961626364656600000000A0
:10E4E000303132333435363738394142434445468A
:10E4F0000000000000F058F90544761C3078002830
:10E500007FF4ECAD19B02846BDE8F08F620700D467
:10E51000062709F1070222F0070CFCE80223E14676
:10E5200003F000485FEA080C02D00FF2702C0DE0F7
:10E530005FEA045C02D50FF2682C07E05FEAC47C56
:10E5400002D00FF2602C01E0AFF2700C4FF0FF38F8
:10E5500023F00043CDF850C065280CD006DC4528D8
:10E5600009D046281DD047283DD13DE0662818D067
:10E5700067287ED138E00021112F01DB112000E057
:10E58000781CCDE9000106A90EA8FFF7DDFCDDE946
:10E590000F010E9A03910021009207F1010A0491E4
:10E5A0004DE04FF000400097CDE9011006A90EA8FC
:10E5B000FFF7CAFCDDE90F0203920E9B11990022BE
:10E5C000DDF80CA00093049211B9791C00EB010A4C
:10E5D000B7EB0A0004D4C0F1FF3007F1010A049040
:10E5E000AAEB0700019044E0012F00DA0127002187
:10E5F000112F01DD112000E03846CDE9000106A908
:10E600000EA8FFF7A1FCDDE90F010E9A039100218E
:10E6100004910092BA4621070CD40399514500DABF
:10E620008A46BAF1010F05DD009AAAF10101515C99
:10E63000302908D0B84202DA10F1040F06DA0121BD
:10E64000CDE9011015E0AAF10101E9E7002805DC98
:10E65000049901440491AAEB000102E0411C5145D8
:10E6600000DD8A460499401A401C01904FF000409A
:10E670000290200704D40198504501DBCDF80480B6
:10E6800000208DF84F0002980DF14F07B0F1004FB8
:10E6900025D02B200E9002984FF0020800280CDAAB
:10E6A000404202902D200E9007E00A210298F2F7D6
:10E6B00085F83031029007F8011DB8F10001A8F18A
:10E6C0000108F2DC02980028EFD1791E0E9808703C
:10E6D000307800F0200040F0450007F8020D12A845
:10E6E000C01B00F107081498007800B1012000EB6E
:10E6F0000A01019801EBE07105984144401A401E5F
:10E700000590E00306D45B462146179A059800F071
:10E710005DF805441498007818B15A461799904747
:10E720006D1CE00324D55B462146179A059800F03E
:10E730004DF805441CE00498002807DBDDE90301DF
:10E74000884203DD0098405C179901E0179930205A
:10E750005A469047049805F10105401C0490019821
:10E76000401E019004D12E205A46179990476D1CE7
:10E77000BAF10001AAF1010ADDDC05E017F8010B8E
:10E780005A46179990476D1CB8F10001A8F101088D
:10E79000F4DC5B462146179A0598ABE62D00000095
:10E7A0002B000000200000002DE9F0410446002568
:10E7B0001E461746880404D405E039462020B04799
:10E7C0006D1C641EF9D52846BDE8F0812DE9F041A5
:10E7D000044600251E469046C80301D5302700E0B8
:10E7E0002027880404D505E041463846B0476D1C13
:10E7F000641EF9D52846BDE8F0814A68002A06D093
:10E800000A68531C0B6010704868401E48607047CF
:10E810000A68531C0B60107070472DE9F0410646E2
:10E820000F46F2F7C7F8041E0D4618BF0120284313
:10E8300020F00040C0F17F6000F1E040C00F0ED03A
:10E84000301C18BF0120384320F00040C0F17F6029
:10E8500000F1E040C00F04BF0120FFF76FFB20462E
:10E860002946BDE8F0810000141A00205C1A00203F
:10E87000A41A0020EC1A002098ED0008A8ED00086A
:10E88000B8ED0008C8ED0008D8ED0008E8ED000874
:10E89000F8ED000808EE000818EE000828EE000861
:10E8A00038EE000848EE000858EE000868EE000850
:10E8B00078EE000888EE000898EE0008A8EE000840
:10E8C000B8EE0008C8EE0008D8EE0008E8EE000830
:10E8D000F8EE000808EF000818EF000828EF00081D
:10E8E00038EF0008000000000000000001020304EF
:10E8F00006070809000000000102030401010601E7
:10E90000010101025AA5078200FC55AA5A5A5AA5CC
:10E91000078200845A0100015AA5078200FC00000A
:10E9200000005AA50782008264645AA5118218006B
:10E93000B3F5CABCBBAFD6D00000000000005AA59A
:10E9400011821800D4A4C8C8D6D00000000000006E
:10E95000000083290082822800B6C1C8A1CAA7B0DE
:10E96000DC000000822800B5C8B4FDCEC8CCACB62F
:10E97000C1C8A1D6D0822800CEB4B4EFCEC8CCACEA
:10E98000C7EBD6D8CAD4822800B6C1C8A1CDEAB395
:10E99000C900000002030405060708090A0B0C0D54
:10E9A0000E0F10101F1C1F1E1F1E1F1F1E1F1E1FBD
:10E9B0000660FFFF0A0000003120FF000200010096
:10E9C0003020FFFF0E0000002B2000001000000090
:10E9D0002720FFFF060000000260FFFF0400000088
:10E9E0000160FFFF0800000021200000120000006D
:10E9F000696E6974206661696C3D25782C66616971
:10EA00006C206E756D3D25640D0A004D425F4552C8
:10EA10005220653D25752073743D25752073613D39
:10EA2000253032582066633D2530325820643D251C
:10EA3000750D0A002D2D2D2D2D2D2D2D6261736547
:10EA4000496E666F3A20636F6E63207C7C2073741E
:10EA5000642D2D2D2D2D2D2D2D2D2D2D0D0A20200C
:10EA600020202020202048323D25662C25660D0AD6
:10EA7000433248323D25662C25660D0A433248361E
:10EA80003D25662C25660D0A304348343D25662C0D
:10EA9000256620202020202020200D0A2D2D2D2D20
:10EAA0002D2D2D2D2D2D2D2D2D2D2D2D0D0A00250E
:10EAB000732053797374656D2056657273696F6E38
:10EAC0003A2025642E25642E25640D0A004348341F
:10EAD0002049443A307825782C506F696E744E7511
:10EAE0006D3A25752C55636F64653A25752C526116
:10EAF0006E67653A25752C436F6E63436F64653AA4
:10EB000025752C44413A25752C436F6E633A257563
:10EB10002C73656E736F72547970653D307825780B
:10EB20000D0A00656D7074790D0A004C4741530061
:10EB300074696D653A253034752D253032752D2573
:10EB400030327520253032753A253032753A25300D
:10EB500032752C4E4F204741530D0A0074696D6584
:10EB60003A253034752D253032752D2530327520FB
:10EB7000253032753A253032753A253032752C43BE
:10EB800048343A252E336670706D0D0A0074696D35
:10EB9000653A253034752D253032752D2530327586
:10EBA00020253032753A253032753A253032752CB1
:10EBB000433248363A252E336670706D0D0A005385
:10EBC00074617274207461736B20646F6E653A2097
:10EBD0004348343D252E32662C20433248363D25AD
:10EBE0002E32662C20433248323D252E32662C20B0
:10EBF00048323D252E32660D0A0052383D25303808
:10EC00006C582052393D2530386C58205231303DF7
:10EC10002530386C58205231313D2530386C580D34
:10EC20000A0052343D2530386C582052353D25308D
:10EC3000386C582052363D2530386C582052373DBC
:10EC40002530386C580D0A004D4D4641523D253057
:10EC5000386C5820424641523D2530386C5820418E
:10EC60004653523D2530386C582053484353523D4B
:10EC70002530386C5820494353523D2530386C5864
:10EC80000D0A004D53503D2530386C5820505350DC
:10EC90003D2530386C5820434653523D2530386C62
:10ECA0005820484653523D2530386C580D0A0052C2
:10ECB00031323D2530386C58204C523D2530386C6F
:10ECC000582050433D2530386C5820785053523DE1
:10ECD0002530386C580D0A004D656D4D616E6167C9
:10ECE00065004572726F7200486172644661756CAE
:10ECF000740055736167654661756C740042757385
:10ED00004661756C74005B4C4F475D207374617491
:10ED100065204641494C0D0A002530325820002517
:10ED2000733A20636D643D25303258206C656E3D2A
:10ED3000257520646174613D000000004661696CC6
:10ED4000656420746F207665726966792043324865
:10ED50003620534E0D0A00004661696C65642074CC
:10ED60006F207265616420483220636F6E63656E48
:10ED700074726174696F6E0D0A0000004661696CFF
:10ED8000656420746F2072656164204332483220CC
:10ED9000696E666F0D0A0000000009002C0100007A
:10EDA0000400000099DB0008010002002C010000B3
:10EDB0000400000099D60008020002002C010000A7
:10EDC00004000000DDD60008030004002C01000050
:10EDD0000400000069DB0008040002002C010000B0
:10EDE0000001000061D60008050003002C010000AE
:10EDF0000001000045DA000806000A006400000077
:10EE000000010000D5D50008070004003200000012
:10EE10000400000099DA0008080003003200000036
:10EE200004000000FDDA00080900030032000000C1
:10EE30000400000021DB00080A000300320000008B
:10EE40000400000045DB00080B0003003200000056
:10EE500004000000E1DA00080C0002002C010000B0
:10EE600000010000B1D500080D00020064000000A0
:10EE70000401000051D600080E00020064000000EA
:10EE800004010000A1D500080F000200640000008A
:10EE900004010000C5D50008100002006400000055
:10EEA0000001000075D60008110002006400000097
:10EEB0000001000085D60008120002006400000076
:10EEC0000001000055D700081300030032000000C5
:10EED000040000004DDC00081400020032000000B5
:10EEE000040000004DD400081500060032000000A8
:10EEF000040000002DD500081600020032000000BA
:10EF00000400000051D90008170002003200000080
:10EF10000400000069D7000818000A003200000051
:10EF20000400000079DC0008190002003200000033
:10EF30000400000001D500081A00020032000000A1
:10EF400004000000FDD8000868EF00080000002061
:10EF5000B0020000080B000890F00008B00200208A
:10EF6000D07D00002CDF000841320132101B1E3C16
:10EF700008190D133E7C82204BC4040C941001022E
:10EF8000941001030213FF13FD51140835521B089E
:10EF900045041A71041A9D041AD9141A0D08170190
:10EFA0005AA5118218200DB3F5CABCBBAFB4EDCE83
:10EFB000F34944320413127A13454F1408954E1442
:10EFC00008215042081AD90C1A15041A6504C11AEE
:10EFD00025281A15041A35041A05041409024313C6
:10EFE00002011CC03209491B01020B1B0524A51498
:10EFF0000524011009010424020205240617010753
:10F0000005820308151009040133020A2E070501C1
:10F010000240072A810711093744113A02441907AF
:10F02000112B0A0606114340012AC20612082B09B9
:10F0300007580A3B049C1A12171302021E4083044D
:10F0400040574D1B02035B135D121B0859041A0540
:10F05000041A89040718040309041A0316823020CD
:10F06000FF051A03011008EA07030A0B07171359D3
:10F07000963A08A871CB797A10DA95109A6D103209
:10F0800032DA7120DA75100A519150410000000007
:0400000508000131BD
:00000001FF
