:020000040800F2
:1000000000000120DDBC00082517000829170008A2
:100010006117000899170008D117000800000000B8
:1000200000000000000000000000000009180008A7
:100030000D1800080000000011180008151800082D
:1000400025BD000825BD000825BD000825BD000808
:1000500025BD000825BD000825BD000825BD0008F8
:1000600025BD000825BD000825BD000825BD0008E8
:1000700025BD000825BD000825BD000825BD0008D8
:1000800025BD000825BD000825BD000825BD0008C8
:100090002518000825BD000825BD000825BD00085D
:1000A00025BD000825BD000825BD000825BD0008A8
:1000B00025BD000825BD000825BD000825BD000898
:1000C00025BD000825BD000825BD000825BD000888
:1000D00025BD0008E11B0008311C00088D1C00082C
:1000E00025BD000825BD000825BD000825BD000868
:1000F00025BD000825BD000825BD000825BD000858
:1001000025BD000825BD000825BD000825BD000847
:10011000E91C000825BD000825BD000825BD000814
:1001200025BD000825BD000825BD000825BD000827
:1001300000000000000000000000000000000000BF
:1001400000000000000000000000000000000000AF
:10015000000000000000000000000000000000009F
:10016000000000000000000000000000000000008F
:10017000000000000000000000000000000000007F
:10018000000000000000000000000000000000006F
:10019000000000000000000000000000000000005F
:1001A000000000000000000000000000000000004F
:1001B000000000000000000000000000000000003F
:1001C000000000000000000000000000000000002F
:1001D000000000000000000000000000000000001F
:0401E0005FF8E0F1F3
:1001E80010B5054C237833B9044B13B10448AFF369
:1001F80000800123237010BD60040020000000006F
:10020800CCEC000808B5034B1BB103490348AFF316
:10021800008008BD0000000064040020CCEC000849
:10022800034613F8012B002AFBD1181A013870472E
:1002380081F0004102E000BF83F0004330B54FEA8F
:1002480041044FEA430594EA050F08BF90EA020FFC
:100258001FBF54EA000C55EA020C7FEA645C7FEA8F
:10026800655C00F0E2804FEA5454D4EB5555B8BFB2
:100278006D420CDD2C4480EA020281EA030382EA23
:10028800000083EA010180EA020281EA0303362DB5
:1002980088BF30BD11F0004F4FEA01314FF4801C88
:1002A8004CEA113102D0404261EB410113F0004F9A
:1002B8004FEA03334CEA133302D0524263EB430351
:1002C80094EA050F00F0A780A4F10104D5F1200EEF
:1002D8000DDB02FA0EFC22FA05F2801841F100014A
:1002E80003FA0EF2801843FA05F359410EE0A5F11E
:1002F80020050EF1200E012A03FA0EFC28BF4CF04F
:10030800020C43FA05F3C01851EBE37101F0004504
:1003180007D54FF0000EDCF1000C7EEB00006EEB11
:100328000101B1F5801F1BD3B1F5001F0CD349089B
:100338005FEA30004FEA3C0C04F101044FEA4452F2
:1003480012F5800F80F09A80BCF1004F08BF5FEA79
:10035800500C50F1000041EB045141EA050130BD59
:100368005FEA4C0C404141EB0101013C28BFB1F56B
:10037800801FE9D291F0000F04BF01460020B1FAB6
:1003880081F308BF2033A3F10B03B3F120020CDA89
:100398000C3208DD02F1140CC2F10C0201FA0CF067
:1003A80021FA02F10CE002F11402D8BFC2F1200CCC
:1003B80001FA02F120FA0CFCDCBF41EA0C01904082
:1003C800E41AA2BF01EB0451294330BD6FEA0404CB
:1003D8001F3C1CDA0C340EDC04F11404C4F12002B6
:1003E80020FA04F001FA02F340EA030021FA04F3C8
:1003F80045EA030130BDC4F10C04C4F1200220FA1F
:1004080002F001FA04F340EA0300294630BD21FA5C
:1004180004F0294630BD94F0000F83F4801306BF22
:1004280081F480110134013D4EE77FEA645C18BF16
:100438007FEA655C29D094EA050F08BF90EA020FAD
:1004480005D054EA000C04BF1946104630BD91EAA5
:10045800030F1EBF0021002030BD5FEA545C05D1A8
:100468004000494128BF41F0004130BD14F58004E7
:100478003CBF01F5801130BD01F0004545F0FE415B
:1004880041F470014FF0000030BD7FEA645C1ABF90
:10049800194610467FEA655C1CBF0B46024650EAC7
:1004A800013406BF52EA033591EA030F41F40021F3
:1004B80030BD00BF90F0000F04BF0021704730B579
:1004C8004FF4806404F132044FF000054FF000014E
:1004D80050E700BF90F0000F04BF0021704730B50F
:1004E8004FF4806404F1320410F0004548BF4042E4
:1004F8004FF000013EE700BF42004FEAE2014FEA39
:1005080031014FEA02701FBF12F07F4393F07F4F13
:1005180081F06051704732F07F4208BF704793F016
:100528007F4F04BF41F40021704730B54FF4607429
:1005380001F0004521F000411CE700BF50EA01022C
:1005480008BF704730B54FF000050AE050EA0102D5
:1005580008BF704730B511F0004502D5404261EB45
:1005680041014FF4806404F132045FEA915C3FF486
:10057800D8AE4FF003025FEADC0C18BF03325FEA23
:10058800DC0C18BF033202EBDC02C2F1200300FAD4
:1005980003FC20FA02F001FA03FE40EA0E0021FAF9
:1005A80002F11444BDE600BF70B54FF0FF0C4CF4E7
:1005B800E06C1CEA11541DBF1CEA135594EA0C0F99
:1005C80095EA0C0F00F0DEF82C4481EA030621EAD4
:1005D8004C5123EA4C5350EA013518BF52EA03350F
:1005E80041F4801143F4801338D0A0FB02CE4FF0C1
:1005F8000005E1FB02E506F00042E0FB03E54FF0F1
:100608000006E1FB03569CF0000F18BF4EF0010EE8
:10061800A4F1FF04B6F5007F64F5407404D25FEAE4
:100628004E0E6D4146EB060642EAC62141EA555197
:100638004FEAC52040EA5E504FEACE2EB4F1FD0CD9
:1006480088BFBCF5E06F1ED8BEF1004F08BF5FEA57
:10065800500E50F1000041EB045170BD06F0004609
:1006680046EA010140EA020081EA0301B4EB5C04B6
:10067800C2BFD4EB0C0541EA045170BD41F48011AE
:100688004FF0000E013C00F3AB8014F1360FDEBFD3
:10069800002001F0004170BDC4F10004203C35DAAF
:1006A8000C341BDC04F11404C4F1200500FA05F332
:1006B80020FA04F001FA05F240EA020001F00042D3
:1006C80021F0004110EBD37021FA04F642EB060149
:1006D8005EEA430E08BF20EAD37070BDC4F10C0473
:1006E800C4F1200500FA04F320FA05F001FA04F237
:1006F80040EA020001F0004110EBD37041F1000123
:100708005EEA430E08BF20EAD37070BDC4F120052D
:1007180000FA05F24EEA020E20FA04F301FA05F295
:1007280043EA020321FA04F001F0004121FA04F23D
:1007380020EA020000EBD3705EEA430E08BF20EA0D
:10074800D37070BD94F0000F0FD101F00046400047
:1007580041EB010111F4801F08BF013CF7D041EAC9
:10076800060195F0000F18BF704703F000465200CD
:1007780043EB030313F4801F08BF013DF7D043EA9E
:100788000603704794EA0C0F0CEA135518BF95EA54
:100798000C0F0CD050EA410618BF52EA4306D1D1DB
:1007A80081EA030101F000414FF0000070BD50EAFA
:1007B800410606BF1046194652EA430619D094EA84
:1007C8000C0F02D150EA013613D195EA0C0F05D16E
:1007D80052EA03361CBF104619460AD181EA0301C2
:1007E80001F0004141F0FE4141F470014FF000007A
:1007F80070BD41F0FE4141F4780170BD70B54FF015
:10080800FF0C4CF4E06C1CEA11541DBF1CEA135594
:1008180094EA0C0F95EA0C0F00F0A7F8A4EB050476
:1008280081EA030E52EA03354FEA013100F088806D
:100838004FEA03334FF0805545EA131343EA126336
:100848004FEA022245EA111545EA10654FEA0026EB
:100858000EF000419D4208BF964244F1FD0404F5A4
:10086800407402D25B084FEA3202B61A65EB030500
:100878005B084FEA32024FF480104FF4002CB6EBBD
:10088800020E75EB030E22BFB61A754640EA0C003D
:100898005B084FEA3202B6EB020E75EB030E22BF7D
:1008A800B61A754640EA5C005B084FEA3202B6EBBE
:1008B800020E75EB030E22BFB61A754640EA9C007D
:1008C8005B084FEA3202B6EB020E75EB030E22BF4D
:1008D800B61A754640EADC0055EA060E18D04FEA0B
:1008E800051545EA16754FEA06164FEAC30343EAAB
:1008F80052734FEAC2025FEA1C1CC0D111F4801F78
:100908000BD141EA00014FF000004FF0004CB6E770
:1009180011F4801F04BF01430020B4F1FD0C88BF0F
:10092800BCF5E06F3FF6AFAEB5EB030C04BFB6EB1A
:10093800020C5FEA500C50F1000041EB045170BD0D
:100948000EF0004E4EEA113114EB5C04C2BFD4EB3A
:100958000C0541EA045170BD41F480114FF0000EBE
:10096800013C90E645EA060E8DE60CEA135594EA3A
:100978000C0F08BF95EA0C0F3FF43BAF94EA0C0F3D
:100988000AD150EA01347FF434AF95EA0C0F7FF4B2
:1009980025AF104619462CE795EA0C0F06D152EA06
:1009A80003353FF4FDAE1046194622E750EA4106EA
:1009B80018BF52EA43067FF4C5AE50EA41047FF4FB
:1009C8000DAF52EA43057FF4EBAE12E74FF0FF3C60
:1009D80006E000BF4FF0010C02E000BF4FF0010C31
:1009E8004DF804CD4FEA410C7FEA6C5C4FEA430CAA
:1009F80018BF7FEA6C5C1BD001B050EA410C0CBFF9
:100A080052EA430C91EA030F02BF90EA020F00205A
:100A1800704710F1000F91EA030F58BF994208BFC1
:100A280090422CBFD8176FEAE37040F0010070477E
:100A38004FEA410C7FEA6C5C02D150EA013C07D1D5
:100A48004FEA430C7FEA6C5CD6D152EA033CD3D020
:100A58005DF8040B704700BF8446104662468C461A
:100A68001946634600E000BF01B5FFF7B7FF00284D
:100A780048BF10F1000F01BD4DF808EDFFF7F4FF76
:100A88000CBF012000205DF808FB00BF4DF808ED01
:100A9800FFF7EAFF34BF012000205DF808FB00BF24
:100AA8004DF808EDFFF7E0FF94BF012000205DF846
:100AB80008FB00BF4DF808EDFFF7CEFF94BF0120FB
:100AC80000205DF808FB00BF4DF808EDFFF7C4FFF4
:100AD80034BF012000205DF808FB00BF4FEA410C3D
:100AE8007FEA6C5C02D150EA013C0AD14FEA430C20
:100AF8007FEA6C5C02D152EA033C02D14FF000005D
:100B080070474FF0010070474FEA410212F500129A
:100B180015D211D56FF47873B3EB625212D94FEA3C
:100B2800C12343F0004343EA505311F0004F23FA26
:100B380002F018BF404270474FF00000704750EA7B
:100B4800013005D111F0004008BF6FF00040704738
:100B58004FF00000704700BF4FEA4102B2F1E04396
:100B680024BFB3F5001CDCF1FE5C0DD901F0004C8C
:100B78004FEAC0024CEA5070B2F1004F40EB8300DC
:100B880008BF20F00100704711F0804F21D113F108
:100B98003872BCBF01F00040704741F480114FEA41
:100BA8005252C2F11802C2F1200C10FA0CF320FACA
:100BB80002F018BF40F001004FEAC1234FEAD323E7
:100BC80003FA0CFC40EA0C0023FA02F34FEA430351
:100BD800CCE77FEA625307D150EA01331EBF4FF0DA
:100BE800FE4040F44000704701F0004040F0FE40F5
:100BF80040F40000704700BF80F0004002E000BFF2
:100C080081F0004142001FBF5FEA410392EA030FEF
:100C18007FEA226C7FEA236C6AD04FEA1262D2EB39
:100C28001363C1BFD218414048404140B8BF5B423E
:100C3800192B88BF704710F0004F40F4000020F0D7
:100C48007F4018BF404211F0004F41F4000121F0ED
:100C58007F4118BF494292EA030F3FD0A2F1010237
:100C680041FA03FC10EB0C00C3F1200301FA03F175
:100C780000F0004302D5494260EB4000B0F5000F98
:100C880013D3B0F1807F06D340084FEA310102F157
:100C98000102FE2A51D2B1F1004F40EBC25008BF09
:100CA80020F0010040EA03007047490040EB0000D3
:100CB800013A28BFB0F5000FEDD2B0FA80FCACF1D4
:100CC800080CB2EB0C0200FA0CF0AABF00EBC25001
:100CD80052421843BCBFD0401843704792F0000FEF
:100CE80081F4000106BF80F400000132013BB5E742
:100CF8004FEA41037FEA226C18BF7FEA236C21D0B8
:100D080092EA030F04D092F0000F08BF084670471C
:100D180090EA010F1CBF0020704712F07F4F04D1EA
:100D2800400028BF40F00040704712F100723CBFFD
:100D380000F50000704700F0004343F0FE4040F427
:100D4800000070477FEA226216BF08467FEA2363E5
:100D58000146420206BF5FEA412390EA010F40F4D0
:100D6800800070474FF0000304E000BF10F000431C
:100D780048BF40425FEA000C08BF704743F0964303
:100D880001464FF000001CE050EA010208BF70471E
:100D98004FF000030AE000BF50EA010208BF7047A5
:100DA80011F0004302D5404261EB41015FEA010CBA
:100DB80002BF84460146002043F0B64308BFA3F1B2
:100DC8008053A3F50003BCFA8CF2083AA3EBC25394
:100DD80010DB01FA02FC634400FA02FCC2F12002B3
:100DE800BCF1004F20FA02F243EB020008BF20F0EA
:100DF8000100704702F1200201FA02FCC2F1200250
:100E080050EA4C0021FA02F243EB020008BF20EA44
:100E1800DC7070474FF0FF0C1CEAD0521EBF1CEA72
:100E2800D15392EA0C0F93EA0C0F6FD01A4480EA60
:100E3800010C400218BF5FEA41211ED04FF0006349
:100E480043EA501043EA5111A0FB01310CF0004075
:100E5800B1F5000F3EBF490041EAD3715B0040EA9B
:100E6800010062F17F02FD2A1DD8B3F1004F40EB6B
:100E7800C25008BF20F00100704790F0000F0CF03E
:100E8800004C08BF49024CEA502040EA51207F3A02
:100E9800C2BFD2F1FF0340EAC250704740F40000DD
:100EA8004FF00003013A5DDC12F1190FDCBF00F0CE
:100EB80000407047C2F10002410021FA02F1C2F17C
:100EC800200200FA02FC5FEA310040F1000053EA18
:100ED8004C0308BF20EADC70704792F0000F00F066
:100EE800004C02BF400010F4000F013AF9D040EA6C
:100EF8000C0093F0000F01F0004C02BF490011F400
:100F0800000F013BF9D041EA0C018FE70CEAD153FD
:100F180092EA0C0F18BF93EA0C0F0AD030F0004C7D
:100F280018BF31F0004CD8D180EA010000F0004031
:100F3800704790F0000F17BF90F0004F084691F0EF
:100F4800000F91F0004F14D092EA0C0F01D1420229
:100F58000FD193EA0C0F03D14B0218BF084608D1F2
:100F680080EA010000F0004040F0FE4040F400003C
:100F7800704740F0FE4040F4400070474FF0FF0CCF
:100F88001CEAD0521EBF1CEAD15392EA0C0F93EA16
:100F98000C0F69D0A2EB030280EA010C49024FEA68
:100FA800402037D04FF0805343EA111143EA101321
:100FB8000CF000408B4238BF5B0042F17D024FF4D9
:100FC800000C8B4224BF5B1A40EA0C00B3EB510FB4
:100FD80024BFA3EB510340EA5C00B3EB910F24BF9D
:100FE800A3EB910340EA9C00B3EBD10F24BFA3EB22
:100FF800D10340EADC001B0118BF5FEA1C1CE0D1EA
:10100800FD2A3FF650AF8B4240EBC25008BF20F09C
:10101800010070470CF0004C4CEA50207F32C2BFF0
:10102800D2F1FF0340EAC250704740F400004FF08D
:101038000003013A37E792F0000F00F0004C02BFBE
:10104800400010F4000F013AF9D040EA0C0093F088
:10105800000F01F0004C02BF490011F4000F013BE2
:10106800F9D041EA0C0195E70CEAD15392EA0C0F4A
:1010780008D142027FF47DAF93EA0C0F7FF470AF82
:10108800084676E793EA0C0F04D14B023FF44CAFC5
:1010980008466EE730F0004C18BF31F0004CCAD15A
:1010A80030F000427FF45CAF31F000437FF43CAF96
:1010B8005FE700BF4FF0FF3C06E000BF4FF0010CB8
:1010C80002E000BF4FF0010C4DF804CD4FEA40029A
:1010D8004FEA41037FEA226C18BF7FEA236C11D0E4
:1010E80001B052EA530C18BF90EA010F58BFB2EB97
:1010F800030088BFC81738BF6FEAE17018BF40F017
:10110800010070477FEA226C02D15FEA402C05D1CA
:101118007FEA236CE4D15FEA412CE1D05DF8040B4F
:10112800704700BF844608466146FFE70FB5FFF7E2
:10113800C9FF002848BF10F1000F0FBD4DF808ED9A
:10114800FFF7F4FF0CBF012000205DF808FB00BF8B
:101158004DF808EDFFF7EAFF34BF012000205DF8E5
:1011680008FB00BF4DF808EDFFF7E0FF94BF012032
:1011780000205DF808FB00BF4DF808EDFFF7D2FF2F
:1011880094BF012000205DF808FB00BF4DF808ED72
:10119800FFF7C8FF34BF012000205DF808FB00BF3F
:1011A80008B572B600220620114609F07FF8FEE75E
:1011B800002330B5012097B04FF480310124022577
:1011C8004FF48012CDE91133CDE90233CDE9043370
:1011D800CDE90733CDE909330E93019306930F93B5
:1011E8000B934FF48033CDE90C010CA8CDE91432F0
:1011F8001094139503F0F8F8C0B903464FF48062D1
:10120800039305930F23214601A8029504920193A5
:1012180003F002FB50B910224FF4800306A806928F
:101228000B9303F0BDFB08B917B030BDFFF7B8FF4B
:101238002DE9F0430024B9B003F0A0F8FFF7B8FF98
:101248001021CDE92844CDE92A44B84B02259A69F2
:1012580001260A439A6110279A69B5480A40009204
:10126800009A9A6942F020029A619A6902F0200273
:101278000192019A9A6942F004029A619A6902F00D
:1012880004020292029A9A6942F008029A619B69E2
:10129800224603F008030393039B03F065FD2246EF
:1012A8003021A44803F060FD22464FF20301A24812
:1012B80003F05AFD9E4828A92B95CDE928762A9453
:1012C80003F0F0FB30239B4828A9CDE92836CDE967
:1012D8002A4503F0E7FB4FF20303CDE92A45964878
:1012E800964D28A92893299603F0DCFB944B2846B1
:1012F800CDE908442B6003F0E1FE002840F0B481FA
:101308002846002402253A4608A9CDE9084503F0F5
:101318003DFF0446002840F0A7814FF6FF76894D2F
:101328000146CDE90F00CDE92100CDE92300CDE943
:1013380025000E900690209011900790202228A852
:101348000BF00CFB804B2846C5E90144C5E9036452
:10135800C5E905442B6004F0DFF9002840F08481DA
:101368004FF4805728460EA90E9704F0ABF80028D2
:1013780040F07A81284604F0FDF9002840F0748195
:101388004FF000084FF00009284606A9CDE9068964
:1013980004F0C0FA0246002840F066816023CDE9D7
:1013A80021002390269020A92846CDE9248920935E
:1013B80004F042FA002840F0578100224FF400530D
:1013C800CDE92800CDE92A002F9028A92846CDE9A3
:1013D8002C2304F0DDFA0446002840F04581284615
:1013E80000F09EFA4FF08043584DCDE90B44284653
:1013F800C5E90144CDE91344CDE91544CDE91944C3
:10140800CDE91B44CDE91D44EE602B600A9412948B
:10141800049418942C61AC610D94059404F07CF943
:10142800002840F0218128460AA90A9704F04AF8C2
:10143800002840F01981284604F09CF9002840F063
:10144800138144464D46414812A9CDE9124504F09E
:10145800EFF8002840F008813C4804A9CDE904458C
:1014680004F058FA0246002840F0FE806024002567
:101478001A901C9018A93548CDE9184504F0DCF9F4
:10148800002840F0F1800422304818A904F0D4F96B
:101498000546002840F0E8802C4800F041FA4FF457
:1014A80016530C242A48C0E901352A4BC0E90355D4
:1014B8000360C0E90545C56104F0DEFA034600286B
:1014C80040F0D2802448254AC0E9033302604FF433
:1014D8009642C0E905438360C361426004F0CCFAD8
:1014E8000346002840F0C0804FF4E1351C481D4AEF
:1014F800C0E90333C0E905438360C3610260456006
:1015080004F0BAFA0346002840F0AE801648C0E955
:101518000153C0E90333C0E90543C361134B0360BA
:1015280004F0AAFA002840F09F8021E00010024051
:101538000008014000100140000C01403006002066
:1015480000740040E8050020002C0140A0050020A0
:1015580058050020004C00401005002000380140CC
:10156800C8040020004400408004002000480040D7
:1015780000F0E8FC06F0A6F906F0B2FB032000F044
:101588000BFB05F0A5FE0AF04BFB00286CD105F01B
:1015980055FF05F00DFF0021544805F001F907F04B
:1015A80093FF074600285FD1012009F023FF384642
:1015B80008F0BAFD08F0B6FD03464D4D4FF47A70B9
:1015C8002B6002F0FFFE642314224A49022000F037
:1015D800F3FB4FF47A7002F0F5FE642308224649C3
:1015E800022000F0E9FB642005F0FCFE642002F014
:1015F800E9FE64230A224149022000F0DDFB642051
:1016080002F0E0FE08F0EAFC044678BB64231422EA
:1016180002203B4900F0D0FB42F2107408F082FD32
:101628002B68C01AA042F9D908F070FD04460028BA
:101638003CD1032464230A223249022000F0BCFB77
:10164800642002F0BFFE64230A222F49022000F022
:10165800B3FB642002F0B6FE64200AF011FB032CF1
:1016680021D107F0CBFFFCE7FFF79AFD274AC0F32B
:10167800071600F00F052649965D555D6423142270
:101688008E74CD74022000F097FB22493B46224617
:1016980028A80BF097F828A8FEF7C2FD014628A84D
:1016A80089B200F0ADFD07F0AFFFFCE71A4BC0F3BD
:1016B800071217499A5C8A7400F00F029A5C02209C
:1016C800CA746423142200F077FB224600231149D0
:1016D80028A80BF077F828A8FEF7A2FD014628A84D
:1016E80089B200F08DFD0424A4E700BF61B00008B2
:1016F8007C040020B4F7000874F7000894F7000889
:10170800A0F7000888F700087CF700089CF6000896
:1017180088010020F0EC00089CF60008FEE700BFF6
:101728000C4B1C605D609E60DF60C3F81080C3F8DE
:101738001490C3F818A0C3F81CB01EF0040F0CBF17
:10174800EFF30881EFF309817246022008F0AEFD3D
:10175800FEE70000187800200C4B1C605D609E605E
:10176800DF60C3F81080C3F81490C3F818A0C3F85A
:101778001CB01EF0040F0CBFEFF30881EFF30981D2
:101788007246032008F092FDFEE70000187800205A
:101798000C4B1C605D609E60DF60C3F81080C3F86E
:1017A8001490C3F818A0C3F81CB01EF0040F0CBFA7
:1017B800EFF30881EFF309817246042008F076FD03
:1017C800FEE70000187800200C4B1C605D609E60EE
:1017D800DF60C3F81080C3F81490C3F818A0C3F8EA
:1017E8001CB01EF0040F0CBFEFF30881EFF3098162
:1017F8007246052008F05AFDFEE700001878002020
:10180800704700BF704700BF704700BF08B507F0BA
:1018180089FEBDE8084002F0C3BD00BF014800F0E2
:10182800CDBE00BF081A00200E4B82B09A690E493F
:1018380042F001029A619A6902F001020092009A4C
:10184800DA6942F08052DA61DB6903F08053019370
:10185800019B4B6823F0E06343F000734B6002B0D8
:10186800704700BF0010024000000140002330B55F
:10187800154A016887B09142CDE90233CDE90433B6
:1018880001D007B030BD2024032503F1804303F5C0
:101898000433DA690D4842F00052DA61DA6902A9C4
:1018A80002F000520092009A9A6942F004029A618A
:1018B8009B69CDE9024503F004030193019B03F002
:1018C800F1F807B030BD00BF0074004000080140C7
:1018D800114A036882B0934211D0B3F1804F01D00E
:1018E80002B0704703F50433DA6942F00102DA61A5
:1018F800DB6903F001030193019B02B07047074BBA
:101908009A6942F400629A619B6903F40063009348
:10191800009B02B0704700BF002C0140001002403D
:10192800002370B51E49026886B08A42CDE90233A9
:10193800CDE9043304D0B2F1804F1BD006B070BD9E
:101948004FF480740225022603F1804303F5043323
:101958009A69144842F004029A619B6902A903F04B
:1019680004030093CDE90245009B059603F09AF81D
:1019780006B070BD0324022502260B4B09489A695C
:1019880002A942F004029A619B69CDE9024503F07D
:1019980004030193019B059603F084F806B070BD1B
:1019A800002C01400008014000100240D0B500247E
:1019B8006F4A03688CB09342CDE90844CDE90A44E4
:1019C8003CD06C4A93426BD06B4A934200F09F80A4
:1019D8006A4A934201D00CB0D0BD694B4FF480667F
:1019E800DA69022742F48022DA61DA6908A902F486
:1019F80080220692069A9A69624842F008029A6121
:101A08009B69CDE9086703F0080307930323079A46
:101A18000B9303F047F800234FF4006208A95948D4
:101A2800CDE908230A9403F03DF8224621462720F1
:101A380003F0B0F9272003F0E9F9CCE7504B4FF455
:101A48008066DA69022742F40022DA61DA6908A9B5
:101A580002F400220092009A9A694B4842F0100260
:101A68009A619B69CDE9086703F01003019303238A
:101A7800019A0B9303F016F800234FF4006208A9AB
:101A88004148CDE908230A9403F00CF82246214680
:101A9800342003F07FF9342003F0B8F90CB0D0BD3E
:101AA800374B40269A69022742F480429A619A6924
:101AB80008A902F480420292029A9A69314842F0D7
:101AC80008029A619B69CDE9086703F0080303934C
:101AD8000323039A0B9302F0E5FF8022002308A951
:101AE8002848CDE908230A9402F0DCFF274A21465A
:101AF8005368252043F0E06343F004035360224613
:101B080003F048F9252003F081F90CB0D0BD1C4B37
:101B18000426DA69022742F40032DA61DA6908A990
:101B280002F400320492049A9A69194842F00402B5
:101B38009A619B69CDE9086703F0040305930323C1
:101B4800059A0B9302F0AEFF0023082208A910485B
:101B5800CDE908230A9402F0A5FF22462146262053
:101B680003F018F9262003F051F90CB0D0BD00BFDE
:101B7800004C00400038014000440040004800404C
:101B880000100240000C014000100140000001401C
:101B980000080140704700BF03280DD8DFE800F0B7
:101BA800110F0D02084B1B68DA6842F02002DA6058
:101BB8005A6942F001025A617047044BF3E7044B3B
:101BC800F1E7044BEFE700BF580500208004002030
:101BD800C804002010050020114B1A6813689906E4
:101BE80008D41B0705D0536882B00193019B02B04B
:101BF800704770470B4B51681A8858880132D2B227
:101C080080B28242C9B205D018881A8082B21344C1
:101C18001971704758880130C0B25880F4E700BF86
:101C28001005002044060020144B1A681368990612
:101C380008D41B0705D0536882B00193019B02B0FA
:101C4800704770470E4B5168B3F80421B3F806018A
:101C58000132D2B280B28242C9B208D0B3F80401CC
:101C6800A3F8042182B2134483F808117047B3F82B
:101C780006010130C0B2A3F80601EFE7C80400204E
:101C880044060020144B1A681368990608D41B07E9
:101C980005D0536882B00193019B02B0704770472A
:101CA8000E4B5168B3F80822B3F80A020132D2B2D7
:101CB80080B28242C9B208D0B3F80802A3F8082259
:101CC80082B2134483F80C127047B3F80A02013049
:101CD800C0B2A3F80A02EFE78004002044060020FF
:101CE800144B1A681368990608D41B0705D0536863
:101CF80082B00193019B02B0704770470E4B516848
:101D0800B3F80C23B3F80E030132D2B280B2824288
:101D1800C9B208D0B3F80C03A3F80C2382B2134459
:101D280083F810137047B3F80E030130C0B2A3F85C
:101D38000E03EFE75805002044060020032837D893
:101D4800B1B3AAB370B5EFF3108572B6194E00EBB4
:101D5800801006EB80034FEA800C5C8836F80C0094
:101D6800A4B280B284424FF000001ED04C1E01E0A5
:101D780082421AD0B3F802C0B3F802E01FFA8CFC12
:101D88000EF1010E5FFA8EFEA3F802E05988B3F84F
:101D980000E09C449CF8046089B21FFA8EFC013074
:101DA800614504F8016F80B2E2D185F3108870BDF7
:101DB8000020704744060020A1B12AB1032813D897
:101DC800DFE800F0070A0D0410467047074803F0E3
:101DD80087BE074803F084BE064803F081BE064864
:101DE80003F07EBE08467047012070475805002062
:101DF80010050020C804002080040020F0B5013937
:101E0800C9B2072993B002D80328054603D901248B
:101E1800204613B0F0BD184B53F82060002EF6D0C2
:101E2800164B53F82130EFF3108772B630467360C3
:101E380003F022FE044648B93268D36843F0200311
:101E4800D3603268536943F00103536187F3108804
:101E580073680B4A4021009302A86B1C0AF07CFCB3
:101E680002A8FEF7DDF9014602A889B200F0C8F918
:101E7800204613B0F0BD00BFE8F60008C8F6000819
:101E88000CED000808B50AF0BBFD092203461A60EC
:101E98004FF0FF3008BD00BF08B521B14FF4005323
:101EA80000204B6008BD0AF0ABFD162203461A60FD
:101EB8004FF0FF3008BD00BF012070470120704778
:101EC80008B50AF09DFD162203461A604FF0FF3050
:101ED80008BD00BF08B50AF093FD1D2203461A602D
:101EE8004FF0FF3008BD00BF002070471046704714
:101EF80072B6FEE708B5104A0346106888B1002B91
:101F080000EB030104DD0D4B99420ED8116008BDAA
:101F1800FCD00B4B9942F9D20AF072FD16230360EC
:101F280007E0074908461160E9E70AF069FD0C2354
:101F380003604FF0FF3008BD540A00200000012064
:101F4800E881002008B500221749184803F038FE38
:101F580070B91749154803F049FE88B9154913485F
:101F680004F088FBA0B9114803F048FEB8B908BDD1
:101F7800FFF716F90E490D4803F038FE0028EDD09A
:101F8800FFF70EF90B49094804F074FB0028EAD062
:101F9800FFF706F9054803F031FE0028E7D0BDE851
:101FA8000840FFF7FDB800BF38000020580A00209D
:101FB8004001002054000020122301480B80704784
:101FC80024000020042301480B80704720000020D3
:101FD80010B5044C0A460448214604F09BF92046F3
:101FE80010BD00BF1C0D00202CED000810B5044CDE
:101FF8000A460448214604F08DF9204610BD00BF6A
:102008001C0D002040ED000810B5044C0A46044899
:10201800214604F07FF9204610BD00BF1C0D0020AA
:1020280054ED000810B5044C0A460448214604F053
:1020380071F9204610BD00BF1C0D002060ED00089E
:102048001A231A480B80D0F8E837D0F8F0279B18E5
:1020580001D117487047164A10B511460024D0F828
:10206800EC0702F1100E4FEA137CB3F1204F34BF96
:102078000CF1300C0CF1370C81F802C0CC70023135
:102088008E454FEA0313EED100240A49030FB0F13D
:10209800204F34BF303337339374D47402329142B3
:1020A8004FEA0010F2D1024810BD00BF00F0FF1F38
:1020B800040000200C00002000207047202815D0C4
:1020C800212801D000207047104B00201A680A70A0
:1020D8001A68120A4A705A888A70DA78CA701A79A5
:1020E8000A715A794A719B798B71704710B4074B02
:1020F8000C6891F804C048798A7958711C6083F893
:1021080004C09A71002010BC704700BF6400002012
:1021180010B5064C00222046054904F0B3FA2046C3
:10212800044904F0B9FA002010BD00BF580A002085
:10213800E80F0020E813002041B301442DE9F041E5
:10214800421E0027124C134D134E01F1FF3C08E0CC
:10215800BEF1C70F05F8080094BF23802780944577
:1021680012D0B4F9003012F8010F002B2188F6DBE9
:102178004B1C4028C3F30D0EC1F30D089BB2E7D1E9
:10218800314394452180ECD1BDE8F081704700BF10
:10219800E40F00201C0F00200080FFFF70B50446EC
:1021A8000D46074E2146304604F076FA304604F0D4
:1021B80095FA20462968FFF7BFFF002070BD00BFD1
:1021C800580A0020004870471C0F0020024B18884E
:1021D800C0F30D00704700BFE40F0020014B1888C2
:1021E800C00B7047E40F00200021034BC8220348AE
:1021F80019800AF0B3BB00BFE40F00201C0F0020B9
:10220800B0B32DE9F0470F4679B31A4C94F89C32D5
:10221800032B2AD180464FF0000AA7EB0A06B6B274
:10222800402E28BF402602F0C7F808EB0A090546E9
:1022380004E002F0C1F8431B022B16D8D4F8B832D8
:10224800D3F81432002BF4D132464946204604F024
:1022580019FA204604F028FA0128EAD056441FFA51
:1022680086FA5745D9D8012000E00020BDE8F0875C
:1022780000207047580A00200E4B02689A4200D08E
:102288007047002200B503F5DA33D96983B041F409
:102298000001D961DB69142003F40003019311469E
:1022A800019B02F077FD142003B05DF804EB02F007
:1022B800ADBD00BF005C00400146D0F8D40201F576
:1022C800267103F0B7BC00BF01EB810300EBC30329
:1022D800D3F86421D0F8D40203F0DCBC01EB81030D
:1022E80000EBC3035A6AD0F8D40203F00DBD00BF57
:1022F800D0F8D40203F0A8BD10B583790446022BA8
:1023080001D0FEF74DFFD4F8D402012103F084FD7B
:10231800D4F8D402BDE8104003F056BD10B5044609
:10232800D0F8D40203F07CFDA37A23B1024A1369E2
:1023380043F00603136110BD00ED00E0D0F8D402AD
:1023480003F078BD10B508241D4B00221C7104460B
:1023580002215A811A731B4AC3F8D4421846C4F89A
:10236800C03299711A6000F0B1F830BB002218230E
:102378001146D4F8C00201F025F858230022802124
:10238800D4F8C00201F01EF8C02300228121D4F83D
:10239800C00201F017F84FF4887300220121D4F825
:1023A800C00201F00FF84FF4807300228221D4F8A4
:1023B800C00201F007F8002010BDFEF7F1FED5E7D6
:1023C800081A0020005C004008B5D0F8C00200F0F0
:1023D800DBF818B102280CBF0120022008BD00BF9D
:1023E800944608B51A46D0F8C002634600F0CEFEFF
:1023F80018B102280CBF0120022008BD08B5D0F88A
:10240800C00200F0F9FE18B102280CBF012002201A
:1024180008BD00BF08B5D0F8C00200F05BFF18B1D6
:1024280002280CBF0120022008BD00BF08B5D0F863
:10243800C00200F08FFF18B102280CBF0120022053
:1024480008BD00BF0A06D0F8C03206D401EB8101EE
:1024580003EBC10393F85201704701F07F0101EBD0
:10246800810103EBC103987C704700BF08B5D0F821
:10247800C00200F077FE18B102280CBF012002202C
:1024880008BD00BF08B5D0F8C00200F005FF18B1BC
:1024980002280CBF0120022008BD00BF08B5D0F8F3
:1024A800C00200F0D7FE18B102280CBF012002209C
:1024B80008BD00BFD0F8C00200F0E4BE0048704775
:1024C800E8170020704700BF704700BF70B5C8B15B
:1024D80090F89132044603F0FF02002B4FD00322FC
:1024E8000023254684F891226371206800F09AFF42
:1024F80055F8040B95E80E0000F082FF28B102237E
:1025080084F891320125284670BD0146206800F004
:1025180093FF01460028F2D12679FEB123462246D0
:102528004FF0010C11740131B142C2E9080082F880
:1025380011C0D07442F8280FF4D100210A4683F85C
:1025480050110131B142C3E9582283F8512183F86F
:102558005321C3F8682103F12803F0D195E80E0050
:10256800206800F06BFF05460028C8D1012360737E
:10257800206884F8913201F0A3FE284670BD80F8E7
:102588009022FFF779FEAAE738B590F89032012B30
:1025980012D004460125006884F8905200F038FFF4
:1025A80029462046FFF790FF206801F087FE0023A8
:1025B80084F89032184638BD022038BD2DE9F04F16
:1025C800044685B0006801F07DFE10F4004528D16E
:1025D800430500F1EC81470417D4860400F16982B1
:1025E80010F4805340F0C28205057ED4820500F1C4
:1025F800B383C30512D52268B2F8443023F480733C
:102608001B041B0CA2F8443008E02268B2F84430DE
:1026180023F480431B041B0CA2F8443005B0BDE82A
:10262800F08F2068B0F844301A04F7D540F68F7759
:10263800C24E10E011F0100100F0EC80018811F496
:1026480000658BB240F059811B0400F1CE81B0F8CF
:1026580044301A04E2D5B0F84450A9B215F00F0579
:10266800E8D030F825304FEA850819041FFA83F9B5
:1026780000F1898019F0800FE9D030F825309BB23D
:10268800334043F4004320F8253008EB050304EBFE
:10269800C302D17CDB00012900F01782206892F880
:1026A80010C019F4807A916A00F5806E4FEACC0B5D
:1026B80040F0DA80B0F85050ADB25D4402353EF8D3
:1026C8001550C5F309058D4280F02B82491B916294
:1026D80003F11001536A21442B445362D36A2B44FB
:1026E800D36201F075F92068B1E72768ADF10205FA
:1026F80039462A460DF10E0631F8040B22F8020F6E
:102708009642F9D1B7F8402092B242F00102A7F8F8
:1027180040202168B1F8402022F001021204120C76
:10272800A1F840202168B1F844205005FBD5B1F844
:10273800442022F480621204120CA1F8442022687A
:1027480035F8021FD1520433202BF8D122682046D5
:10275800B2F840309BB243F00803A2F84030226838
:10276800B2F8443023F400631B041B0CA2F8443075
:102778002268B2F840309BB243F00403A2F840301C
:10278800FFF7CCFD4AE730F8253008EB05013B4060
:1027980043F0800320F8253004EBC10191F85C3147
:1027A800002B40F0CD80206891F85021B0F85030CF
:1027B8009BB2063303EBC20300EB4303B3F800A458
:1027C800CAF3090ABAF1000F40F0EF814FF0000A8E
:1027D80008EB050304EBC302D900D2F86C3153446B
:1027E800C2F86C31D2F864315344C2F86431D2F87B
:1027F800683123B1D2F86031534540F29A8108EB31
:10280800050304EBC303204693F85011FFF75CFD62
:1028180020682FE703889BB2334043F400430380CA
:102828002268207CB2F850309BB203EBC00302EB65
:102838004302B2F80434626AC3F309031A44E36238
:1028480020466262FFF74AFD637B002B53D0A36AE0
:102858002068002B7FF4FBAE627B42F08002A0F878
:102868004C2020686373F2E6B0F8503009F4804ACF
:102878009BB219F040095B4440F09F8106333EF853
:102888001330C3F309038B4200F27E82C91A9162A6
:10289800002900F07B82BAF1000F0ED130F82C101D
:1028A80021F4E04121F070010904090C41F4404190
:1028B80041F0800120F82C10206808EB050C04EB8F
:1028C800CC0C9CF83410012900F09183A84404EB47
:1028D800C80898F8102030F8223023F4E04323F099
:1028E80040031B041B0C83F0300343F4004343F004
:1028F800800320F822302068A9E6B0F8503094F818
:1029080050219BB203EBC20300EB4303B3F80C3432
:10291800B4F85621C3F30903C4F86C3104F52671E1
:1029280001F0E6FC2268204613883B4043F0800310
:102938001380FFF7C1FC206889E600BF0F8FFFFFF7
:1029480091F853312268022B91F8500100F0AF81C1
:1029580032F8203023F4E04323F070031B041B0CEF
:1029680043F4004343F0C00322F82030206891F874
:10297800502130F8223013F4804FB0F850309BB219
:1029880000F0DF80023303EBC20300EB4303B3F82C
:1029980000A4CAF3090ABAF1000F3FF417AFB1F85F
:1029A80058215346D1F8641101F0A2FC10E72268BF
:1029B8002046B2F8443023F480631B041B0CA2F8B1
:1029C8004430FFF799FC94F89032012B3FF426AE7F
:1029D800012329462068657384F8903201F068FC69
:1029E80084F8905205B0BDE8F08F40F68F730288E6
:1029F800134043F080030380206894F85021B0F816
:102A080050309BB203EBC20300EB4303B3F80C3422
:102A1800C3F30903C4F86C3193B1D4F8641179B1E4
:102A2800B4F8562101F064FCD4F86431D4F86C2170
:102A3800204613442946C4F86431FFF745FC206852
:102A4800038819059AB23FF502AE02F44052B2F576
:102A5800405F3FF4FCADB0F8503000F20C409BB240
:102A6800C25AC2F30902C252D4F860213E2A40F287
:102A780080815109D206C25A08BF01F1FF3192B2D2
:102A880042EA81226FEA42426FEA524292B2C2524D
:102A98002268138823F4804323F070031B041B0C63
:102AA80083F4405343F4004343F0800313802068C9
:102AB800CDE52268B2F8443023F400531B041B0C04
:102AC800A2F8443005B0BDE8F08F00216B1C03EB81
:102AD800830344F83310137FCBB119F0400940F059
:102AE800DA80517C2368002940F0EF81127CB3F82A
:102AF8005010120103F20C4389B20B44D15AC1F3AE
:102B08000901D152D15A89B241F40041D152A844A5
:102B180004EBC808204698F81010FFF7DFFB206880
:102B280095E520466146C2F828A0FFF7D7FB206844
:102B38008DE501F5A8712068214400F049FF20685F
:102B480098E5063303EBC20300EB4303B3F800A494
:102B5800CAF3090ABAF1000F3FF438AEB1F85A21A6
:102B68005346D1F8641101F0C3FB31E622682046D0
:102B7800B2F8403023F004031B041B0CA2F84030C9
:102B88002268B2F8403023F008031B041B0CA2F89B
:102B98004030FFF7D3FB2268B2F8443023F4805367
:102BA8001B041B0CA2F8443038E5B1F856215346F3
:102BB800D1F8641101F09CFB0AE602333EF81330A9
:102BC800C3F309038B4280F03B81C91A9162BAF1C1
:102BD800000F0ED030F82C1021F4E04121F07001E4
:102BE8000904090C41F4404141F0800120F82C10FF
:102BF800206808EB050C04EBCC0C9CF83410012978
:102C08007FF464AEDCF824101944CCF82410D16A9F
:102C18001944D162DCF83010DCF820209142C0F071
:102C28006782891ACCF8301093B208EB050104EBDF
:102C3800C10191F811C0BCF1000F40F04A82097C33
:102C48003E2A00EB0111B0F8500001F2044180B2B5
:102C580031F800C0CCF3090C21F800C040F25982C9
:102C68004FEA521CD2060A5A08BF0CF1FF3C92B236
:102C780042EA8C226FEA42426FEA524292B20A5208
:102C8800206808EB050104EBC1010A8B496A01F0D1
:102C98001FFB20681AE6537C002B40F02481236830
:102CA800127CB3F85010120103F2044324E7B2F87F
:102CB80050304FEAC00B9BB219F4804ED1F868C16E
:102CC80002F5806A5B4400F01C8102333AF8133045
:102CD800C3F3090363459A4600F28181ACEB030C08
:102CE800C1F868C1BCF1000F0FD132F8201021F4EF
:102CF800804121F070010904090C81F4005141F46C
:102D0800004141F0800122F8201019F0400F14D042
:102D180008EB050204EBC20292F85001216831F871
:102D2800202022F4E04222F070021204120C42F435
:102D3800004242F0C00221F82020002B3FF448ADA9
:102D480008EB050104EBC101B1F858212068D1F85E
:102D5800641101F0CDFA3BE522682046B2F8443010
:102D680023F400731B041B0CA2F84430FFF7C0FACD
:102D780054E4002A40F00B81C25A6FEA42426FEADB
:102D8800524292B2C25283E6C2F8289008EB050379
:102D980004EBC3035B7C002B40F00481B0F8503097
:102DA80000F204429BB24FEA0C1C1A4432F80C3071
:102DB800C3F3090322F80C3032F80C306FEA4343AE
:102DC8006FEA53439BB222F80C3008EB050304EB7F
:102DD800C303597C1A7C2368002940F06D81B3F83D
:102DE800501003F20C4389B212010B44995AC1F3F3
:102DF80009019952995A6FEA41416FEA514189B2E2
:102E0800995208EB050904EBC909204699F81010F6
:102E1800FFF764FABAF1000F55D199F8101022683B
:102E280032F8213023F4E04323F070031B041B0C19
:102E380043F4404343F0800322F82130206845E5FD
:102E48000021537C9162002B40F0BB80B0F85020E9
:102E580000F2044392B24FEA0C1C134433F80C20DE
:102E6800C2F3090223F80C2033F80C2092B242F482
:102E7800004223F80C2008EB050304EBC303597C3C
:102E88001A7C2368002940F0F780B3F8501003F249
:102E98000C4389B212010B44995AC1F309019952A2
:102EA800995A6FEA41416FEA514189B2995208EB48
:102EB800050904EBC909204699F81010FFF70EFA26
:102EC800BAF1000FA9D1206800E501297FF41FAEEF
:102ED800B3F85010127C03F20C4389B212010B4470
:102EE80022F8039013E6012B7FF411AE2368127CBD
:102EF800B3F8500003F2044380B212010344D152E4
:102F080005E606333AF81330C3F3090363459A46D6
:102F18006AD8ACEB030CC1F868C1BCF1000F0FD143
:102F280032F8201021F4804121F070010904090CC5
:102F380081F4005141F4004141F0800122F8201051
:102F480019F0400F14D108EB050204EBC20292F805
:102F58005001216831F8202022F4E04222F070026A
:102F68001204120C42F4004242F0C00221F8202060
:102F7800002B3FF42DAC08EB050104EBC101B1F8BF
:102F88005A212068D1F8641101F0B2F920E45108FF
:102F9800D507C25A48BF013192B242EA812292B2A1
:102FA800C25275E5012B7FF42CAF0021B0F85020F8
:102FB80000F2044392B24FEA0C1C134423F80C109D
:102FC80003E7012B7FF473AFB0F8502000F20443FD
:102FD80092B24FEA0C1C134423F80C104BE74FF045
:102FE800000CC1F868C180E6C1F868E198E7DCF830
:102FF80024101944CCF82410D16A1944D162DCF8A1
:103008003010DCF82020914251D3891ACCF83010C6
:1030180093B208EB050104EBC10191F811C0BCF1B2
:10302800000F36D1097C3E2A00EB0111B0F85000A0
:1030380001F20C4180B231F800C0CCF3090C21F840
:1030480000C05AD94FEA521CD2060A5A08BF0CF1DE
:10305800FF3C92B242EA8C226FEA42426FEA524245
:1030680092B20A52206808EB050104EBC1014A8BB1
:10307800496A01F02DF926E701297FF418AF0020ED
:10308800B3F8501003F20C4389B212010B44985262
:103098000DE7BCF1010FE6D10A7CB0F8501000EB47
:1030A800021202F20C4289B253522068DBE799BB44
:1030B8001A468CF83410ACE701297FF4A2AE002040
:1030C800B3F8501003F20C4389B212010B44985222
:1030D80097E6BCF1010F7FF4D4AD0A7CB0F850102C
:1030E80000EB021202F2044289B253522068C8E58A
:1030F80031B91A468CF8341097E5B2B90A5AABE7D9
:103108004FF0000E0A468BB28CF834E0CCF830E071
:103118008BE5C2B90A5AADE54FF0000E0A468BB2EC
:10312800CCF830E08CF834E073E74FEA520CD20761
:103138000A5A48BF0CF1010C92B242EA8C2292B2B0
:103148000A5220688FE74FEA520CD2070A5A48BF42
:103158000CF1010C92B242EA8C2292B20A52206817
:103168008FE500BF90F89022012A0DD010B50122FA
:1031780004460068617384F8902201F099F80023EE
:1031880084F89032184610BD0220704701F0070CF1
:1031980010B5090604460CEB8C004FEAC0001FD49A
:1031A8004FF0000E00F5A871204480F851E1214449
:1031B800022BCB7008BF002381F800C008BF0B7139
:1031C8000A6194F89032012B13D00123206884F807
:1031D800903200F049F9002384F89032184610BD67
:1031E8004FF0010E00F11001204480F811E0214455
:1031F800DEE7022010BD00BF01F0070202EB8203E8
:10320800090610B54FEAC303044616D403F5A8719E
:1032180001440344002083F851010A7094F8903265
:10322800012B15D00123206884F8903200F0E0FAD1
:10323800002384F89032184610BD03F110010144B0
:103248000344012058740A7094F89032012BE9D194
:10325800022010BD10B5002401F0070101EB810E1A
:1032680000EBCE0CCCE959238CF85011CCF86C410A
:103278008CF851410CF5A871006800F0A9FB2046B4
:1032880010BD00BF01F0070101EB810100EBC10097
:10329800D0F86C01704700BF01F0070138B501EBA9
:1032A800810E00EBCE0C012500248CF8101061462D
:1032B800CCF82420CCF82830CCF830308CF83450B6
:1032C800CCF82C408CF811501031006800F080FBCD
:1032D800204638BD38B5037901F00705AB4230D335
:1032E8000B0604461BD401EB8101C90001F5A87245
:1032F80043188118002283F8512101230D708B7027
:1033080094F890229A421AD0206884F8903200F0FB
:103318004DFFC5B1002384F89032184638BD01220C
:1033280005EB8503DB0003F1100103445A74012304
:1033380001440D708B7094F890229A42E4D10220D7
:1033480038BD012038BD206804F5267100F0BEFFA5
:10335800E0E700BF38B5027901F00F039A422FD396
:1033680001F0070202EB8203090604464FEAC30391
:1033780017D403F5A871014403440025002083F8FD
:1033880051010A708D7094F89032012B16D00123E8
:10339800206884F8903200F031FF84F89052284673
:1033A80038BD03F11001014403440025012058747D
:1033B8000A708D7094F89032012BE8D1022038BD44
:1033C800012038BD11F0800F0CD001F0070101EB8E
:1033D800810100EBC100103099B262B9C18002735B
:1033E8000020704701EB810100EBC10000F5A870D7
:1033F80099B2002AF2D0012283600273002070473C
:1034080084B004A800E90E00002004B0704700BF93
:10341800034600224FF43F41A3F844201046A3F886
:1034280040107047034644F2FF02B3F840100020F2
:103438000A40A3F840207047002070474FF0000C66
:1034480010B584B004AC04E90E004FF0010E034639
:103458006046A3F840E0A3F840C0A3F844C0A3F82E
:1034680050C004B010BD00BF034630B591F800C08D
:10347800C87833F82C2022F4EC4222F070021204AF
:10348800120C032800F2AF81DFE800F05C54025808
:10349800002048F2800E42EA0E0223F82C2091F810
:1034A80000C0D24C33F82C2092B222404CEA0202DF
:1034B8004EEA020223F82C200A7B002A45D1CA884A
:1034C80091F800C04D785208520003EB0C1C002DF7
:1034D80000F00981B3F850E01FFA8EFEF444ACF80E
:1034E800002491F800C033F82C5003EB8C026D06D1
:1034F8000CD533F82C2092B2224042F4004242F01C
:10350800C00223F82C200A7803EB8202CB78012B27
:10351800138823F4E04323F040034FEA03434FEAC0
:10352800134318BF83F0200343F4004343F08003A0
:10353800138030BD002042F48062AAE7002042F4E4
:10354800C062A6E742F40072A3E7CA7891F800C007
:10355800022A33F82C2000F01F8122F4E24222F0E4
:1035680070021204120C4EEA020E23F82CE00A78BC
:10357800B1F808C0B3F8504003EB02124FEA5C0CF4
:10358800A4B202F580624FEA4C0C22F804C00A7813
:10359800B1F80AC0B3F8504003EB02124FEA5C0CD2
:1035A80002F58162A4B24FEA4C0C22F804C04A78B2
:1035B800002A4AD10C7833F8242003EB840C5504F4
:1035C80011D533F8242022F4E04222F070021204CC
:1035D800120C42F4404242F0800223F8242091F871
:1035E80000C003EB8C0CBCF80020520611D5BCF8C7
:1035F800002022F4E04222F070021204120C42F47D
:10360800004242F0C002ACF8002091F800C003EB81
:103618008C0C48F28004BCF8002022F4804222F08E
:1036280070021204120C82F440522243ACF80020BB
:10363800097833F8212022F4E04222F040021204F3
:10364800120C144323F8214030BD91F800C033F820
:103658002C2003EB8C04550410D533F82C2022F4CD
:10366800E04222F070021204120C42F4404242F08E
:10367800800223F82C200C7803EB8404228852065D
:103688000ED5228822F4E04222F070021204120CB5
:1036980042F4004242F0C00222800C7803EB84041A
:1036A800CA78012A228822F4E04222F040024FEA36
:1036B80002424FEA124218BF82F0200242F400424E
:1036C80042F080022280097833F8212022F48042D7
:1036D80022F070021204120C42F4004242F08002FE
:1036E80023F8212030BDB3F85040A4B26444A4F8B4
:1036F80008240A78B3F850C003EB02121FFA8CFCB6
:1037080002F20C4232F80C40C4F3090422F80C40CF
:103718000C693E2C2ED8002C58D132F80C406FEA98
:1037280044446FEA5444A4B222F80C400C7833F8AD
:10373800242052040ED533F8242022F4E04222F04B
:1037480070021204120C42F4404242F0800223F844
:1037580024200C784CBB1A8822F4804222F0700294
:103768001204120C82F4405242F4004242F08002E9
:103778001A8030BD6509E40632F80C4008BF05F12F
:10378800FF35A4B244EA85246FEA44446FEA5444FE
:10379800A4B222F80C40C9E792B2224042F4014296
:1037A80042F0800223F82C20E1E633F8242022F4AA
:1037B800804222F070021204120C82F4005242F489
:1037C800004242F0800223F8242030BD6508E40757
:1037D80032F80C4048BF0135A4B244EA8524A4B2AB
:1037E80022F80C40A2E7012053E600BF8F8FFFFFAD
:1037F80030B40A780D7B4C789300BDB9002C00F0EA
:10380800B98030F822400344640600F1CF801A885A
:1038180022F4E04222F040021204120C42F4004268
:1038280042F080021A80002030BC7047002C50D132
:1038380030F822400344640410D530F8223023F4D1
:10384800E04323F070031B041B0C43F4404343F094
:10385800800320F822300B7800EB83031A88550682
:103868000ED51A8822F4E04222F070021204120CDB
:1038780042F4004242F0C0021A800B7800EB830346
:103888001A8822F4E04222F070021204120C42F468
:10389800004242F0C0021A8048F280020C7830F8E8
:1038A800243023F4804323F070031B041B0C1343C0
:1038B80020F82430097830F8213023F4E04323F04D
:1038C80040031B041B0C1A4320F8212030BC0020A5
:1038D800704730F822400344640410D530F8223091
:1038E80023F4E04323F070031B041B0C43F4404310
:1038F80043F0800320F822300B7800EB83031A880A
:1039080052060ED51A8822F4E04222F07002120400
:10391800120C42F4004242F0C0021A800B7800EB0D
:1039280083031A8822F4E04222F070021204120C77
:1039380042F4404242F080021A8048F280020C7839
:1039480030F8243023F4E04323F040031B041B0C1D
:10395800134320F82430097830F8213023F48043C9
:1039680023F070031B041B0C1A4320F8212030BCE1
:103978000020704730F822400344650410D530F821
:10398800223023F4E04323F070031B041B0C43F4A0
:10399800404343F0800320F822300B7800EB830388
:1039A8001A8822F4804222F0700235E730F822307B
:1039B80023F4E04323F070031B041B0C43F400437F
:1039C80043F0C00320F822300B7800EB83031EE796
:1039D8004B7870B5012B0A7B76D0002A43D0CA7881
:1039E800022A00F05C81012A40F0C2808C690A69D1
:1039F800944294BF0025A51A8D6188BF14460A78A1
:103A0800002B40F0FB81B0F8505000F20443ADB2F7
:103A180012012B449D5A3E2CC5F309059D5200F214
:103A2800FF81002C40F0F3829D5A6FEA45456FEA0A
:103A38005545ADB29D524B78002B40F0D281B0F87D
:103A480050400B78A4B200F20C4222441B01D45A15
:103A5800C4F30904D452D45AA4B244F40044D4524E
:103A68000A78920020E08D690B690C789D4284BF2A
:103A7800EA1A1D468A61B0F8503000F20C429BB237
:103A880024011A44A35A3E2DC3F30903A35264D850
:103A9800002D40F08281A35A6FEA43436FEA5343F3
:103AA8009BB2A3520A789200835A23F4804323F0EE
:103AB80070031B041B0C83F4405343F4004343F08E
:103AC80080038352002070BD0C698B69A34228BF14
:103AD8002346002A00F04381CD780A6A022D91F826
:103AE80000C047D0D21A0A621FFA83FE30F82C5061
:103AF8000EF1010E4FEA5E04B0F850E06E064FEA90
:103B08000C1C9BB200F580621FFA8EFE40F15481B6
:103B180000F20C45754425F80C30B1F80AC04B6921
:103B280002EB4C023CB103EB440E33F802CB734575
:103B380022F804CBF9D10A7830F8223023F4E04394
:103B480023F040031B041B0C83F0300343F40043B1
:103B580043F0800320F82230B4E7A35A4FEA551CFB
:103B6800ED0608BF0CF1FF3C9BB243EA8C2393E7B8
:103B7800012070BD944280F0F98130F82C2022F4A5
:103B8800E04222F070021204120C42F4014242F0A8
:103B9800800220F82C200C6A0A78E41A0C6230F8AB
:103BA800224014F0400F4C7800F06381002C40F064
:103BB8006B82B0F8505000F20C44ADB212012C44A4
:103BC800A55A3E2BC5F30905A55240F27982DD06B8
:103BD800A55A4FEA531608BF06F1FF36ADB245EABB
:103BE80086256FEA45456FEA5545ADB2A5521FFADD
:103BF80083FC4A694E890CF1010C00F580645FEA88
:103C08005C0C154604EB460408D005EB4C0C35F863
:103C1800022B654524F8042BF9D14A690C6A0D6911
:103C28001A44AC4292BF0025E51A1C464B784A61FB
:103C38000D62002B40F01982B0F850300D789BB21D
:103C480000F204422D011A44AB5A3E2CC3F3090377
:103C5800AB5240F26182E306AB5A4FEA541608BFF2
:103C680006F1FF369BB243EA86236FEA43436FEAC5
:103C780053439BB2AB524A69A3B20D89013300F595
:103C880080645B0804EB45043FF455AF02EB430343
:103C980032F8025B9A4224F8045BF9D14BE70C78BE
:103CA800002B3CD1B0F8502000F2044392B21344E8
:103CB80024011A5BC2F309021A530A693E2A00F268
:103CC8009F80002A40F098811A5B6FEA42426FEAAF
:103CD800524292B21A534B780C78002B40F0728102
:103CE800B0F8502000F20C4392B2134424011A5B3E
:103CF800C2F309021A530A693E2A40F23381550970
:103D0800D6061A5B08BF05F1FF3592B242EA852252
:103D18006FEA42426FEA524292B21A530C78CB6968
:103D2800A200002B3FF4C0AE44F2400330F8244018
:103D3800851803EA0406A34302D0002E7FF4B4AE2C
:103D48002B8823F4E04323F070031B041B0C43F47B
:103D5800004343F0C0032B800A789200A4E69CB28B
:103D680023464A69CD88013300F5806C5B080CEB6B
:103D7800450C18BF02EB430E05D032F8023B7245E2
:103D88002CF8043BF9D1B0F850500A78ADB200F2E3
:103D9800044312012B44D452CDE6EB07A35A4FEA51
:103DA800550C48BF0CF1010C9BB243EA8C239BB223
:103DB800A3520A78920077E600F20445754425F884
:103DC8000C300D894B6902EB4502002C3FF4B3AE71
:103DD80003EB440E33F802CB734522F804CBF9D138
:103DE800A9E6012B0A7809D1B0F85050A3B2ADB2B8
:103DF80000F20C4412012C44A3520A78920053E6B4
:103E08005509D6061A5B08BF05F1FF3592B242EA9A
:103E180085226FEA42426FEA524292B21A535AE737
:103E28006509E60633F802C008BF05F1FF35AD02A3
:103E3800ADB21FFA8CFC4CEA050C4CF4004C23F88C
:103E480002C04B78002BCCD1B0F8502000F20C43C4
:103E580092B213440A7812019C5AC4F309049C5282
:103E68009C5AA4B2254345F400459D520A78920015
:103E78001AE6002C40F0EC80B0F8505000F20444F0
:103E8800ADB212012C44A55A3E2BC5F30905A55223
:103E980040F23781DD06A55A4FEA531608BF06F1EE
:103EA800FF36ADB245EA86256FEA45456FEA5545C6
:103EB800ADB2A5521FFA83FC4A690E890CF1010CB8
:103EC80000F580645FEA5C0C154604EB460408D0F4
:103ED80005EB4C0C35F8022B654524F8042BF9D179
:103EE8004A690C6A0D691A44AC4292BF0025E51A6A
:103EF8001C464B784A610D62002B40F0D280B0F826
:103F080050300D789BB200F20C422D011A44AB5A86
:103F18003E2CC3F30903AB5240F2DD80E306AB5AF3
:103F28004FEA541608BF06F1FF369BB243EA8623D0
:103F38006FEA43436FEA53439BB2AB524A69A3B259
:103F48004D89013300F580645B0804EB45043FF4B8
:103F5800F2AD02EB430332F8025B9A4224F8045BA9
:103F6800F9D1E8E5002A3BD11A5BD1E630F82C30CC
:103F780023F4E24323F070031B041B0C43F40043B7
:103F880043F0800320F82C30B0F850500C78ADB2D4
:103F980000F204432B44240195B2E55292B20D89F4
:103FA800013200F5806452084B6904EB45043FF484
:103FB800C2AD03EB420533F8022BAB4224F8042BC5
:103FC800F9D1B8E5012B7FF4AAAEB0F8502000F281
:103FD8000C4392B213440A8A24011A530C789EE6C1
:103FE8005508D2071A5B48BF013592B242EA8522CA
:103FF80092B21A530C7892E65508D2071A5B48BF5A
:10400800013592B242EA852292B21A5363E66508F4
:10401800E60748BF01359E5AAD02ADB2B6B22E438F
:104028009E524B78002B7FF4DCAEB0F8502000F2A3
:104038000C4392B213440A7812019C5AC4F309043F
:104048009C529C5AA4B225439D520A7892002BE5B3
:10405800012C7FF42FAFB0F8505000F20444ADB2F9
:104068002C4412019DB2A55224E7012B7FF404AE23
:10407800B0F850500A78ADB200F2044312012B4454
:10408800A5B2D5524A69F7E5012C7FF4B0ADB0F876
:10409800505000F20C44ADB22C4412019DB2A5520E
:1040A800A5E5012B7FF44BAFB0F850500A78ADB2BC
:1040B80000F20C4312012B44A5B2D5524A693EE7DF
:1040C800002B46D1A55A6FEA45456FEA5545ADB272
:1040D800A5524A69A2E5002C33D06608E30704F12B
:1040E8000103AC5A48BF0136A4B244EA8624A4B2FC
:1040F800AC524D8900F580644A695B0804EB4504BD
:1041080027E7002B3BD1A55A6FEA45456FEA55458D
:10411800ADB2A5524A69E4E69CB16608E30704F12A
:104128000103AC5A48BF0136A4B244EA8624A4B2BB
:10413800AC520D8900F580644A695B0804EB4504BC
:10414800A4E5AB5A6FEA43436FEA53439BB2AB52C1
:10415800F1E4DD07A55A4FEA530648BF0136ADB270
:1041680045EA8625ADB2A5524A8903F1010C00F54E
:1041780080644D694FEA5C0C04EB420445E5DD07B9
:10418800A55A4FEA530648BF0136ADB245EA86251F
:10419800ADB2A5520A8903F1010C00F580644D699E
:1041A8004FEA5C0C04EB420492E600BF4B780A78B5
:1041B8008BB130F8223023F4E04323F040031B0492
:1041C8001B0C83F0100343F4004343F0800320F8F2
:1041D80022300020704730F8223023F4804323F047
:1041E80070031B041B0C83F4805343F4004343F017
:1041F800800320F822300020704700BF0B7B6BBB88
:1042080010B40B784C789A0054B330F82320520637
:104218000DD530F8232022F4E04222F07002120477
:10422800120C42F4004242F0C00220F82320CB785E
:10423800012B28D00A7830F8223023F4E04323F009
:1042480040031B041B0C83F0200343F4004343F09A
:10425800800320F8223010BC0020704700207047EF
:1042680030F823400244640410D4138823F48043B4
:1042780023F070031B041B0C83F4405343F40043E6
:1042880043F080031380002010BC704730F82320CF
:1042980022F4E04222F070021204120C42F440426E
:1042A80042F0800220F823200A7800EB8202DCE743
:1042B80011B98023A0F84C300020704700207047C7
:1042C80000207047B0F8440080B270470020704763
:1042D800013300EB42005B0800F5806007D000EB7B
:1042E800830231F8023B20F8043B8242F9D170473F
:1042F80070B500EB42005E0800F5806514D02846D2
:10430800B64601F1020C30F8042B0CF1020C92B203
:10431800140ABEF1010E0CF8042C0CF8034CF2D16F
:1043280001EB460105EB8605DB0744BF2B880B70C4
:1043380070BD00BF38B54FF47A730D4A0546117841
:104348000C4AB3FBF1F31268B2FBF3F000F06CFD1A
:1043580008B90F2D01D9012038BD04460246294667
:104368004FF0FF3000F016FD034B20461D6038BDAE
:104378006C000020000000207000002008B5074AEB
:104388000320136843F01003136000F0F1FC0F20C2
:10439800FFF7D0FFFDF748FA002008BD00200240D3
:1043A800034A044B11681B780B441360704700BF25
:1043B800E01C00206C000020014B1868704700BF0B
:1043C800E01C002038B50446FFF7F6FF631C0546DD
:1043D80002D0044B1B781C44FFF7EEFF401BA042A1
:1043E800FAD338BD6C000020002800F0E6812DE9E2
:1043F800F04103680446DD0782B032D59A494A681D
:1044080002F00C02042A00F000814A6802F00C0253
:10441800082A00F0F6806368B3F5803F00F0FF805B
:104428001BB1B3F5A02F00F08B818F4B1A6822F4D3
:1044380080321A601A6822F480221A606368002B9E
:1044480040F0F680FFF7B8FF874E054605E0FFF716
:10445800B3FF401B642800F2218133689B03F6D424
:1044680023689F0728D5804B5A6812F00C0F00F07C
:10447800AC805A6802F00C02082A00F0A280236976
:10448800002B00F022810122784B774E1A60FFF74B
:1044980093FF054605E0FFF78FFF401B022800F257
:1044A800FD8033689807F6D53368626923F0F8030E
:1044B80043EAC203336023681A075FD45D073DD51A
:1044C800694BDA69D00000F19A800125DA6942F077
:1044D8008052DA61DB6903F080530093009B644EDD
:1044E8003368D90540F1CA80E368012B00F0FE80EB
:1044F800002B40F0018103F1804303F504331A6A6D
:1045080022F001021A621A6A22F004021A62E368AF
:10451800002B00F0C780FFF74FFF41F288380646AE
:10452800514F05E0FFF748FF801B404500F2B68079
:104538003B6A9B07F6D5002D40F0FC80E369CBB1C0
:10454800494D6A6802F00C02082A00F0E280002255
:10455800022B464B1A6600F00081FFF72DFF044638
:1045680005E0FFF729FF001B022800F297802B685F
:104578009B01F6D4002002B0BDE8F081A369002BAE
:104588002CD00122394B384EC3F88024FFF714FF92
:10459800054604E0FFF710FF401B02287ED8736A27
:1045A8009B07F7D5334B344A1B68A2FB03235B0AEE
:1045B800019300BF019B5A1E0192002BF9D1236879
:1045C8007CE75B68DE033FF55AAF274B1B689D0706
:1045D8003CD52369012B39D00120CCE7234A224E50
:1045E800C2F88034FFF7E8FE054604E0FFF7E4FE72
:1045F800401B022852D8736A9F07F7D4DFE70025CB
:104608006DE74A68D0037FF506AF174A1268910331
:104618007FF527AF6268002A7FF423AFDCE7124AF0
:10462800136843F4803313606368002B3FF40AAFC8
:10463800FFF7C2FE0C4E054604E0FFF7BDFE401B27
:1046480064282BD833689A03F7D509E7064A6169C5
:10465800136823F0F80343EAC103136023681A07B9
:104668007FF52CAF8AE700BF0010024000004242ED
:104678000070004000000020D34D6210336843F4FE
:1046880080733360FFF798FE07463368DA053FF515
:104698002BAFFFF791FEC01B6428F6D9032002B0A8
:1046A800BDE8F081FFF788FE41F288380646444F9E
:1046B80004E0FFF781FE801B4045EFD83B6A98076E
:1046C800F7D4002D3FF43AAF34E03E4A3C4E136035
:1046D800FFF772FE054604E0FFF76EFE401B022856
:1046E800DCD833689907F7D42368E5E6344A136AB7
:1046F80043F0010313620AE7052B314B1A6A7FF472
:10470800FFAE42F004021A621A6A42F001021A620B
:10471800FDE6012B3FF460AF6B68226A03F4803139
:1047280091427FF459AF606A03F47013181A18BFE6
:10473800012020E7224AD36923F08053D361FDE6A4
:1047480003F18043A3F53C331A6842F480221A60CF
:104758001A6842F480321A6066E7FFF72DFE0646B3
:1047680004E0FFF729FE801B022897D82B689901DF
:10477800F7D4226AB2F5803F06D16B68A26823F4A9
:10478800003313436B60226A01200D4D616A6B6828
:1047980023F474130B430B4913436B600866FFF74C
:1047A8000BFE044605E0FFF707FE001B02283FF654
:1047B80075AF2B689A01F6D5DCE60120704700BF7B
:1047C80000100240000042420E4A536803F00C01F8
:1047D800082901D00C4870470C48C3F38341DB0318
:1047E800405C0AD50849536801FB00F0084AC3F346
:1047F8004043D35CB0FBF3F07047064B03FB00F07B
:10480800704700BF0010024000127A00FCF6000852
:10481800F8F6000800093D00002800F08F802DE917
:10482800F0414A4A044613680D4603F007038B42D9
:104838000CD2136823F007030B431360136803F0CB
:1048480007038B4202D00120BDE8F0812368990755
:1048580016D55A0705D53E4A536843F4E0635360BA
:1048680023681B0704D53A4A536843F460535360DE
:10487800374AA168536823F0F0030B435360236859
:10488800DF0720D56268324B012A1B6858D0022AFC
:1048980051D09907D7D52E4E41F28838736823F046
:1048A800030313437360FFF787FD074604E0FFF730
:1048B80083FDC01B404546D87368626803F00C034B
:1048C800B3EB820FF3D1214A136803F00703AB421D
:1048D80009D9136823F007032B431360136803F007
:1048E8000703AB42AFD123685A0707D5184AE168D6
:1048F800536823F4E0630B43536023681B0707D511
:10490800134A2169536823F4605343EAC10353608F
:10491800FFF75AFF03460E4A0E4952680E48C2F383
:104928000312895C0D4ACB4000681360FFF702FD53
:104938000020BDE8F0819801ADD484E701207047DC
:104948009E03A8D47FE703207EE700BF0020024033
:1049580000100240B8F60008700000200000002097
:10496800044B054A5B680549C3F30223CB5C106816
:10497800D84070470010024000000020B0F6000840
:10498800044B054A5B680549C3F3C223CB5C106836
:10499800D84070470010024000000020B0F6000820
:1049A8002DE9F04103680446D80782B02CD53A4B6C
:1049B800DA69D10040D5394D00262B68DA0549D58A
:1049C800354D61682B6A13F4407311D001F44072BD
:1049D8009A420DD0002001272B6A314A23F44071F6
:1049E800C2F84074C2F84004D807296245D4616807
:1049F800294A136A23F440730B4313621EB1D36927
:104A080023F08053D36123689A0707D5224AA16807
:104A1800536823F440430B4353602368DB0603D4F5
:104A2800002002B0BDE8F0811B4A6169536823F495
:104A380080030B435360F3E7DA69184D42F0805264
:104A4800DA61DB69012603F080530193019B2B682F
:104A5800DA05B5D42B6843F480732B60FFF7ACFC00
:104A680007462B68DB05ABD4FFF7A6FCC01B642800
:104A7800F7D9032002B0BDE8F081FFF79DFC41F2B1
:104A8800883807462B6A9907B1D4FFF795FCC01BF5
:104A98004045F7D9EDE700BF001002400070004024
:104AA800000042422DE9F04FD1F8008085B0B8F1FE
:104AB800000F00F0D7800022031D01934FF0010E74
:104AC8000F24134694469B4D9B4F06E0013338FA5A
:104AD80003F602F1040200F0C5800EFA03F939EA80
:104AE800080A09EA0806F1D1D1F80480B8F1120FD2
:104AF80000F2C280B8F1120F16D8DFE818F0CF0024
:104B08001300DE0009011500150015001500150039
:104B180015001500150015001500150015001500E5
:104B2800E800E300D1F80CC0FF2E99BF82469146F9
:104B3800DDF804A0A2F12009DAF8008004FA09FBE4
:104B480028EA0B080CFA09F948EA0908CAF80080AB
:104B5800D1F8048018F0805F00F08B80D5F81880B9
:104B680003F0030A48F00108C5F81880D5F8188042
:104B78004FEA8A0A08F00108CDF80C80DDF80C80AD
:104B880023F0030808F1804808F58038D8F8089021
:104B980004FA0AFBB84229EA0B091ED0DFF89CB1D7
:104BA800584500F09980DFF898B158457ED0DFF875
:104BB80094B1584500F0AF80DFF88CB1584500F04B
:104BC800B180DFF888B158450CBF4FF0050B4FF0A6
:104BD800060B0BFA0AFB49EA0B09C8F80890D1F84A
:104BE8000480DFF86C9118F4801FD9F8088014BF8E
:104BF80048EA060828EA0608C9F80880D1F80480B7
:104C0800DFF84C9118F4001FD9F80C8014BF48EA5B
:104C1800060828EA0608C9F80C80D1F80480DFF8ED
:104C2800309118F4003FD9F8048014BF48EA060808
:104C380028EA0608C9F80480D1F80480DFF8109142
:104C480018F4803FD9F800800FD048EA0606C9F862
:104C58000060D1F80080013338FA03F602F104024B
:104C68007FF43BAF05B0BDE8F08F28EA0606C9F827
:104C78000060D1F8008029E7DFF8D8A0D0450DD032
:104C880031D8AAF5801AD04508D00AF5702AD0453F
:104C980004D0AAF5801AD0457FF446AFD1F808C0F1
:104CA800BCF1000F29D14FF0040C3DE74FF0020B87
:104CB8000BFA0AFB49EA0B098FE7D1F80CC00CF193
:104CC800080C31E7D1F80CC00CF10C0C2CE7D1F82A
:104CD8000CC00CF1040C27E74FF0010B0BFA0AFB90
:104CE80049EA0B0979E7DFF870A0D045D6D00AF574
:104CF800803AD0457FF418AFD0E7BCF1010F08BF68
:104D0800C0F810904FF0080C18BFC0F814900BE7CB
:104D18004FF0000C08E74FF0030B0BFA0AFB49EAC7
:104D28000B095AE74FF0040B0BFA0AFB49EA0B0987
:104D380053E700BF0010024000080140000C01408A
:104D4800001001400014014000180140001C0140FF
:104D5800000401400000221000003110836819424D
:104D680014BF01200020704702B90904016170478F
:104D78004FF6FF0C06490302CA6803F4E06302EA2F
:104D88000C02134343F0BF6343F40033CB60704716
:104D980000ED00E000B51B4BDB68C3F30223C3F151
:104DA800070EBEF1040F03F1040C28BF4FF0040EE8
:104DB800BCF1060F1CD9A3F1030C4FF0FF3303FA23
:104DC8000CF322EA03024FF0FF3303FA0EF321EA51
:104DD800030303FA0CF313431B010028DBB20ADBBD
:104DE80000F1604000F5614080F800335DF804FB95
:104DF80000229446E7E7044A00F00F0002441376C5
:104E08005DF804FB00ED00E0FCEC00E0002807DBA7
:104E1800012300F01F01034A40098B4042F820306B
:104E2800704700BF00E100E00138B0F1807F01D396
:104E3800012070474FF0E02300224FF0F00C0721CB
:104E480010B4044C586184F823C09A611961104663
:104E580010BC704700ED00E0124BDB6813F0100344
:104E680005D010231049CA6942F00202CA610D4AEE
:104E7800D268500706D50C4943F00403CA6942F0CA
:104E88000102CA61074AD169C90708D50648C1693C
:104E980041F00401C161D16921F00101D161014AE8
:104EA800D360704700200240E81C0020064B1869B8
:104EB80010F0800006D00549054A59605A60186903
:104EC800C0F3C010704700BF0020024023016745AF
:104ED800AB89EFCD034A0020136943F080031361C7
:104EE800704700BF0020024070B50446FFF764FA1F
:104EF8000546144EF368DB0705D5601C19D1114A25
:104F0800D368D907FCD40F4BDA68900644BF202237
:104F1800DA600C4BDA68D10607D4DA69D20704D410
:104F2800D86810F0040000D170BDFFF795FF01208C
:104F380070BD24B1FFF740FA401BA042DAD9032024
:104F480070BD00BF002002402DE9F84F284E96F8AA
:104F580018C0BCF1010F48D01C46012305464CF28D
:104F680050308A4617463376FFF7BEFFC8BB012D7F
:104F780003D0022D14BF042502254FF00009DFF8E5
:104F880074B0C8460AEB450501E0AA4529D0C9F125
:104F98002003C6F81C80A9F1200227FA09FC04FAAC
:104FA80003F34CEA030C24FA02F2DBF810304CEA63
:104FB800020C43F001031FFA8CFCCBF810304CF2C2
:104FC8005030AAF800C0FFF78FFFDBF810300AF165
:104FD800020A23F0010309F11009CBF81030002868
:104FE800D3D000233376BDE8F88F0220BDE8F88FD0
:104FF800E81C0020002002402DE9F8432D4E337EA6
:10500800012B54D00123337603688146022B31D01B
:105018004CF250308846FFF767FF074678BB4FF0E1
:10502800FF33C8F80030D9E9025305EBC3239D428A
:1050380025D2214C07E005F50065D9E9023203EBDA
:10504800C223AB421CD9F76123694CF2503043F0BC
:10505800020323616561236943F040032361FFF77D
:1050680043FF236923F0020323610028E3D0C8F833
:10507800005005E04CF25030FFF736FF20B1012018
:1050880000233376BDE8F8830B4CF06123694CF2BA
:10509800503043F004032361236943F04003236144
:1050A800FFF722FF236923F004032361E8E70220C6
:1050B800BDE8F883E81C00200020024088B110B544
:1050C8000379044603F0FF023BB1002302210122C9
:1050D800217123612271184610BD4271FCF7C6FB8D
:1050E800F3E70120704700BF80B342790346012AE5
:1050F8002ED010B40122022400685A711C71046871
:1051080001F0100C02FA0CF22243026081B919680E
:105118000A6802F03C023C2A03D14A6842F00102C4
:105128004A60002201215A711971104610BC70475B
:105138003C22186802FA0CF2016801F470119142DD
:10514800EFD1426842F002024260EAE7012070476C
:105158000220704710B4002483B0019488B100681D
:10516800019049B1019914310A4401920020019A31
:10517800136003B010BC7047019908310A440192CA
:10518800F4E7012003B010BC704700BF50B349B327
:1051980003464079012827D070B502204FF0010E50
:1051A80040F6FE754FF0C00C002483F805E0187136
:1051B8001E68D1E9000102F01002014395400CFA83
:1051C80002FC01FA02F23168204621EA05010A438D
:1051D800326019680A6822EA0C020A6083F804E05F
:1051E8005C7170BD0120704702207047036A026A33
:1051F80070B422F001020262446882690E68124D9E
:1052080022F0730232438E6823F00203A84243EA75
:1052180006030AD005F50065A84206D044608261FD
:105228004A6870BC426303627047CD6823F0080384
:105238002B4324F44074D1E9056546EA050C23F0B4
:1052480004034CEA0404E9E7002C0140036A026AFB
:1052580070B422F4807202624468C2690E68134D09
:1052680022F0730232438E6823F40073A84243EAA3
:1052780006230AD005F50065A84206D04460C2613D
:105288004A6870BCC26303627047CD6823F4006348
:1052980043EA052324F44054D1E9056546EA050CA0
:1052A80023F4806344EA0C14E8E700BF002C0140B3
:1052B800036A026A30B422F4805202624468C26906
:1052C800D1F800C00E4D22F4E64242EA0C22D1F891
:1052D80008C023F40053A84243EA0C330AD005F56A
:1052E8000065A84206D04460C2614A6830BC0264C6
:1052F800036270474D6924F4804444EA8514F2E758
:10530800002C014030B402684C68936823F07003A5
:1053180023430C6823F00703234393604B68502B07
:1053280023D012D9602B33D0702B1BD1D1E9024383
:10533800006809698268234322F47F4243EA012313
:1053480013438360002030BC7047402B34D009D809
:10535800202BF7D044D833F0100314BF01200020CD
:1053680030BC7047012030BC704703680D691C6A67
:105378001A6A886822F001021A629A6924F00A01FE
:1053880022F0F00242EA051201439A611962D9E754
:1053980003688C681A6A186A0D6920F01000186290
:1053A800996922F0A00221F4704141EA053142EAEC
:1053B800041299611A62C5E70B68052BD2D00368FD
:1053C8001C6A1A6A22F001021A6202680969936962
:1053D80023F0F00343EA0113936103681C62B1E709
:1053E800B3F1300018BF0120BAE700BF002934D15B
:1053F80090F83E30012B38D1022380F83E3001234B
:1054080030B4026801F01F01146A8B4024EA0304D7
:105418001462116A264D0B4313620368AB4226D00F
:10542800244A934223D0B3F1804F0AD0224A9342B0
:1054380007D002F58062934203D002F5806293425E
:1054480004D19A6802F00702062A03D01A6842F0CB
:1054580001021A60002030BC7047042917D00829BF
:105468001DD090F84130012B0DD0012070475A6CA7
:105478000F4942F400425A6403688B42E1D00D4A56
:105488009342DED0CFE7022380F84130B7E790F8A7
:105498003F30012BE9D1022380F83F30AFE790F885
:1054A8004030012BE1D1022380F84030A7E700BF4C
:1054B800002C01400034014000040040704700BF48
:1054C800FFF794BF90F83C20012A75D003460222CA
:1054D800012030B41C6883F83C0083F83D20A268A2
:1054E80022F47F4222F07702A2600A68602A7FD005
:1054F80012D8402A62D031D8202A04D000F29380F2
:1055080032F0100122D11868816821F070010A4335
:1055180042F00702826018E0B2F5805F15D0B2F55C
:10552800005F37D0702A11D1D1E901521C682A4393
:10553800A068CD6820F47F4142EA05220A43A260B0
:1055480019688A6842F077028A60002001210022E7
:1055580083F83D1083F83C2030BC7047502AF5D1C1
:105568001A684868CC68116A21F00A010843116A70
:1055780021F001011162916921F0F00141EA041161
:105588009161106219688A6822F0700242F057022D
:105598008A60DAE71C68D1E90152A0682A43CD681D
:1055A80020F47F4142EA05220A43A26019688A680A
:1055B80042F480428A60C8E7022070471A68486847
:1055C800CC68116A21F00A010843116A21F001012F
:1055D8001162916921F0F00141EA041191611062B0
:1055E80019688A6822F0700242F047028A60ACE7C4
:1055F8001A684868CC68116A21F0A00141EA0011D4
:10560800106A20F010001062906920F4704040EA9F
:1056180004309061116219688A6822F0700242F0C1
:1056280067028A6091E7302A3FF46DAF8EE700BFCA
:1056380038B590F83C30012B1FD00125022380F8A3
:105648003C5080F83D300446FFF75CFE70B9226894
:10565800D36823F04003D3602268D36823F48043DF
:10566800D36084F83D5084F83C0038BD002384F8AA
:105678003D5084F83C30284638BD022038BD00BF74
:10568800244A10B49042036814D002F50062904294
:1056980010D0B0F1804F2BD0A2F59832904227D08D
:1056A80002F58062904223D002F5806290421FD0BA
:1056B8004A6926E04C6823F07003CA68234323F440
:1056C800407313434A6923F08003134303608B68D4
:1056D800C3620B6883620B69036301234361036937
:1056E800DB0703D5036923F00103036110BC70478E
:1056F8004A6823F070031343CC6823F440734A6963
:10570800234323F08003134303608B68C3620B6851
:105718008362E2E7002C014050B310B590F83D30A9
:10572800044603F0FF02F3B10223214684F83D301A
:1057380051F8040BFFF7A4FF012384F8463084F8DE
:105748003E3084F83F3084F8403084F8413084F8A3
:10575800423084F8433084F8443084F8453084F883
:105768003D30002010BD80F83C20FCF7B1F8DBE7A5
:105778000120704750B310B590F83D30044603F04F
:10578800FF02F3B10223214684F83D3051F8040B9F
:10579800FFF776FF012384F8463084F83E3084F81A
:1057A8003F3084F8403084F8413084F8423084F83F
:1057B800433084F8443084F8453084F83D30002084
:1057C80010BD80F83C20FFF779FEDBE70120704729
:1057D800036A026A30B422F01002026244688269E5
:1057E800D1F800C0134D22F4E64242EA0C22D1F867
:1057F80008C023F02003A84243EA0C130AD005F599
:105808000065A84206D0446082614A6830BC826361
:1058180003627047CD6823F0800343EA051324F43C
:105828004064D1E905C54CEA050C23F0400344EA7D
:105838008C04E8E7002C014090F83C30012B66D03E
:10584800012310B5044680F83C300C2A08D8DFE85C
:1058580002F024070707370707074B0707070C005D
:10586800002384F83C30012010BD0068FFF720FDBC
:105878002268D36943F40063D3612268D36923F4AF
:105888008063D36122680969D36943EA0123D3613C
:10589800002384F83C30002010BD0068FFF7A6FC08
:1058A8002268936943F0080393612268936923F09F
:1058B800040393612268096993690B439361E7E7DD
:1058C8000068FFF785FF2268936943F400639361DA
:1058D8002268936923F48063936122680969936954
:1058E80043EA01239361D3E70068FFF7AFFC22681E
:1058F800D36943F00803D3612268D36923F0040312
:10590800D36122680969D3690B43D361C0E70220D8
:10591800704700BF90F83C20012A33D0034602228A
:10592800012030B41C6883F83C0083F83D2062688D
:10593800086822F070020243A0686260124D1A687B
:10594800AA4211D0114CA2420ED0B2F1804F0BD016
:10595800A4F59834A24207D004F58064A24203D08B
:1059680004F58064A24204D1496820F0800008430D
:1059780090600022012183F83C2083F83D101046F6
:1059880030BC704702207047002C014000340140B1
:1059980090F83C30012B26D0012300B584464FF007
:1059A800000E80F83C30CB680268886823F44073A6
:1059B8000343486823F480630343086823F40063BF
:1059C8000343086923F480530343486923F40053CD
:1059D800C969034323F480430B4353648CF83CE0C8
:1059E80070465DF804FB0220704700BF38B50446D6
:1059F8000268C06813691E4923F4405303431361C6
:105A080020682569A368C2682B43656922F4B052EF
:105A180022F00C022B431343C3602268A069536928
:105A280023F440730343536123688B421CD0FEF771
:105A380097FF0346626803EB8303920003EB83033B
:105A4800B3FBF2F34FF0640C0A492068A1FB034250
:105A580052090CFB12331B013233A1FB0313120151
:105A680002EB5312826038BDFEF78AFF0346E1E776
:105A7800003801401F85EB5178B310B590F84130DC
:105A8800044603F0FF021BB32423226884F8413044
:105A9800D368204623F40053D360FFF7A7FF002301
:105AA80020212068026922F490420261206842693C
:105AB80022F02A0242612068C26842F40052C260A1
:105AC800636484F8411084F842106363184610BD7B
:105AD80080F84020FBF76AFFD6E70120704700BF37
:105AE8002DE9F8431F4690F84130202B4FD18846C6
:105AF80009B1164612B90120BDE8F88321234FF0F9
:105B080000090446C0F8449080F84130FEF754FC80
:105B1800A3680546B3F5805FA684E6843AD0E38C93
:105B28009BB2B3B123681A68160604D4791C1FD136
:105B38001A681206FCD5B8F1000F22D018F8012B0C
:105B48005A60E28C013A92B2E284E38C9BB2002B59
:105B5800E8D1226813685B0604D4781C26D1136840
:105B68005906FCD5202384F841300020BDE8F8838D
:105B7800FEF722FC401B874212D38FB12368DA68F4
:105B8800D1E739F8022BC2F308025A60D9E702209C
:105B9800BDE8F8832369002BC1D1C1469846BEE70A
:105BA800202384F841300320BDE8F883FEF704FC85
:105BB800431B9F42F4D3002FF2D02268D368C9E771
:105BC80088B108B5D0F8B43213B10023C0F8B432A4
:105BD80009B1C0F8B0120123027080F89C32FCF7BA
:105BE800B1FB002008BD0220704700BF034619B171
:105BF8000020C3F8B41270470220704708B5FCF7BC
:105C0800E3FB002008BD00BF08B5D0F8B43233B1BB
:105C18001B689847003818BF0120400008BD0220C3
:105C280008BD00BF08B5D0F8B4325B6898470020BB
:105C380008BD00BF38B5044600F52A75284600F0AF
:105C480051FB012394F8A812B4F8AE22C4F8943298
:105C580001F01F03012BC4F898220ED0022B06D0A6
:105C68008BB92946204600F0FDF8002038BD2946AA
:105C7800204600F09DFA002038BD2946204600F055
:105C880063FA002038BD204601F08001FCF7C2FB12
:105C9800002038BD10B5044659B99446D0F894226E
:105CA800032A13D0052A0DD1C4F89412FCF7B2FBCD
:105CB80008E0D0F8B4329B6933B190F89C22032AEB
:105CC80002D19847002010BD022010BDD0E95832FB
:105CD80093420AD99B1A9A426146C0F860318CBF38
:105CE8009AB292B200F064FBECE7D0F8B4321B69C8
:105CF8001BB190F89C22032A03D0204600F062FBD7
:105D0800E0E79847F9E700BF70B5044691B9D0F8C5
:105D18009432022B1BD033F0040302D18021FCF70C
:105D280079FB94F8A032012B02D1002384F8A03229
:105D3800002070BDD0F8B4325B6933B190F89C2272
:105D4800032A02D198470020F3E7022070BDD0E96A
:105D58000836B34227D8C369B3FBF6F506FB1535F9
:105D68008DB99E420FD8D0F8982293420BD22A467A
:105D780000F006FB2B462A4629462046C4F89852CE
:105D8800FCF78CFBCDE7D4F8B432DB681BB194F890
:105D98009C22032A15D080212046FCF73BFB204695
:105DA80000F01CFBBDE70D469B1B114603629AB22F
:105DB80000F0E6FA2B462A4629462046FCF76EFBF9
:105DC800AFE720469847E6E7002270B5044640262C
:105DD800012511464023FCF703FB802133460022AE
:105DE8002046C4F85851C4F86461FCF7F9FA002158
:105DF800D4F8B832A561666284F89C52C4F894124B
:105E08006160C4F8A41223B1D4F8B43220465B68A8
:105E18009847002070BD00BF0346002019747047E2
:105E28000346042193F89C22002083F89C1283F8EF
:105E38009D22704790F89C32042B04BF90F89D3245
:105E480080F89C320020704790F89C22032A01D0E9
:105E58000020704708B5D0F8B432DB6903B1984721
:105E6800002008BD30B50B780D4603F06003202BE9
:105E7800044683B028D0402B26D053B18021204639
:105E8800FCF7C8FA00212046FCF7C4FA002003B04A
:105E980030BD4B78092BF1D801A252F823F000BF8E
:105EA800155F00083D5F0008855E00085B5F00081D
:105EB800855E0008635F00089D5F0008855E000836
:105EC800D15F0008E35E0008D4F8B43229462046C2
:105ED8009B689847002003B030BD8978994D012907
:105EE8002970CBD890F89C32022B00F00B81032B41
:105EF80000F0F9808021FCF78DFA00212046FCF79C
:105F080089FA20462978FFF78DFEBFE790F89C3282
:105F1800013B022BB2D8CA88022AAFD1D0F8A432EA
:105F28000146002B0CBF0123032341F80C3F00F06E
:105F380019FAABE790F89C32013B022B9ED84B88AC
:105F4800012BA3D100232046C4F8A43200F03AFA6A
:105F58009CE74B88012B99D1F5E78B88002B8DD1D5
:105F6800CB88002B8AD14B887F2B87D890F89C222E
:105F7800032A83D0DDB2294680F89E52FCF776FAD0
:105F8800204600F01FFA002D00F0D780022384F885
:105F98009C327BE700216A88ADF80610130A013BA2
:105FA800062B3FF66BAF01A151F823F063600008A0
:105FB8004B60000839600008855E0008855E0008AF
:105FC80023600008F55F0008CA88012A7FF456AFED
:105FD80090F89C32022B7FD8002B3FF44FAF01463C
:105FE800002341F8083F00F0BDF94FE7037C002B80
:105FF8007FF444AFD0F8B4320DF106001B6B98471C
:1060080007234370BDF80630EA88002B60D0002AC9
:1060180054D1204600F0D6F938E7037C002B7FF4F2
:106028002DAFD0F8B4320DF106005B6B9847E9E765
:10603800D2B2052A3FF622AFDFE802F03A342E2822
:106048002217027CD0F8B432002A68D19B6A0DF17D
:106058000600984702234370D4E7D0F8B0320DF118
:1060680006011B68007C9847CCE7D0F8B0329B69E2
:10607800002B3FF403AF207C0DF106019847C1E7E0
:10608800D0F8B0325B69002BF5D1F7E6D0F8B03222
:106098001B69002BEFD1F1E6D0F8B032DB68002B9A
:1060A800E9D1EBE6D0F8B0329B68002BE3D1E5E606
:1060B800D0F8B0325B68002BDDD1DFE69A4228BF0A
:1060C8001A4601462046ADF8062000F04BF9EA884A
:1060D800002A7FF4DBAE9CE7032B7FF4CFAE011DD3
:1060E80000F040F9D2E609B34168012991D0C9B25C
:1060F800FFF798FD297820466160FFF785FD0228A3
:1061080087D1BBE6002984D001210323416080F8B0
:106118009C32FFF779FD02287FF47BAFAEE6DB6A9D
:106128000DF106009847022343706BE70223416094
:1061380080F89C32FFF776FD6BE7012384F89C32E8
:10614800A4E600BF081D002038B50B780D465A0696
:1061580004460CD503F06002402A08D08021FCF7E1
:1061680059F900212046FCF755F9002038BD94F86C
:106178009C32013B022B11D82B79012B0ED8D4F875
:10618800B43229469B6820469847EB88002BECD10F
:106198000028EAD1204600F015F9E6E780212046DC
:1061A800FCF738F900212046FCF734F9002038BD07
:1061B80070B50B78044603F06003202B8A883CD026
:1061C800402B3AD04BB180212046FCF723F900211F
:1061D8002046FCF71FF9002070BD4B78D5B2012B83
:1061E80042D0032B30D0002BEDD190F89C32022BFB
:1061F80053D0032BE7D105F00F0303EB83031206FB
:1062080000EB830358D4D3F85831002BDBD005EBCF
:10621800850600EB860606F5AA76002D58D0294695
:106228002046FCF70FF9002859D0012333600222D9
:106238003146204600F096F8CDE7D4F8B43220462F
:106248009B689847002070BD90F89C32022B1AD0AA
:10625800032BB8D14B8893B96A0610D0CB8873B991
:106268002946FCF7D7F80AE090F89C32022B0AD0AE
:10627800032BA8D14B88002BADD16E062BD120461D
:1062880000F0A0F8A7E76B069DD02946FCF7C2F8F6
:1062980080212046FCF7BEF89DE7680693D10023CD
:1062A80011064CBF04F1140104F5AA71022220461C
:1062B8000B6000F057F88EE79B69002B83D005F040
:1062C8007F06013606EB8606802D00EB8606A6D1F2
:1062D80000233360ABE72946FCF7A8F8CFE7306026
:1062E800A5E700BF0B7803704B7843704B88438059
:1062F8008B888380CB88C380704700BF10B5044665
:106308008021FCF787F82046BDE810400021FCF703
:1063180081B800BF08B370B5037805460E46144629
:10632800E3B10130F9F77CFF431CDBB201335B00BA
:10633800DAB223800323327073702C7864B1284654
:10634800022300215A1CD2B2F454B15410F8014F60
:106358000233DBB2002CF5D170BD70470222134620
:10636800E7E700BF10B5134602240A46C0E9073321
:106378000021C0F89442FCF785F8002010BD00BF4A
:106388008C4608B5002113466246FCF77BF80020CE
:1063980008BD00BF10B5134603240A46C0E95733A9
:1063A8000021C0F89442FCF779F8002010BD00BF26
:1063B8008C4608B5002113466246FCF76FF80020AA
:1063C80008BD00BF08B504210023C0F894121A467E
:1063D8001946FCF757F8002008BD00BF08B505218D
:1063E8000023C0F894121A461946FCF757F8002003
:1063F80008BD00BFD0F8BC3283B110B5D0F8B842A0
:1064080094F80002FF2807D09B68214694F80122DF
:106418009847FF2384F80032002010BD0020704701
:106428000346432201481A80704700BFB800002085
:106438000346432201481A80704700BFFC00002031
:106448000346432201481A80704700BF74000020A9
:1064580003460A2201481A80704700BF78010020CD
:1064680038B50446D0F8B852FCF724F8C5F80C0241
:10647800D4F8B8324BB1D4F8BC32D5F80402DB6892
:1064880005F503719847002038BD022038BD00BFCC
:1064980038B5D0F8B842E4B101EB810300EB830CC6
:1064A800DCF81C20D0F8C05222B90023C4F81432FA
:1064B800002038BD05EBC3052B6AB2FBF3F503FBDF
:1064C8001523002BF1D11A46CCF81C30FBF7DAFF64
:1064D800EEE7022038BD00BF002370B582B08DF80A
:1064E8000530ADF806300B780C4613F0600205460F
:1064F800D0F8B8621AD0202A06D028462146FFF7DD
:10650800FDFE022002B070BDCA8891F801C0F2B148
:106518001B0632D5D5F8BC32314660469B68984791
:1065280031462846E288FFF71DFF15E04B780A2B15
:1065380019D00B2B12D0002BDFD190F89C32032BF3
:10654800DBD102220DF10601FFF70CFF04E0D0F8C1
:10655800BC3260469B6898470020D3E790F89C328D
:10656800032BF9D0C9E790F89C32032BC5D101223F
:106578000DF10501FFF7F6FEEEE786F800C2CB88BD
:10658800314686F80132E288FFF704FFE4E700BFEE
:1065980038B5044600258121FBF730FF012120464C
:1065A800E562FBF72BFF82212046C4F86C51FBF70C
:1065B80025FFD4F8B83225644BB1D4F8BC325B68F7
:1065C8009847D4F8B802FBF77DFFC4F8B85200200A
:1065D80038BD00BF70B5037C04469BBB4FF4007305
:1065E80002228121FBF7FCFE01214FF400730222F5
:1065F8002046E162FBF7F4FE0126082303228221EC
:106608002046C4F86C61FBF7EBFE4FF40770266474
:10661800FBF754FF0546C4F8B80248B3D4F8BC32B7
:106628001B6898470023C5F81432C5F81832237C34
:10663800ABB1402331462046D5F80422FBF72EFFA4
:10664800002070BD402302228121FBF7C9FE0121F1
:10665800402302222046E162FBF7C2FECCE74FF45A
:10666800007331462046D5F80422FBF717FFE7E709
:10667800304670BD034619B10020C3F8BC127047FC
:10668800022070470346D3F8B8320020C3F8081236
:10669800C3F81022704700BF0346D3F8B832002071
:1066A800C3F80412704700BFF8B5D0F8B85295B1D6
:1066B800D5F814420CB10120F8BD0127D5F81062B5
:1066C800C5F8147206638121D5F80822B3B2FBF726
:1066D800D9FE2046F8BD0220F8BD00BFD0F8B82288
:1066E8008AB108B5037CD2F804222BB140230121DA
:1066F800FBF7D4FE002008BD4FF400730121FBF71F
:10670800CDFE002008BD0220704700BF08B501205B
:10671800FBF742FABDE80840002210210148FEF7C5
:1067280023BB00BF0008014003460A460120194662
:10673800FBF704BB70B370B50E4609B9002070BDF5
:1067480005461446102101221348FEF70DFB234687
:10675800324629460120FBF72FFBA0B9FDF72CFE96
:106768000E4E054604E0FDF727FE401BA0420AD264
:1067780033681B685B06F6D5074800221021FEF730
:10678800F3FA0020DBE7002210210348FEF7ECFAB9
:10679800012070BD0020704700080140C804002097
:1067A80070B50F4C06460D4640F62C2200212046B7
:1067B80006F0D4F84FF4817200210A4806F0CEF8AA
:1067C8000023094A09491370094A26601380094AB7
:1067D8000B70136065600220BDE87040FBF7DCB900
:1067E8001C1F0020141D0020171F0020181F002048
:1067F800161E0020101D002008B502F09BFE024B5B
:106808001860186808BD00BF0C1D002038B5054683
:106818000C4602F08FFE401BA04294BF00200120CE
:1068280038BD00BF002370B40B4A0C4D0C4C0D4E04
:106838000D49C2F8243AA2F8223AC2F8283AA2F836
:106848002039336082F822392B7023700B800220A4
:1068580070BCFBF7A1B900BF1C1F0020181F002047
:10686800171F0020101D0020161E00202DE9F043E0
:106878007A4CCBB0B4F8223A002B40F0E180784F44
:10688800784E2022022001A9FBF758FA0546002875
:1068980000F09280B4F8220A43199BB2FF2B70D9FA
:1068A8000023FF2DA4F8223AC4F8243AE9D840F688
:1068B80023102A4601A9204406F0DDF8B4F8223A4C
:1068C8001D44A4F8225A02F035FEB4F8222A1430E6
:1068D800032AC4F8240AD4D994F82339624D5A2BD0
:1068E80044D194F82439A52B40D194F8258908F18E
:1068F800FF33FB2B08F1030938D89145C1D842462C
:1069080029465A48A4F8088106F0B5F8D4F80C319D
:1069180032780133C4F80C3152B1554B1B88022B25
:1069280006D9B8F1020F03D9524B1A78832A2BD013
:10693800236813B161684D489847B4F8222A9145F5
:106948000ED8A2EB090292B2A4F8222A002A98D003
:1069580008F626114848214405F0E6FFB4F8222A33
:10696800032A8ED994F823395A2BBAD0013A92B215
:1069780039464148A4F8222A05F0D6FFB4F8222A5D
:10698800EEE700F6231094E794F82629832ACFD15E
:1069980094F827195A789142CAD19B7894F82829F3
:1069A8009A42C5D14FF481723049344806F063F8F1
:1069B8000122334B1A70C0E794F8223913B94BB04F
:1069C800BDE8F083D4F8285A02F0B4FD431B002B2D
:1069D800F5DB94F8203903EBC31304EB4302B2F858
:1069E80010525B006A1EFE2AE9D84AF25A5603F58D
:1069F8008873E1182A460DF127008DF82650ADF866
:106A0800246006F038F8EA1C6423022009A992B22F
:106A1800FBF7D2F90028D2D194F8203994F822292A
:106A2800013303F00703013A84F8203984F8222956
:106A380002F080FD6430C4F8280A4BB0BDE8F0834A
:106A4800D4F8245A02F076FD431B002BFFF617AF4B
:106A58000023A4F8223AC4F8243A10E71C1F0020A7
:106A680040280020181F002042280020241F002052
:106A7800161E0020181E00203F280020141D00208C
:106A8800171F002058B14B1EFE2B0A4607D810B519
:106A9800114C94F82239072B03D9012010BD01208D
:106AA800704794F82139014603EBC31304EB430CF8
:106AB8000CF58870ACF8102205F0DDFF94F8213948
:106AC80094F82229013303F00703013284F82139AD
:106AD80084F82229002010BD1C1F00202DE9F8434E
:106AE80006460D4614460AB100231360002E58D0FE
:106AF800EB1EFC2B55D8344F97F80080B8F1000FE7
:106B08001CD0DFF8C880B8F80030AB4246D12A461E
:106B180030462F4905F0F8FE00283FD12D4E357834
:106B2800002D41D00CB12C4B236000232B4A0120AF
:106B38003B703370A8F80030136030E0284C94F8AC
:106B48002239072B2DD894F821392A4603EBC31391
:106B580004EB43003146A0F8105200F5887005F0A8
:106B68008AFF94F821393146013303F0070384F88A
:106B7800213994F822392A460133154884F82239F4
:106B880005F079FF0123114A12493B7081F8008012
:106B9800158002F0CFFC114BC83018600020BDE80A
:106BA800F8830220BDE8F8830C4CD4F8009002F07A
:106BB800C1FCA0EB09000028F0DB03203D70357014
:106BC800A8F800502560EAE7181F0020161E0020CC
:106BD800181E0020171F0020141D0020101D002063
:106BE8001C1F002008B50020FAF7D6FFBDE80840B2
:106BF80000224FF480510148FEF7B6B8000C01405E
:106C080003460A4600201946FBF798B888B370B5C2
:106C18000E4609B9002070BD054614464FF4805150
:106C280001221548FEF7A0F82346324629460020DF
:106C3800FBF7C2F8A8B9FDF7BFFB104E054604E004
:106C4800FDF7BAFB401BA0420BD233681B685B06FA
:106C5800F6D5094800224FF48051FEF785F8002048
:106C6800D9E700224FF480510348FEF77DF8012050
:106C780070BD0020704700BF000C014010050020C7
:106C88000346F0B10288A2F2B271812919D881783D
:106C9800481E0B2815D81E480229084410F801CCB4
:106CA80011D0D87870B160450BD81A79172A08D84E
:106CB8005A793B2A05D898793B288CBF00200120B7
:106CC80070470020704791070FD09100114402EBE4
:106CD800C102A2EB8222C2F30B1141EA023292B244
:106CE800A32A98BF4FF01D0CDBE702EB820102EBF1
:106CF800C101A1EB8121C1F38D0040EA813080B24E
:106D0800B0F5247F4FEA8201E0D34FF01D0CC8E7AD
:106D18000CF70008F0B50E4615461C46114BBBB0E3
:106D2800D3F808C09DF80021D3F80CE09DF80411B1
:106D38005B689DF80871CDE90321CDE907E3C0211F
:106D48000346CDE9057CCDE90065074A02940AA807
:106D580005F002FD011E03DD0AA889B2FBF750FA0F
:106D68003BB0F0BD0010014070ED00082DE9F04384
:106D7800022300274FF480484FF0010987B00546E9
:106D880002A92348CDE90289049705930824FDF751
:106D980089FE1F4E00224FF400513046FDF7E4FFF4
:106DA8004FF48041304605F00102FDF7DDFF8DF814
:106DB80008709DF80830052B0AD800BF9DF80830E8
:106DC8000133DBB28DF808309DF80830052BF4D973
:106DD80001224FF400513046FDF7C6FF8DF80770C9
:106DE8009DF80730052B0AD800BF9DF807300133FE
:106DF800DBB28DF807309DF80730052BF4D9013C3C
:106E080014F0FF044FEA5505C4D107B0BDE8F0837C
:106E180000100140F0B5044687B000224FF400513D
:106E28002F48FDF7A1FF01224FF400412C48FDF740
:106E38009BFF44F00100FFF799FF00244FF48042C4
:106E48000123274802A9CDE9034302920594274666
:106E5800FDF728FE2646224D00224FF40051284611
:106E6800FDF782FF8DF807609DF80730052B0AD8DB
:106E780000BF9DF807300133DBB28DF807309DF86D
:106E88000730052BF4D94FF480412846FDF766FFFB
:106E9800012802D1A0403843C7B201224FF4005163
:106EA8002846FDF761FF8DF808609DF80830052B2E
:106EB8000AD800BF9DF808300133DBB28DF80830DE
:106EC8009DF80830052BF4D90134082CC4D10022D0
:106ED8004FF400410248FDF747FF384607B0F0BDC0
:106EE800001001402DE9F0416426AD4B01888278FD
:106EF800A3FB01356D0906FB1515022A0446C37864
:106F0800EDB203D80C320139D2B289B20133A448A8
:106F18000B4403EB420303EB9103A0FB0101A14FD8
:106F2800013202EB4202A7FB0202C1F3CF10034475
:106F3800C1F34F115B1A9C4E03EB9203A6FB032689
:106F4800A3EB060C06EB5C06B608C6EBC6069E1B52
:106F58004FF000024FF40051944808BF0726FDF790
:106F680003FF01224FF400419048FDF7FDFE8E20FB
:106F7800FFF7FCFE0020FFF7F9FE00224FF4004166
:106F88008A48FDF7F1FE00224FF40051874894F833
:106F98000680FDF7E9FE01224FF400418348FDF722
:106FA800E3FE8020FFF7E2FEA7FB0823DB0803EBE4
:106FB8008302A8EB420040EA031000F07F00FFF7CD
:106FC800D5FE00224FF400417848FDF7CDFE6379E5
:106FD8000022A7FB03EC4FEADC0C0CEB8C0EA3EBB6
:106FE8004E084FF40051714848EA0C18FDF7BCFEF2
:106FF80001224FF400416D48FDF7B6FE5FFA88F8AC
:107008008220FFF7B3FE4046FFF7B0FE00224FF4A0
:1070180000416648FDF7A8FE23790022A7FB03EC90
:107028004FEADC0C0CEB8C0EA3EB4E084FF400512E
:107038005E4848EA0C18FDF797FE01224FF400411C
:107048005A48FDF791FE5FFA88F88420FFF78EFE14
:107058004046FFF78BFE00224FF400415348FDF7EE
:1070680083FEE3780022A7FB03EC4FEADC0C0CEB71
:107078008C0EA3EB4E084FF400514C4848EA0C180C
:10708800FDF772FE01224FF400414848FDF76CFEFF
:107098005FFA88F88620FFF769FE4046FFF766FE2C
:1070A80000224FF400414148FDF75EFEA37800221C
:1070B800A7FB034C4FEADC0C0CEB8C04A3EB440459
:1070C8004FF40051394844EA0C14FDF74DFE0122F3
:1070D8004FF400413548FDF747FEE4B28820FFF73A
:1070E80045FE2046FFF742FE00224FF400412F489C
:1070F800FDF73AFEA7FB053700224FF400512B4855
:10710800FDF732FE01224FF400412848FDF72CFE1E
:107118008A20FFF72BFEF0B2FFF728FEFF080022B7
:107128004FF400412148FDF71FFE07EB8703A5EB4D
:10713800430500224FF400511C48FDF715FE45EAAF
:10714800071501224FF400411848FDF70DFEEDB276
:107158008C20FFF70BFE2846FFF708FE00224FF4AD
:1071680000411248FDF700FE00224FF400510F487D
:10717800FDF7FAFD01224FF400410C48FDF7F4FD3C
:107188008E20FFF7F3FD8020FFF7F0FD00224FF47B
:1071980000410648FDF7E8FD0020BDE8F08100BF8A
:1071A8001F85EB51CDCCCCCC254992240010014051
:1071B800002800F086802DE9F047044684B081203D
:1071C800FFF728FE10F0800F814670D18320FFF76B
:1071D80021FE07468520FFF71DFE80468720FFF722
:1071E80019FE05468920FFF715FE06468D20FFF794
:1071F80011FE00238246C6F3001206F00F0102EBCF
:10720800820201EB420262F30703C5F3011205F0A3
:107218000F0102EB820201EB420262F30F23C8F373
:10722800011208F00F0102EB820201EB420262F345
:107238001743C7F3021202EB820107F00F0000EBBD
:10724800410161F31F634FEA191202EB8202C4F88D
:10725800023009F00F0303EB4203A3714FEA1A133C
:1072680003EB83030AF00F0C0CEB430C5FFA8CFC66
:10727800BCF1450F8CBF0CF26C7C0CF5FA6C204607
:10728800A4F800C0FFF7FCFC18B1002004B0BDE86A
:10729800F08743463A4649460B48CDF808A0019680
:1072A8000095FFF737FD012004B0BDE8F087002303
:1072B80001461A46CDE9013304480093FFF72AFD39
:1072C800F1E70120704700BFD4ED0008D0ED0008B9
:1072D800F0B500244FF420468BB02D4B04949A69E6
:1072E8000125022742F010029A619B6902964FF429
:1072F800804603F01003274802A90193019B0395D8
:107308000597FDF7CFFB22464FF400512148FDF7C2
:107318002BFD22464FF400411E48FDF725FD1D4870
:1073280006A9CDE9066508940997FDF7BBFB224637
:1073380031461848FDF718FD22464FF4005115480C
:10734800FDF712FD2A464FF400411248FDF70CFDE7
:107358008E20FFF70BFD2046FFF708FD0D4822465B
:107368004FF40041FDF700FD02A8FFF721FF60B1CF
:107378004FF4FD6240F2011306A88DF81E40ADF8E7
:107388001820CDF81A30FFF7ADFD0BB0F0BD00BFE7
:10739800001002400010014010B50446FFF770FCD1
:1073A80020B12046BDE81040FFF79CBD012010BD6C
:1073B80010B5094C094B22689A4201D0012010BD32
:1073C80000212046FEF77CF80028F7D10122044B63
:1073D80021681A70486310BDE8050020002C0140A0
:1073E8004829002070B5114E114D317804462B689C
:1073F80061B1642C28BF6424D96A0E4A01FB04F4E5
:10740800A2FB042464095C63002070BD0A4A93420D
:1074180001D0012070BD2846FEF752F80028F8D1A7
:1074280001222B6832705863E3E700BF4829002027
:10743800E80500201F85EB51002C014010B5094CD0
:107448002368B3F1804F01D0012010BD04212046EC
:10745800FEF736F80028F7D10122034B21681A708D
:10746800886310BDA00500204929002070B5114E81
:10747800114D327804462B6862B1642C28BF64240D
:10748800D96A0E4A01FB04F4A2FB042464099C6334
:10749800002070BDB3F1804F01D0012070BD0421E0
:1074A8002846FEF70DF80028F7D101222B68327024
:1074B8009863E2E749290020A00500201F85EB51C9
:1074C80050B110B50446F8F7ABFE01462046BDE8BA
:1074D800104089B2FAF794BE704700BF30B50B4D23
:1074E8000B4C9DB02870256875B10A4D039303466F
:1074F8002878CDE9011200906021074A04A805F018
:107508002BF9236804A898471DB030BD5C290020DA
:10751800840100205D290020DCED000810B50E4C28
:10752800052A237803D0984203D1002010BD984241
:1075380006D00A4601460820FFF7D0FF012010BDFB
:10754800627841F080039A42EFD10A46A378014657
:107558000720FFF7C3FFF1E760290020F8B51F4CAB
:107568000546E368268961780BB1042E06D83346B0
:107578002A460520FFF7B2FF0120F8BD084632462B
:107588002946FFF7CBFF0028F6D1A7887A00531DBC
:107598009BB2B3421AD112494B78AB4216D18B78C1
:1075A800D2B2934212D1002FE7D00B460246DE78C2
:1075B8001979E56841EA062125F81210A5880132F3
:1075C80091B28D4203F10203F1D8F8BD33462A4641
:1075D80008206178FFF782FFCEE700BF4C29002022
:1075E800602900202DE9F0431E4F89B03B78012B1C
:1075F80024D080460E4620216846FFF795F80446B9
:107608000028F8D1DFF86090324641464846FFF737
:1076180091F80546B8B9154BA3F80680188101F012
:1076280089FF0122124B304418602846114B3A70EA
:10763800114A1D60157009B0BDE8F083022528467F
:1076480009B0BDE8F08303253D70012523460220DB
:1076580099F8012099F80010FFF740FF284609B073
:10766800BDE8F0835D290020602A00204C29002015
:10767800642B0020602B00205C2900202DE9F84FA6
:10768800BDF82880DDE90B9BB9F1000F41D01E46FB
:1076980008F1FF337C2B3CD80023DFF888A017467D
:1076A80055464FF6FF728AF8043060F3070361F31A
:1076B8000F23310A61F3174366F31F631A4CCAF8A4
:1076C80000308AF805800AF106034FF0080E15F815
:1076D800011B4A4042F3000C0CEA040C0EF1FF3E79
:1076E8008CEA520C1EF0FF0E1FFA8CF2F2D19D426A
:1076F800EBD10E4BAAF8062058701F705E80A3F8D5
:107708000480C3F80C905946BDE8F84F0820FFF7ED
:1077180069BF0A46434601460120FFF7DFFE012004
:10772800BDE8F88F602A002001A0FFFF4C29002047
:107738002DE9F0415C4C2389FF2B5BD85B4DC3F5E9
:107748008071E81889B2FEF7EFFF23890646002802
:1077580059D18BB9564B1D6801F0ECFE401B00282F
:1077680046DB0326534DA3882E7061780022BDE8BE
:10777800F0410420FFF7B2BE4F4B1F6801F0DAFE5C
:10778800C01B0028E6DB2389042B6CD9AC464FF6D6
:10779800FF70A3F1030E1FFA8EFE6A1C474E964433
:1077A80008221CF8011B484040F300013140013A0F
:1077B80081EA500112F0FF0288B2F5D1F445EFD109
:1077C800E91811F8016C11F8021C41EA06218142FE
:1077D80044D1217802294CD003291DD001294CD14C
:1077E8000320FFF7BBFE002836D10222314B1A7066
:1077F800BDE8F08103202F4D617828700022BDE894
:10780800F041FFF76BBE1E44268101F093FE2A4A21
:1078180005301060BDE8F081052B61782A7832D0F8
:10782800914232D1082B13D16A78102A10D1244AF8
:10783800AC78907884420BD1EC78D078844207D128
:107848002C791079844203D1687952799042CCD04E
:1078580010220820FFF742FE0322C7E706206178BE
:10786800FFF73CFEF8E7324605206178FFF736FE61
:10787800F2E70420FFF772FEB5E70B4609206178AE
:10788800FFF72CFEE8E7914205D0134608201022A6
:10789800FFF724FEE0E76A78902AD9D11022072062
:1078A800AB78FFF71BFED7E74C29002060290020A2
:1078B800642B00205D290020602B002001A0FFFF21
:1078C800602A00200023054A05480649C2E900331A
:1078D800C2E9023303700B70FEF718BF4C29002071
:1078E8005D2900205C290020002330B50A4A89B0B0
:1078F8000A480B4C0B490C4DC2E90033C2E902336C
:1079080023602B7003700B6020216846FEF70CFF84
:107918000028F9D109B030BD4C2900205D2900208C
:10792800642B0020602B00205C290020014B187874
:10793800704700BF5D290020034B1B78012B01D144
:10794800FFF7F6BE704700BF5D2900202DE9F0471C
:10795800DDF820A0D3B30F46511E7C2936D8032169
:10796800DFF87C904FF6FF7E89F8011000214E4623
:1079780089F804101B4D79BA89F8000089F80520A8
:10798800A9F8021009F10608082416F8011B81EA73
:107998000E0E4EF3000C0CEA050C013C8CEA5E0C52
:1079A80014F0FF041FFA8CFEF3D1B045ECD1012589
:1079B8000D4CA9F806E060706780A280E36025702E
:1079C8005146BDE8F0470820FFF70CBE13460146B4
:1079D80003220120FFF782FD0120BDE8F08700BFE8
:1079E800602A002001A0FFFF4C2900202DE9F04764
:1079F800DDF820A0D3B30F46511E7C2936D80421C8
:107A0800DFF87C904FF6FF7E89F8011000214E4682
:107A180089F804101B4D79BA89F8000089F8052007
:107A2800A9F8021009F10608082416F8011B81EAD2
:107A38000E0E4EF3000C0CEA050C013C8CEA5E0CB1
:107A480014F0FF041FFA8CFEF3D1B045ECD10225E7
:107A58000D4CA9F806E060706780A280E36025708D
:107A68005146BDE8F0470820FFF7BCBD1346014664
:107A780004220120FFF732FD0120BDE8F08700BF96
:107A8800602A002001A0FFFF4C2900202DE9F047C3
:107A98000F4606460899002A55D0581E7A2852D80B
:107AA80010242D48DDB244700024864604718146B6
:107AB800044645716D0085717DBA458006704FEAB0
:107AC800430802EB430510880234000A607132F85B
:107AD800020BAA42A071F6D14FF6FF7A4FF0000CC4
:107AE8001FFA88F808F107051C4CADB208201EF8EB
:107AF800012B82EA0A0A4AF300022240013882EA8C
:107B08005A0210F0FF001FFA82FAF4D10CF1010CAE
:107B18001FFA8CFC6545E9D80324114A09F805A029
:107B2800938008F108034FEA1A2A9BB2D060567076
:107B380008F109005780147009F803A080B2BDE865
:107B4800F047FFF74FBD102231460120FFF7C6FC72
:107B58000120BDE8F08700BF602A002001A0FFFFD8
:107B68004C29002070B58C4615461C468CB0109BDD
:107B78000222029304216346CDE90054FFF77EFDFB
:107B880008BB134D2878012804D1FFF7D1FD2878C8
:107B98000128FAD00023841E18BF01240D4A0E487C
:107BA8000E490F4EC2E90033C2E902330360337055
:107BB8000B602B70202104A8FEF7B6FD0028F9D130
:107BC80020460CB070BD044620460CB070BD00BF06
:107BD8005D2900204C290020642B0020602B002008
:107BE8005C290020F8B5FCF7E7FB394DD5E90423FB
:107BF800C31A934203D20446A889FF2803D9032253
:107C0800344B1A70F8BD344EC0F5807189B23044D7
:107C1800FEF7F6FF002854D1AF89002FF2D0AB69E8
:107C2800E41A042CEED9042F50D9AB68002B4DD0A0
:107C3800B44634464FF6FF71FB1E06F1010E9BB2A7
:107C480026489E44082214F8013B594041F300039A
:107C5800013A034083EA510312F0FF0299B2F5D1C9
:107C6800A645EFD1F31913F8010C13F8023C43EAC7
:107C780000238B422AD131782B78994226D1737808
:107C8800032B23D1A888B6784100CCB2A64215D1DF
:107C9800053189B28F4211D178B19CF803009CF864
:107CA8000430A96843EA002321F81230A988013278
:107CB80093B299420CF1020CEFD80223054A1370D3
:107CC800F8BDAB89AC611844A881F8BD0323F5E77A
:107CD800682B0020842B0020882B002001A0FFFFA8
:107CE8000023064A0649C2E90033C2E90233C2E961
:107CF800043393610B70FEF775BF00BF682B00203B
:107D0800842B0020002300B5094A89B00949C2E93B
:107D18000033C2E90233C2E9043393610B702021B6
:107D28006846FEF76DFF0028F9D109B05DF804FB3D
:107D3800682B0020842B0020014B1878704700BF67
:107D4800842B0020034B1B78012B00D07047FFF7D2
:107D580049BF00BF842B00202DE9F04788B0002BD5
:107D680049D01C46531E7C2B154644D8109B002B2B
:107D780041D0DFF8C48098F80030012B41D00323AC
:107D8800DFF8B890074689F80130002389F8000029
:107D980089F8043048464FF6FF730E4689F80520E7
:107DA8004ABA2749A9F8022009F1060E082210F854
:107DB80001CB8CEA030343F3000C0CEA010C013AF3
:107DC8008CEA530C12F0FF021FFA8CF3F3D17045C2
:107DD800ECD1A9F8063020216846FEF711FF0028EB
:107DE800F9D10821109A1548FEF710FF814658B1BD
:107DF800032388F800304FF00109484608B0BDE871
:107E0800F0874FF00209F8E7DFF838A0109B8AF8EE
:107E18000070CAF81030AAF80260AAF80450CAF82C
:107E28000840AAF80C00FCF7C7FA0123CAE90500C4
:107E380088F80030E1E700BF842B0020882C002060
:107E480001A0FFFF682B0020030903EB830300F068
:107E58000F0000EB4300C0B2704700BF002800F0DD
:107E68009480012940F291802DE9F04F4FF00008ED
:107E78004FF000094FF0000A89B0CDE90089CDE93B
:107E88000489CDE90289A0F1040B07911FFA8AF051
:107E9800F8F710FB06465BF8040F0F46F8F72CFBC3
:107EA800324604460D46404649463B46F8F7C6F971
:107EB80022462B4680468946DDE90201F8F7BEF9DD
:107EC8002246CDE902012B4630463946F8F76CFBCD
:107ED80002460B46DDE90401F8F7B0F93246CDE970
:107EE80004013B4630463946F8F75EFB0B4602462E
:107EF800DDE90001F8F7A2F9079B0AF1010A5345E9
:107F0800CDE90001C2D11846F8F7D4FA04460D4667
:107F1800DDE9000122462B46F8F746FB42460646B5
:107F28000F464B4640464946F8F73EFB02460B468D
:107F380030463946F8F780F900224FF07A53064662
:107F48000F46F8F7ADFDE0B9DDE9040122462B46FE
:107F5800F8F72AFBDDE9022304460D464046494668
:107F6800F8F722FB02460B4620462946F8F764F943
:107F780032463B46F8F742FCF8F7EEFD09B0BDE89B
:107F8800F08F002009B0BDE8F08F0020704700BFD7
:107F980000285DD02DE9F04F894683B019B900203B
:107FA80003B0BDE8F08F044600260027804600EBAA
:107FB800810558F8040BF8F79FFA02460B4630463D
:107FC8003946F8F73BF9454506460F46F1D148468C
:107FD800F8F770FA82468B4652465B463046394679
:107FE800F8F70CFCF8F7B8FD0190F8F785FA0026C9
:107FF80080468946002754F8040BF8F77DFA424674
:108008004B46F8F719F902460B46F8F7CDFA02463F
:108018000B4630463946F8F711F9A54206460F4691
:10802800E9D152465B46F8F7E9FB06F055FDF8F74B
:1080380093FD4FF050510446F9F794F850B9019B5D
:10804800214623F00040F8F799FF03B0BDE8F08F10
:1080580000207047014803B0BDE8F08FFFFF7F7F25
:108068002DE9F04F87B0049208B1894621B900255F
:10807800284607B0BDE8F08F06469B46824607466D
:108088000024002500EB810857F8040BF8F734FAB0
:1080980002460B4620462946F8F7D0F8B84504466C
:1080A8000D46F1D14846F8F705FA02460B46204638
:1080B8002946CDE90223F8F7A1FBF8F74DFD05465F
:1080C800F8F71AFA00220023344605961F4616468A
:1080D800CDE9000154F8040BF8F70EFADDE90023A6
:1080E800F8F7AAF802460B46F8F75EFA02460B467E
:1080F80030463946F8F7A2F8A04506460F46E9D1BA
:10810800DDE90223F8F77AFB059E06F0E5FCF8F7AF
:1081180023FD0446BBF1000F11D025F00047384677
:108128004FF05051F9F732F8002851D12046CBF8DA
:10813800000049463046FFF791FECBF80400494657
:108148003046FFF725FF0499F9F716F800288FD174
:108158004FF050512046F9F705F88146002887D19D
:1081680021462046F8F74EFD0026044600275AF817
:1081780004BB29465846F8F743FD214620F0004045
:10818800F8F7F0FF70B15846F8F7B6F902460B4613
:1081980030463946F8F752F806460F4609F1010904
:1081A8001FFA89F9D045E2D1B9F1000F3FF460AF69
:1081B8004846F8F77FF902460B4630463946F8F745
:1081C8001DFBF8F7C9FC0546284607B0BDE8F08F47
:1081D80039462046F8F7D2FEA9E700BF71B100235F
:1081E800020E62F30703C0F3074262F30F23C0F3E2
:1081F800072262F3174360F31F630B60704700BFE9
:10820800002210B5134B14481B6844F2F8749342CB
:1082180018BF184600F5006000E01A46835802F1BE
:10822800080CB3F1A53F00EB020111D14968CB1C42
:1082380001F1FF3E23F003031EF1030F634407D847
:10824800A14205D8B3F5904F02D8E6D1184610BD23
:10825800104610BD88750020006003082DE9F04322
:10826800D61C36F0030683B021D01546074688464B
:1082780000244FF0FF390AE04FF0FF32391900238C
:108288000220FCF761FE0434A8B9A6420FD9A54222
:10829800A5EB040208EB0401CDF80490ECD9042AFC
:1082A80028BF042201A804F0E6FB019AE6E70020B3
:1082B80003B0BDE8F0836FF0050003B0BDE8F083BC
:1082C8002DE9F04186B0002841D00C4600293ED067
:1082D800B1F5FF6F38D8CF1C0646FCF7E7FD002242
:1082E800294DDFF8A8802B6802A8934208BF4346AF
:1082F8000493012301A9CDE9022227F0030705937E
:10830800FCF77AFEA8BB1EA3D3E900232D68022040
:10831800002D08BF45462946FCF716FE0346C8B996
:108328003A460220291DFCF70FFEC0B92246314605
:1083380005F10800FFF792FF0446A8B9FCF7CAFD4B
:10834800204606B0BDE8F0816FF00104F8E74FF071
:10835800FF34F5E7FCF7BEFD6FF00304F0E7FCF728
:10836800B9FD6FF00404EBE7FCF7B4FD6FF005040A
:10837800E6E7FCF7AFFD6FF00204E1E7AFF300803A
:108388005A5AA5A50000000088750020006003085F
:1083980070B5154C154B25680446002D08BF1D46C1
:1083A800944604F500642C440E4602204FF0A53292
:1083B800002321466546FCF7C7FD70B903462A46E7
:1083C8000220211DFCF7C0FD50B92A46314604F1B0
:1083D8000800BDE87040FFF741BF6FF0030070BDB3
:1083E8006FF0040070BD00BF8875002000600308AE
:1083F80038B5184B0D461A680346C2B111462BB35F
:1084080025B315480C6884421DD14C68611EB1F52E
:10841800FF6F15D2AC4228BF2C4602F1080118465E
:10842800224604F028FBA54204D8002038BD0B4999
:108438000A46E4E700212A1B204404F08FFAF4E7F7
:108448006FF0020038BD6FF0010038BD4FF0FF300B
:1084580038BD00BF887500205A5AA5A500600308DA
:10846800014B1860704700BF88750020FFF728BFD0
:10847800F0B5471EFBB2032B89B021D804460D4640
:10848800684620211646FFF7B3FF48B1C31C012BED
:1084980001D909B0F0BD20220021684604F05EFA37
:1084A80008AA08AB03EBC70302EBC40443F8205C3B
:1084B8006846202144F8246CFFF702FF09B0F0BD9C
:1084C8006FF00600E5E700BF064B074A1B68002B64
:1084D80008BF13465968202901D1FFF789BF6FF0FB
:1084E8000200704788750020006003082DE9F047F6
:1084F80086B0002800F0D3800D46002900F0CF8018
:1085080001F1030828F0030808F10808B8F5904FAE
:1085180000F2C2800646FFF773FE20EAE074C4F555
:108528009043984572D9624F624839680022002901
:1085380018BF084644F2F77E9446144600F50060DA
:1085480019E0D9F8049009F1030323F0030309F1B2
:10855800FF390833F14503EB040A12D8BAF5904FF6
:108568000FD8BCF1000F08BF1A46BAF5904F544611
:108578000CF1010C05D0235804EB0009B3F1A53F19
:10858800DFD0BCF1000F24D0A41A22D008EB0403DA
:10859800B3F5904F4AD944F2F77E14E0DCF804C0F2
:1085A8000CF1030323F003030CF1FF3C0833F445FB
:1085B8001A440ED8A342A4EB030408EB040308D220
:1085C800B3F5904F32D9135802EB000CB3F1A53F25
:1085D800E4D0FCF76BFC00223B6802A802924260E0
:1085E80013B303F50063092201A904930592FCF76C
:1085F80003FD002856D12A463146FFF7C9FE044636
:10860800FCF768FC204606B0BDE8F087FCF74EFC96
:108618002A4631462046FFF7BBFE0446FCF75AFCC3
:10862800204606B0BDE8F087234BDCE7214B02F576
:108638000062002908BF194620481144224604F068
:108648001AFAFCF733FC002302A8029343603B6844
:1086580003B303F500630493092301A90593FCF709
:10866800CBFCF8B9386898B100F500602246134988
:10867800FFF7F4FD38B920462A463146FFF788FE51
:1086880004460028BCD0FCF725FC6FF00504B9E7C8
:108698000948EBE7084BDEE76FF00104B2E74FF05B
:1086A800FF34AFE7FCF716FC6FF00204AAE700BF3F
:1086B800887500200060030800680308882D0020E2
:1086C80008B5FFF79DFD20EAE07008BD10B586B03B
:1086D800FCF7ECFB00220D4BCDE902221B6893B19D
:1086E80003F50063092201A902A8CDE90432FCF7C9
:1086F80083FC002814BF6FF002040024FCF7EAFB97
:10870800204606B010BD024BECE700BF887500207C
:108718000068030870B505460E461446FFF770FD5D
:10872800002813DDA84212D90A4B401B19680A4BCE
:10873800844228BF0446002908BF194605F500658C
:1087480030462246294404F096F9204670BD6FF061
:10875800030070BD88750020006003080000000059
:1087680010B586B00446FCF7A1FB012100231A4886
:108778000293CDE9040102A801A90393FCF73CFC8C
:10878800A0B913A3D3E9002302201349FCF7DCFBAB
:10879800034680B9224602201049FCF7D5FB04465F
:1087A80070B9FCF797FB204606B010BDFCF792FBAA
:1087B8004FF0FF30F8E7FCF78DFB6FF00100F3E7AF
:1087C800FCF788FB6FF00200EEE700BFAFF3008014
:1087D800CFCF5A5A0000000000F8030804F8030835
:1087E800F0B51E4CCFB0606AF7F786FE06466068A3
:1087F8000F46F7F781FECDE90C012068F7F77CFEFC
:10880800CDE90A012069F7F777FECDE90801E068AC
:10881800F7F772FECDE90601E069F7F76DFECDE9DD
:108828000401A069F7F768FECDE90201A06AF7F72D
:1088380063FE04460D4632463B460949CDE90045EC
:108848000EA803F0BFFF0EA8F7F7EAFC01460EA832
:1088580089B2F9F7D5FC00204FB0F0BD647700204D
:1088680008EE000808B5054B5B68D3F80720D3F875
:1088780003109878FFF7FCFDC0B208BD1C760020F5
:108888002DE9F04DDCB0FFF71BFF002800F09480C5
:108898000728064640F28A80002508244A4F3CE013
:1088A80020460CA9FFF736FF0E287FDD0023DDF8F0
:1088B8003620DDF83B0008928DF82430F7F71CFECF
:1088C80082468B469DF830409DF83530D03C9DF867
:1088D8003420E4B204F5FA649DF83300049303925B
:1088E80023469DF832209DF831400DF12008CDE94E
:1088F80001204FF480713A460094CDE906ABCDF8DB
:1089080014801CA803F028FF014605F108041CA8E0
:1089180089B2F9F775FCB44248D8082228460AA952
:10892800FFF7F8FE072841DD0A9BB3F1A53F3DD1CB
:108938000B9A531E033339D8D31C23F0030308338F
:108948001D44B54232D80F2AAAD0402A28BF402257
:1089580020460CA99046FFF7DDFE404526DB1CA803
:10896800864600210DF1300C0DE05E2C07D90D2B49
:1089780005D00A2B03D013F0800F08BF2E2388459B
:108988000EF8013B16D01CF8013B0A46A3F120045F
:108998000131002BE9D140F60D23911C89B2835295
:1089A80005F10804F9F72CFCB442B6D900205CB0F4
:1089B800BDE8F08D4246EEE707210448F9F720FCB0
:1089C80000205CB0BDE8F08D8CEE000884EE000855
:1089D800D0B5BEB016A8FFF777FD10B101203EB0A4
:1089E800D0BD04461D98F7F787FD02460B461C9834
:1089F800CDE91423F7F780FD0423CDE912011B9874
:108A08001093F7F779FD02460B461A98CDE90E2325
:108A1800F7F772FD0323CDE90C0119980A93F7F7CC
:108A28006BFD02460B461898CDE90823F7F764FD5D
:108A38000223CDE9060117980493F7F75DFD024676
:108A48000B461698CDE90223F7F756FD06460F4662
:108A58000123094A8021CDE900671EA803F07CFEA6
:108A680001467F29A8BF7F211EA889B2F9F7C8FB54
:108A780020463EB0D0BD00BFB8EE000838B5144B54
:108A88005B68D3F80240C4F30A03B3B9B4F1006FCA
:108A98001BD3104B6FF30A039C4210D30E4B04F503
:108AA800A0429A420FD82046FFF75AFE054640B921
:108AB8002046FFF7D5FC284638BD012038BD0320E5
:108AC80038BD052038BD042038BD022038BD00BFA0
:108AD8001C760020BF0A010800F8030808B5084BF7
:108AE8005B689B78012B07D0022B01D0082008BDBA
:108AF80002F08CFC002008BD02F09CFCFAE700BFE5
:108B08001C760020012108B5084600F083FD0020EE
:108B180008BD00BF08B50421012000F07BFD00203E
:108B280008BD00BF08B50221012000F073FD002038
:108B380008BD00BF08B50321012000F06BFD00202F
:108B480008BD00BF08B5044B5B68987802F028FFA1
:108B5800003818BF012008BD1C76002008B5064B58
:108B68005B689878642801D9012008BD03F088F86B
:108B7800003818BF012008BD1C76002008B5064B38
:108B88005B689878642801D9012008BDFEF76EFC5F
:108B9800003818BF012008BD1C76002008B5064B18
:108BA8005B689878642801D9012008BDFEF71AFC93
:108BB800003818BF012008BD1C76002038B5114BBD
:108BC8005B68987800F00F02092A19D89F2817D8EF
:108BD800DD7805F00F03092B12D89F2D10D8FFF769
:108BE80033F904462846FFF72FF904EB840404EB15
:108BF800840400EB840080B2BDE8384003F01CB860
:108C0800032038BD1C76002008B5074B5B689878B0
:108C1800032807D8D9784B1E072B03D8F9F7EEF8A5
:108C280000B908BD032008BD1C76002010B598B017
:108C380006A8FEF7BDFA18B10124204618B010BDE9
:108C48009DF81D2004469DF81E009DF81C10CDE9D6
:108C580003209DF81B309DF81A20CDE901310092C0
:108C6800BDF81830064A402108A803F075FD0146F2
:108C780008A889B2F9F7C4FA204618B010BD00BF99
:108C8800F0EE000870B52B4C6368002B4FD022899A
:108C9800092A4CD15A1C03F1080512F8011F9F2913
:108CA80001F00F0043D8092841D8AA42F5D1987895
:108CB800FFF7CAF863680546D878FFF7C5F805EBEB
:108CC800850562681C4E05EB850500EB8503107968
:108CD8003380FFF7B9F86368B0705879FFF7B4F8D4
:108CE8006368F0709879FFF7AFF863683071D879E6
:108CF800FFF7AAF863687071187AFFF7A5F8B378D8
:108D0800B071013B0B2B12D8F378013B1E2B0ED808
:108D18003379172B0BD873793B2B08D83B2806D807
:108D28003046FEF739FB003818BF012070BD01201E
:108D380070BD00BF1C7600209C01002070B5C0B03B
:108D4800FFF7BEFCC8B10646002505E06846254485
:108D5800F9F756FAAE420DD9741BB4F5807F28BFD7
:108D68004FF48074694628462246FFF7D3FCA04298
:108D7800A1B2EBDA002040B070BD07210248F9F734
:108D88003FFA002040B070BD84EE000810B5FFF730
:108D98009DFC08B1012010BD04460C210248F9F7DA
:108DA8002FFA204610BD00BF10EF000810B588B09C
:108DB80000212022684603F0D1FD20216846FFF7F4
:108DC80055FB10B1012008B010BD04460F2103481F
:108DD800F9F716FA204608B010BD00BFC8F700081A
:108DE800034A0020137843F010031370704700BF44
:108DF80030760020034A0020137843F001031370F3
:108E0800704700BF3076002038B5114C6368EBB16D
:108E18002289022A1AD99D78EB1C934216D86B1C1A
:108E28000A2B13D802F048FD63680A4A981C2844A4
:108E3800013313F8011F834202F8011BF9D1064AD6
:108E48000020137843F00403137038BD062038BDA2
:108E58001C760020087600203076002010B5104BD4
:108E680090B05B689A78531EDBB2F62B09D80020C5
:108E78000C490D4C0B78227043F002030B7010B0B4
:108E880010BD0A49684603F09DFC6846F7F7C8F923
:108E98000146684689B2F9F7B3F9042010B010BD4D
:108EA8001C760020307600201276002020EF000883
:108EB800034A0020137843F008031370704700BF7B
:108EC80030760020034A0020137843F02003137003
:108ED800704700BF3076002040F2011330B52E4CA9
:108EE800A9B02268032107A88DF81E20ADF81C3010
:108EF80000F0F2FF032844D001280BD02368013387
:108F0800072B236009DC0022244B4FF496701A715A
:108F180000F024FB002029B030BD02F0A3FA0025A0
:108F280084461F4A25601378BCF8124023F00103D9
:108F380013709CF80230BCF800200594BCF8084077
:108F480018490494BCF8044008A80394BCF80640E7
:108F58000294BCF810400194BCF80E40009403F051
:108F680031FC08A8F7F75CF9014608A889B2F9F7B7
:108F780047F90422094B4FF496701A7100F0EEFA83
:108F8800C8E700210120064A2160137823F0010375
:108F9800137029B030BD00BFCC75002028760020A2
:108FA8003076002028EF0008822210B5184C1948A6
:108FB80023780280012B17D0022B0BD043B9FC2257
:108FC80007218371C0F80220FDF75CFD022323709E
:108FD800002010BD104A1388132B15D90021012336
:108FE80011802370002010BD0C4A0721C0F8022010
:108FF8008371FDF747FD0021094A2170137800208D
:1090080023F02003137010BD01331380E0E700BF85
:10901800E8750020EC750020E6750020845A0100F0
:1090280030760020002330B5A5B0ADF80C308DF8AF
:109038000E3002F02FFD012540F2013304460321D2
:1090480003A8ADF80C308DF80E5000F045FF03284A
:109058001CD0012817D06288A088E38840EA024023
:109068000E492288009004A803F0ACFB04A8F7F787
:10907800D7F8014604A889B2F9F7C2F8084A137864
:1090880023F008031370002025B030BD2846044A99
:10909800137823F00803137025B030BD80EF000863
:1090A80030760020F0B5A5B002F0B6FD40F20123FD
:1090B8002E4E05463478ADF80C30012C36D0022CF3
:1090C80011D04CBB0223032103A88DF80E3000F009
:1090D80003FF032839D0022825D10123244AE9684F
:1090E800337011601FE0224F3868F7F705FA04461D
:1090F80078680D46F7F700FA2246CDE900012B46BD
:109108001C4904A803F05EFB04A8F7F789F8014698
:1091180004A889B2F9F774F80021174A3170137856
:1091280023F010031370002025B0F0BD032103A81D
:109138008DF80E1000F0D0FE03280ED00228F2D1D0
:109148000B4B6A6930705A60EDE70B4A347013783C
:1091580023F0100313700120E6E70021064A31705E
:10916800137823F010031370F5E700BFE4750020AF
:10917800DC750020B0EF0008307600202DE9F041C2
:10918800304D31482946A2B002F0A0FB012805D095
:1091980000284BD0002022B0BDE8F0816E78002E68
:1091A80039D0AA78334600928021284A02A803F0D1
:1091B800D3FA012E84B216D0023E0027DFF8908041
:1091C800F6B201E07B2C0ED86B6802A8DB5DC4F117
:1091D80080012044424603F0BFFA0334BE42A4B2E1
:1091E80007F10107EED102AB18191A4AC4F1800140
:1091F80003F0B2FA02A8F7F713F8014602A889B2F9
:10920800F8F7FEFF0020144A137823F004031370C4
:1092180022B0BDE8F08106240F4A104913780C707B
:1092280023F00403137022B0BDE8F0810624012066
:10923800094A0A4913780C7023F00403137022B00A
:10924800BDE8F081D075002008760020D8EF00082E
:10925800F4EF0008FCEF00083076002018760020B4
:10926800042140F20112802310B51B4882B090F807
:1092780000C00DEB01008DF807C0ADF804208DF893
:10928800063000F029FE012804D00228034604D045
:10929800032811D0002002B010BD4FF0040C0F4A73
:1092A8000F4913784FF4967023F00203137081F876
:1092B80004C000F053F9EDE74FF0040C0749094CDE
:1092C8000A78322022F002020A70054A84F800C0A7
:1092D800137100F043F9DDE71276002030760020A4
:1092E800287600201876002030B500240A4D83B077
:1092F80001230A4A0A492846CDE9004403F062FAE4
:109308002846F6F78DFF0146284689B2F8F778FF18
:10931800204603B030BD00BF8C75002000F0000867
:1093280008F0000870B55B4C90B02379042B4ED838
:10933800DFE803F0251A4D1503006846564B5749D8
:109348001A7803F03FFA6846F6F76AFF014668465E
:1093580089B2F8F755FF0023237110B070BD504B48
:1093680068461A784F49ECE700F0E4F82368C01A19
:109378000028F2DB6379DBB2237110B070BDF8F717
:109388002DFF002837D1484C484A237812781A41D3
:10939800D20720D4464D2A6846490133A1FB030170
:1093A800890801EB4101A3EB41032370002AD4D0C3
:1093B8004149684603F006FA002368462B60F6F731
:1093C8002FFF0146684689B2F8F71AFFC5E7002360
:1093D800237110B070BD394A52F82320002AD9D021
:1093E8009047002832D00122314D237829689A40CD
:1093F8000A432A60D0E7F8F7E9FE274A5168108146
:1094080009B301281FD90B78782B1CD14D7800237C
:1094180015702B4A01E01C2B1CD01901515C02EB82
:109428000316A94203F10103F5D17388254D834240
:109438002E6019D8F3689847194B1870E8B92B684B
:109448005A7A02B32071F8F7CFFE9CE7184D2378BB
:109458002A68A1E70323002108251A4A10486371E6
:10946800057011602371EEE7022103230C4A3220B4
:109478001170237100F072F8E5E70323322023719D
:1094880000F06CF8DFE758681B7A237100F066F883
:10949800D9E700BF287600201C76002038F00008A5
:1094A8001876002054F0000800760020307600205E
:1094B80014760020ABAAAAAA28F0000898F9000898
:1094C800D8F700080476002008B5F8F77BFE0023DB
:1094D800054A1381506008B1184608BD1421034895
:1094E800F8F78EFEFF2008BD1C76002070F00008FB
:1094F80058B1012370B5037104460E46154600F0B5
:1095080019F830442060657170BD704740B110B5DE
:10951800044600F00FF82368C01AC043C00F10BDFE
:1095280001207047024A136801331360704700BF77
:1095380038760020014B1868704700BF3876002045
:10954800014B1860704700BF38760020024B1B683B
:10955800181AC043C00F704738760020034B1B68A9
:109568001BB1034A126810445860704734760020D3
:10957800387600202DE9F843DFF85080D8F80070DD
:1095880010B309B304460026DFF8449000EB011538
:109598002378B3B1E268A2B16168D8F800305B1AE9
:1095A800002B0EDBC9F800409047A3683BB1616807
:1095B800D8F800203B44521A002AA8BF6360C9F8B3
:1095C80000601034AC42E3D1BDE8F883387600205F
:1095D8003476002000230249024A0B60137070475A
:1095E800147800201078002001F082BDFDF73EB904
:1095F80000F03AB800F06ABBFFF794BE06210148B4
:10960800FFF7B8BFF401002005210148FFF7B2BFFA
:10961800A401002070B540B9104B00210620104A63
:10962800197082F82410107770BD01260B4B4A1E62
:10963800032A0C461E70F0D80023094DAB61FFF7D2
:1096480079FF084B85F82460234413F8013C2C77F4
:10965800EB842862FFF76EFFA86270BD15770020C3
:1096680018770020540200202DE9F047A44E96B048
:10967800337833B3A34C94F82430012B00F02F81B6
:10968800A3692BB1FFF756FFA369C01A002818DB9E
:10969800FFF750FF257F00F5FA706B1EA061042BC1
:1096A80000F20983DFE813F02800890005000401AF
:1096B800120002F003F8032800F0D481022800F019
:1096C80045810025284616B0BDE8F0878E4A637F9D
:1096D8001268032106A8ADF818208DF81A3000F09A
:1096E800FBFB022800F0AD810328EAD10622002303
:1096F800012522773370E5E7844B1B681A0CADF817
:109708000C308DF80E2002F087FA0321074603A8D3
:1097180000F0E2FB032800F0BD810228D1D17F6868
:1097280000213846F7F714FD0028CBD1784A79494B
:10973800137841F823700133DBB2092B137040F220
:10974800988110700122744B1A7004AB0A21734A75
:109758007048FEF785FCDFF8C881074698F80030A6
:10976800002B40F01782DDF81490DFF8B8A14846C6
:10977800DAF80010F7F74EFB0021F7F7E9FC0028AC
:1097880040F00382684929F00040F7F7E1FC00281F
:1097980040F0FB81CAF80090384601F0B5FDFFF7AC
:1097A800C9FEA36A614AC31A93428AD901F00CFE22
:1097B8000023337001F03EFE84E70025ADF80C501D
:1097C8008DF80E5002F066F9594B07461A6872B1C7
:1097D80000221D60574B29461D70574B57481D7076
:1097E800574B1D70574B1A60282203F0B7F840F208
:1097F80001330222032103A88DF80E20ADF80C30A6
:1098080000F06AFB032800F03A8102287FF459AF80
:109818003888F7F7A7FADFF81C81484F98F8005006
:1098280047F825000135EDB2092D88F8005040F2BF
:109838000D8100230121404A88F80030117004ABE3
:109848000A21364A3D48FEF70BFCDFF8F49005463E
:1098580099F80030002B40F02F81059FDFF8E48055
:109868003846D8F80010F7F7D5FA0021F7F770FC5A
:10987800002840F01C812C4927F00040F7F768FCCD
:10988800002840F01481C8F80070284601F03CFD1B
:10989800FFF750FEA36A254AC31A93427FF611AF19
:1098A80001F092FD0023337001F0C4FD012509E7A2
:1098B80040F20133244F03A83946ADF80C3002F0CA
:1098C80005F8012805467BD000287FF4FAAE01F0A0
:1098D80069FD01F0AFFD062335702377E6E7FFF752
:1098E80029FE4FF47A71E38C226A01FB03F3801A94
:1098F8009842FFF4E6AE0023236284F82430BFE6E2
:109908001577002018770020FCF0000800F1000807
:10991800A076002078760020757600206666663F7F
:10992800747600207076002077CC2B321FBF02009F
:109938006C7600206A760020697600203C7600204C
:109948006876002064760020D8760020AA4DAB4BBC
:10995800287803EB800001F0D9FE0028A6D12B78E7
:109968000133DBB2092B2B7040F29B800122A44B00
:1099780028701A7004AB0A21A24AA048FEF770FBAF
:10998800A14F05463B78002B40F06481DDF8148038
:10999800DFF878924046D9F80010F7F73BFA002133
:1099A800F7F7D6FB002840F05181994928F000408C
:1099B800F7F7CEFB002840F04981C9F8008064E73A
:1099C8007B78012B4ED97B68DFF84882188898F895
:1099D800007040BA80B2F7F7C9F9DFF83C9249F84D
:1099E80027000137FFB2092F88F8007034D9002307
:1099F8008A4A88F80030157004AB0A21814A8648E3
:109A0800FEF72EFBDFF81882054698F80030002B89
:109A180040F08980059FDFF80C923846D9F800108D
:109A2800F7F7F8F90021F7F793FB002876D1784982
:109A380027F00040F7F78CFB00286FD1C9F80070B9
:109A480023E706220023227733703AE6764B1B7809
:109A5800002B3FF436AEF2E6704B1B78002B3FF438
:109A680030AEC9E701F09EFC01F0E4FC002333703E
:109A78001CE76E4B1B78002B3FF423AE65E601F024
:109A880091FC01F0D7FC0023182169483370F8F7DE
:109A9800B7FB0BE701F086FC01F0CCFC0023337028
:109AA80010E6574B1B78002B3FF40BAE62E70123FF
:109AB800C8F8007089F80030DDF810805D4940462C
:109AC800F7F750FB00283FF4E0AE40F205230022F0
:109AD800656128460025A383574B89F800501A6012
:109AE800F6F70AFD064640460F46F6F705FD3246EC
:109AF8003B46CDE90001514906A802F063FE06A8DD
:109B0800F6F78EFB014606A889B2F8F779FB2846D6
:109B180001F0A2FC606901F033FBD2E50123C9F82A
:109B2800007088F80030049F42493846F7F71AFB5E
:109B380000283FF4AAAE40F205430022E56028461B
:109B48000025A383374B88F800501A60F6F7D4FC39
:109B58000246384616460F46F6F7CEFC32463B46D6
:109B6800CDE90001364906A802F02CFE06A8F6F752
:109B780057FB014606A889B2F8F742FB284601F0D0
:109B88006BFCE06801F0FCFA9BE50123CAF8009041
:109B980088F80030DDF8109026494846F7F7E2FAD1
:109BA80000283FF4F9AD40F2051300220025A383F5
:109BB800244B27611A60384688F80050F6F79CFC59
:109BC800064648460F46F6F797FC32463B46CDE92F
:109BD80000011D4906A802F0F5FD06A8F6F720FBCE
:109BE800014606A889B2F8F70BFB284601F034FCB9
:109BF800206901F0C5FA64E514770020EC760020AE
:109C0800E97600206666663FE8760020E476002064
:109C180077CC2B32D4760020AC760020A9760020B1
:109C2800A8760020A47600206976002075760020AA
:109C3800CCF000086F12833A64760020E4F0000844
:109C4800A0F0000870760020B8F000080123C9F8D9
:109C580000803B70DDF8108019494046F7F782FA1A
:109C680000283FF412AE40F205330022A5602846D2
:109C78000025A383134B3D701A60F6F73DFC06469A
:109C880040460F46F6F738FC32463B46CDE9000120
:109C98000D4906A802F096FD06A8F6F7C1FA014696
:109CA80006A889B2F8F7ACFA284601F0D5FBA068F7
:109CB80001F066FA05E540F20563A383F6E500BF07
:109CC8006F12833AE476002088F000082DE9F04FFF
:109CD800794CB1B0237873B16578012D0ED0022D7F
:109CE80002D1A378012B3ED0032200236276237091
:109CF800724C2368EBB131B0BDE8F08FA578022D26
:109D08001DD0032D27D0012DEED1E37822798DF8CF
:109D18004030002A4AD10BA910A801F0A7FB02285D
:109D28001ED0002814BF032202220023627623706B
:109D3800DEE7FFF7FFFB00F5FA702060DBE7E01CC9
:109D480001F0E0FE02280BD0002818BF03250023ED
:109D580065762370CCE7E01C01F046FE02281ED190
:109D680001236376C7E741F20503554EE77830468D
:109D7800ADF84030FDF71CFA0028B5D17A1EB6F8C8
:109D88000090B77896F8038096F804A096F805B086
:109D9800B379032A74D8DFE802F04B5F370F002845
:109DA80008BF0225002365762370A1E7611D0DF128
:109DB800410002F060FEAEE7F0680993F6F79CFBFD
:109DC800099BCDE90601CDE903B37E214B46CDE9D8
:109DD800018A3C4A0DF14200009702F0BDFC811C4B
:109DE80001387D2889B25BD910AE032530466576E7
:109DF800F8F706FA0022637E2270023B012B7FF6F9
:109E080077AF31B0BDE8F08FB0680993F6F774FB0F
:109E1800099BCDE90601CDE903B37E214B46CDE987
:109E2800018A294A0DF14200009702F095FCD6E715
:109E380030690993F6F760FB099BCDE90601CDE986
:109E480003B37E214B46CDE9018A204A0DF1420039
:109E5800009702F081FCC2E770690993F6F74CFBA2
:109E6800099BCDE90601CDE903B37E214B46CDE937
:109E7800018A174A0DF14200009702F06DFCAEE727
:109E88007E21CDE903B3134A4B46CDF808A0CDF89F
:109E9800048000970DF1420002F05EFC811C89B23B
:109EA80010AE4FF47A7230460991FCF743FC0999D9
:109EB80000289AD19AE700BF48770020447700200D
:109EC8001877002038F1000804F100086CF1000848
:109ED8009CF10008D0F10008F0B593B0002831D00B
:109EE80002292FD90339CCB2142C2BD8374F7E7EB8
:109EF800012E23D0B31E012B05464DD87A7803785E
:109F08009A4228D0324E306800BB0023314AC7F845
:109F180005307B763360C7F8013053609360D360B7
:109F2800136101233B702A787A706B78BB70A9782B
:109F38003C71F970002C34D101237B760126304620
:109F480013B0F0BD0326304613B0F0BDFFF7FEFA9C
:109F58000028DAD1F2E7BA7843789A42D2D1FA786F
:109F680083789A42CED13B79A342CBD134B12246F1
:109F7800781DE91C02F0C8FC0028C3D10023154A4B
:109F88001349C7F805303B6053609360D360136191
:109F98003B717B760B60D6E73B78002BC1D001265E
:109FA800CDE7CDE9001402A80B4902F00BFC02A88A
:109FB800F6F736F9014602A889B2F8F721F92246E0
:109FC800E91C044802F057FDB6E700BF48770020B7
:109FD800447700204D770020FCF100082DE9F0437C
:109FE8001E24A7B020460134FDF740FAE4B26420ED
:109FF800FAF7E8F93C2CF5D141F65830FAF7E2F9CE
:10A008000020FDF733FA05263A4F4FF4FA70FAF7B5
:10A01800D9F9384601F042FD0446002840D16420B1
:10A02800FAF7D0F901224FF480413348FAF79CFE41
:10A038004FF47A70FAF7C6F922464FF480412E4859
:10A04800FAF792FE57F8180CF6F756FA2B4D064613
:10A05800686A0F46F6F750FA02460B46A869CDE93A
:10A068000423F6F749FA02460B46E868CDE90223CD
:10A07800F6F742FA8046894632463B462049CDE902
:10A08800008906A802F09EFB06A8F6F7C9F8014663
:10A0980006A889B2F8F7B4F8204627B0BDE8F083DF
:10A0A800184D06AC0FCD0FC495E8070003C4130C78
:10A0B80024F8022B237006A8F6F7B2F8014606A882
:10A0C80089B2F8F79DF8731E13F0FF069DD141225F
:10A0D8000D4906A802F076FB06A8F6F7A1F8014696
:10A0E800412406A889B2F8F78BF8204627B0BDE8C6
:10A0F800F08300BF7C770020000C014064770020CB
:10A108006CF20008A8F2000838F2000808B56420CC
:10A1180001F0B6FD6420FAF755F9002001F0B0FD12
:10A12800002008BDFFF706BAFFF70ABA10B5554C6C
:10A13800ACB06368A021DBB2023B042B96BF524A45
:10A14800524B52F82330A2680092606FE268019087
:10A15800029204A84E4A02F0FFFA002809DD04A87A
:10A16800F6F75EF80246C823002004A992B2F7F772
:10A1780023FEA369E269A0210092206A626A019025
:10A18800029204A8434A02F0E7FA04A8F6F748F84E
:10A19800024604A9C82392B20020F7F70DFEA36A6D
:10A1A800E06AA0210090206B3B4A0190606B02900E
:10A1B80004A802F0D1FA04A8F6F732F8024604A976
:10A1C800C82392B20020F7F7F7FDA36BE06BA0213C
:10A1D8000090206C314A0190606C029004A802F053
:10A1E800BBFA04A8F6F71CF8024604A9C82392B2E1
:10A1F8000020F7F7E1FDA36CE06CA0210090206D32
:10A20800274A0190606D029004A802F0A5FA04A8FC
:10A21800F6F706F8024604A9C82392B20020F7F719
:10A22800CBFD23696069A0210090A06D1D4A0190B3
:10A23800E06D029004A802F08FFA04A8F5F7F0FF89
:10A24800024604A9C82392B20020F7F7B5FD236E91
:10A25800606EA0210090A06E134A0190E06E0290FB
:10A26800206F039004A802F077FA04A8F5F7D8FF46
:10A278000246C82304A992B20020F7F79DFD2CB02E
:10A2880010BD00BF98770020B0F90008C4F200089C
:10A29800D0F2000800F3000828F3000850F3000883
:10A2A80078F30008A4F30008D0F30008F8B50546D1
:10A2B800254C17460E4678220021204602F04EFB18
:10A2C800224B23606560FAF777F8A060E760EFF348
:10A2D80008832361EFF30983636100231C498A6AB9
:10A2E800A265CA6AE2654A6B22668A6B6266CA6BB5
:10A2F800A2664A6AE2664A6816492267164A1268DE
:10A30800626751F8235003F10A000133082B44F81F
:10A318002050F6D1B6B13368A3617368E361B368BE
:10A328002362F36863623369A3647369E364B3699E
:10A338002365F36963650122084B1A70BDE8F8408C
:10A34800FFF7F4BEE764F6E79877002044544C46DC
:10A3580000ED00E0187800201478002094770020A1
:10A36800704700BF0122014BDA717047B07D0020B1
:10A378000020014B58707047B07D00200020014B31
:10A3880098707047B07D00200FB400B5A3B024AB1F
:10A3980053F8042B802102A8019302F0A7FA0028A1
:10A3A80007DD7F280146A8BF7F2102A889B2F7F7F9
:10A3B80027FF23B05DF804EB04B07047002001F0DC
:10A3C8005FBC00BF59B3F0B50346B1F80021087867
:10A3D800B3B0019200900D46114AC02102A802F0C4
:10A3E800BBF9041E19DBB5F80031B3B1BB2C14DC82
:10A3F8002E460C4F01E0BB2C0FDC02A83A4616F89B
:10A40800013BC4F1C001204402F0A6F9B5F80021CF
:10A41800731B9BB29A420444EDD833B0F0BD704729
:10A4280044F40008F4EF000838B1B0F800210346FE
:10A43800032A02D90178832900D0704770B51D4CD2
:10A448002178E1B1042AC17823D04D00C1B1281D7B
:10A45800824215D3F02D13D894F8F521F2B90126CC
:10A46800191D2A46144802F006FBA4F8F05184F896
:10A47800F561FCF7C1F9114BC4F8F8019E7170BD84
:10A488000F48FFF781FF052101220C4B21709A71BB
:10A4980070BD832907D08229D7D170BD0948BDE88E
:10A4A8007040FFF771BF0123044A84F8F6319371B5
:10A4B80070BD00BFBC7D0020BD7D0020B07D0020A8
:10A4C80060F4000884F4000830B50024194D83B006
:10A4D8002B7800947BB1012B02D0002003B030BD53
:10A4E800154B16481988FEF701F80020144B2C70FC
:10A4F8001C7203B030BD0421124B6A460DEB0100FB
:10A508000193FCF7EBFA01280446E6D100990029EB
:10A51800E3D0B1F80031032BDFD91A1F92B2FF2A1A
:10A5280028BFFF22044B054804311A8002F0A3FA21
:10A538002C70D2E77E7900207C7900207C7800207E
:10A54800B07D0020831A008100222DE9F0413D4CA6
:10A5580084B023780292032B21D8DFE803F0523B22
:10A568002402394D6868F5F7C7FF0646A8680F4604
:10A57800F5F7C2FF95F800803246CDE900013B4669
:10A5880041463248FFF700FFAA6869682878FDF756
:10A598006FFF002851D100232D4A2370D37100206A
:10A5A80004B0BDE8F0812B4B042102AA03A8039351
:10A5B800FCF794FA0128F2D1029B002BEFD0B3F8F4
:10A5C8000021072AEBD903225B681F491BBA8B605D
:10A5D8002270E4E7204B042102AA03A80393FCF7A6
:10A5E8007DFA0128DBD1029B002BD8D0B3F80021DB
:10A5F800072AD4D902225B6813491BBA4B60227020
:10A60800CDE7164B042102AA03A80393FCF766FAC8
:10A618000028C4D00128C2D1029B002BBFD0B3F8B8
:10A628000021042ABBD91B79074903F00F035A1EDE
:10A63800032A0B70B3D82070B1E701460848FFF72A
:10A64800A3FEA8E7787800206C780020ACF4000816
:10A65800B07D0020832A1008832A0008832B00027B
:10A66800CCF4000830B53C4C91B023788BB9FEF798
:10A6780061FF3A4D2B68C01A4F2816D9FEF75AFFCA
:10A68800374A28601378032B4CD8DFE803F05E586C
:10A698004650FEF74FFF334C2060FEF74BFF324B1E
:10A6A8001A68801AB0F57A7F02D2002011B030BD46
:10A6B80041F682110022246806A81C60ADF820101B
:10A6C8008DF82220FCF774FD08BB9DF81E109DF83C
:10A6D8001D309DF81C209DF81A009DF81B40CDE9FF
:10A6E8000331CDE90004BDF8183002921D211F4A3C
:10A6F8000DF1230002F030F80146033108A889B2B1
:10A70800FCF7C0F9003818BF012011B030BD0E2188
:10A718001748F7F775FD0120C8E7A020032315495E
:10A728001370887004211348FCF7ACF9BDE7E025E5
:10A73800002101230F48117085702370F2E7602013
:10A7480002230C4913708870ECE720200123094983
:10A7580013708870E6E700BFA079002058780020C1
:10A7680054780020507800204C780020F8F4000835
:10A77800E8F400085C02002000283AD030B5B0F8B0
:10A7880000310446022B85B001D805B030BDFEF774
:10A79800D1FEB4F800311E4A052B1060F5D9637953
:10A7A800022B07D0042B05D0032BEED10122194B25
:10A7B8001A70EAE70125002001F062FA1E20FCF772
:10A7C80055FE6379144A022B557113D0042BEBD133
:10A7D80042F6821300240A2101A8CDE90134ADF81C
:10A7E8000C40FCF74FF9204601F04AFA094B1D705E
:10A7F800CBE77047002442F682030A2101A8CDE97D
:10A808000134ADF80C40FCF73DF9024B1C70BCE775
:10A8180084790020A0790020B07D002040B308B5DD
:10A82800B0F80031052B15D90178C27883290CD1ED
:10A838005AB18188B1F5807F11D101220E4B83F87E
:10A84800F42101220D4B9A7108BD0D48BDE808405E
:10A85800FFF79ABD0B48BDE80840FFF795BD49BA18
:10A86800094889B2FFF790FD0122044B9A7108BD8F
:10A878000448FFF789BD00BFBC7D0020B07D0020E3
:10A8880040F5000818F5000868F5000870B108B52B
:10A89800B0F80031012B08D94FF481720146044801
:10A8A80002F0E9F80122034BDA7008BD704700BFD7
:10A8B800AA7C0020B07D002078B108B5B0F800313E
:10A8C800022B00D808BD4FF481720146034802F0FC
:10A8D800D2F80122024B9A7008BD7047A87B00206D
:10A8E800B07D002028B3B0F80031052B21D910B570
:10A8F800447986B004F00F04631E032B1AD801466E
:10A908004FF481720F4802F0B6F801200E4A0F4B3F
:10A918000F495070224601A85C7001F053FF01A84E
:10A92800F5F77EFC014601A889B2F7F769FC06B085
:10A9380010BD70471421074806B0BDE81040F7F76E
:10A948005FBC00BFA67A0020B07D00206402002012
:10A95800A8F5000890F50008F0B5784C784A2378F7
:10A9680085B00192042B04D8DFE803F01E273E537C
:10A9780008007448FFF708FDFBF754FF0323724AE9
:10A98800052102A802928DF80C30FCF77BF8002311
:10A9980001206E4A2370C4F8F03184F8F631A4F827
:10A9A800F431937105B0F0BD94F8F431002B00F048
:10A9B800AF80012323700020F4E70023C4F8F031AE
:10A9C80084F8F631A4F8F431FBF716FF04210346A6
:10A9D8000DEB0100C4F8F831FCF754F8002840F0FA
:10A9E800A38002232370E6E741F28831D4F8F80106
:10A9F800FBF70CFF002840F0918094F8F531002B0C
:10AA080040F0898094F8F631002BD4D004232370C9
:10AA1800D1E7B4F8F051002D5FD0F02DB4F8F26111
:10AA280011D929464A48FFF7AFFC41F28831D4F8DA
:10AA3800F801FBF7EBFE0028BDD04648FFF7A4FC61
:10AA480005232370B7E7444B4449C4F8F130002389
:10AA5800F7B22A46360A01F1F80084F8F83084F88B
:10AA6800F57084F8F66084F8F75002F004F84FF0B7
:10AA78005A0E4FF0A50C47214C2205F108039BB252
:10AA8800234483F8F1E005F109039BB2234483F8DA
:10AA9800F1C005F10A039BB2234483F8F11005F1D4
:10AAA8000B039BB2234483F8F12005F10C039BB2FE
:10AAB800234483F8F17005F10D039BB205F10E01F3
:10AAC8002344274889B283F8F160F7F799FB88B3E4
:10AAD800B4F8F2310133A4F8F2310023A4F8F031CC
:10AAE80084F8F531FBF788FE94F8F631C4F8F801DC
:10AAF800002B8BD104210DEB0100FBF7C3FF0028CD
:10AB08003FF46FAF1748FFF73FFC0523237052E768
:10AB18000E4A93714FE7032323704CE71248FFF75F
:10AB280033FC0523237046E71048FFF72DFC052367
:10AB3800237040E7B4F8F05173E700BFBC7D0020F4
:10AB48008331008140F60008822F8000B07D00200C
:10AB5800ECF5000808F60008A55A4C47BD7D002012
:10AB6800AD7E002024F60008D4F50008B8F50008EA
:10AB7800002833D030B5B0F800310446072B83B035
:10AB880004D945F2040382889A4201D003B030BD4B
:10AB9800134D6B78013B032BF8D8124B93E8030055
:10ABA8000B0C0090ADF80410684607218DF80630AC
:10ABB800FBF768FF04210C48FBF764FF822102229F
:10ABC80001200A4B2A701970E2796978A5799A7080
:10ABD8005D7003B0BDE83040FEF71CBD704700BF94
:10ABE80064020020E8EC000820F700088C790020B7
:10ABF80030B5424C83B02378012B37D0022B32D1A9
:10AC0800FEF798FC3E4B1B68C01A63282BD941F20B
:10AC180082123C4B3C4D93F807332A80133B032B9D
:10AC280044D8DFE803F03D5D64562023AB70112261
:10AC3800EA702A68354B042133481A60FBF722FF73
:10AC4800334B93E803000B0C0090ADF804106846F2
:10AC580007218DF80630FBF715FFFEF76BFC022382
:10AC6800274A23701060002003B030BD1121294805
:10AC7800FBF708FF43F28202224B234D93F8073378
:10AC88002A80133B032BD2D801A252F823F000BF2D
:10AC980033AC0008D5AC0008CFAC0008C9AC00083C
:10ACA80001210846FEF7B6FC0023AB7001231A48C1
:10ACB800002103700020194A2370D17003B030BD01
:10ACC800E023AB70B3E7A023AB70B0E76023AB70B1
:10ACD800ADE704210120FEF79DFC9623AB70E5E764
:10ACE80002210120FEF796FC3223AB70DEE7032138
:10ACF8000120FEF78FFC6423AB70D7E758020020D1
:10AD080048780020A47900208C79002088790020D8
:10AD1800E8EC000860F7000864020020B07D00201D
:10AD2800F0B54B4C85B02378012B03D0002528467D
:10AD380005B0F0BD474EDDB23378032BF7D8DFE816
:10AD480003F0532E1702FEF7F5FB434F434A3D78B5
:10AD580003461060002D57D041490A68821A642AB8
:10AD6800E4D9681EC0B20B603870FCF77FFBDDE7E2
:10AD78004FF47A74FEF7DEFB3A4B384A1B881168A9
:10AD880004FB03F3401A9842D0D3002334481360DD
:10AD98003C2103600323304A33701170C7E7042154
:10ADA800002331480DEB0102029002A80193FBF742
:10ADB80095FE0028BAD00128B9D1019B002BB6D046
:10ADC800B3F80021052AB2D91344022213F8020C61
:10ADD80013F8013C234943EA00230B803270FEF745
:10ADE800A9FB1E4B1860A1E7FEF7A4FB1A4C1B4AEF
:10ADF800217803461D2910601AD90023012118481B
:10AE080013600360317092E72846FCF72FFB174B5D
:10AE1800072102A8029325703D70ADF80C508DF8FB
:10AE28000E50FBF72FFE642000F02AFF35707DE7F7
:10AE38000B4D2A68821A642A7FF678AF01F11F0049
:10AE4800C0B201312B602170FCF710FB6EE700BF28
:10AE5800B07D0020447800203C7800204078002015
:10AE680038780020620200208310C0018200FC00B4
:10AE7800002844D030B5B0F800310446042B83B024
:10AE880015D9C578012D06D0812D09D10122264B6F
:10AE98001A7203B030BD0379032B0FD0022BF5D003
:10AEA8001221224803B0BDE83040F7F7A9B91321B1
:10AEB8001F4803B0BDE83040F7F7A2B9002000F002
:10AEC800DFFE1C4B93E803000B0C0090ADF8041058
:10AED800684607218DF80630FBF7D4FD4FF48172E0
:10AEE8002146154801F0C7FD1E20FCF7BFFA50B9EE
:10AEF800FEF720FB114B0C4A18601570C9E71321A7
:10AF08000B48F7F77DB911210D48F7F779F90023B8
:10AF18000C4A072168460092ADF804308DF80630D7
:10AF2800FBF7B0FDB5E700BFB07D002068F600086C
:10AF380054F60008E8EC0008A47900208079002085
:10AF48007CF600088200FC00F0B53A4C83B06379C7
:10AF5800012B1DD1384D2B78012B1CD0022B26D06C
:10AF6800B3B9FEF7E7FA354C2368C01A63280FD93E
:10AF7800FEF7E0FA0346324E236030780130C0B263
:10AF88003070FCF773FA3378212B43D03B2B38D839
:10AF9800002003B0F0BDFEF7CDFA41F28733294A0D
:10AFA8001268801A9842F3D902232B70F0E7FEF753
:10AFB800C1FA254E3368C01A6328E9D9FEF7BAFAF0
:10AFC8000346224F336038780138C0B23870FCF736
:10AFD8004DFA3E78002EDBD13C2330463B70FCF71F
:10AFE80045FA642000F04CFE194B0721684600938F
:10AFF800ADF804608DF80660FBF744FD66712E70AD
:10B00800C6E701231E222B703270FEF793FA0D4B10
:10B018001860BDE70F4B93E803000B0C0090ADF8E8
:10B028000410684607218DF80630FBF72BFD3378AE
:10B03800ACE700BFB07D002068780020647800206D
:10B0480061020020607800205C7800206002002007
:10B058008200FC00E8EC0008002840D070B5204DC4
:10B0680004462B780BB3B0F80031022B00D870BD22
:10B07800B4F801C09CFA9CFC1FFA8CFC2378832B43
:10B0880025D00121174A184B117103F1880E02E0EF
:10B0980008339E45EBD01A886245F9D15A68002AD0
:10B0A800F6D02046BDE87040104701460F48FFF72C
:10B0B80089F9B4F80031022BD9D9B4F801C02B783A
:10B0C8009CFA9CFC1FFA8CFC002BDAD0D6E7BCF566
:10B0D800445FD6D12046BDE87040FFF7A5B9704758
:10B0E800BC7D0020B07D0020D4F9000890F600084F
:10B0F80010B51F4C2378082B0FD8DFE803F01C3459
:10B108002C302024052818001A4A9279D2B222B18C
:10B11800194A52F8233098472378184A0133A2FB7A
:10B128000312520802EBC2029B1A237010BD114A87
:10B13800127AD2B2EBE70F4A1278D2B2E7E70D4A99
:10B148001279D2B2E3E70B4A5279D2B2DFE7094A61
:10B15800D279D2B2DBE7074A9278D2B2D7E7054A6A
:10B16800D278D2B2D3E7034A5278D2B2CFE700BF3F
:10B178007F790020B07D00205CFA0008398EE33822
:10B188002DE9F041534B04461B788AB0012B04D0BB
:10B19800022B55D00AB0BDE8F0814F4E02AF757F43
:10B1A800013DEBB2032B68D911214C48FBF76AFC2F
:10B1B80020464B49FDF712F807214A48FBF762FC85
:10B1C8000023494A072138460292ADF80C308DF821
:10B1D8000E30FBF757FC0122444B68461A71757F05
:10B1E800FBF7E6FF03460028D4D1BDF800C09DF860
:10B1F8000260BDF805209DF803006CF307039DF875
:10B208000410013D66F30F23ADF80C2060F31743DB
:10B21800EAB261F31F63032A02934DD8344B53F803
:10B228002530CDF80E30334B0F219B7838468DF8FA
:10B238001230CDF81340FDF759F90AB0BDE8F08196
:10B2480004212D48FBF71EFC20462549FCF7C6FFC4
:10B2580007212448FBF716FC0023234A072102A8EC
:10B268000292ADF80C308DF80E30FBF70BFC012282
:10B278001E4B1A710AB0BDE8F0813846FDF724F973
:10B28800002891D10AAB4FEAC50803EBC50555F86C
:10B29800205C1A492846F5F76FFF90B121462846E9
:10B2A800F5F7B8FD08F128030DEB030858F81C1C46
:10B2B800F5F7A8FC044677E7114B1868CDF80E009F
:10B2C800B1E728460F49F5F74DFF00283FF46CAF6A
:10B2D800E4E700BF64020020187700204CF700085C
:10B2E8008F7900208C7900208200FC00B07D00203E
:10B2F800C4F90008887900201CF700086F12833A07
:10B3080094F600086F1283BA70B5204B88B01B788A
:10B31800012B03D0022B09D008B070BD1C4B04468A
:10B328005D7F013DEBB2032B0AD920461949FCF792
:10B3380055FF0721184808B0BDE87040FBF7A2BBCD
:10B348006846FDF7C1F80028EFD108AB03EBC50349
:10B3580053F8206C11493046ED00F5F70DFF68B140
:10B3680021463046F5F756FD05F120030DEB0305A0
:10B3780055F81C1CF5F746FC0446D6E73046084944
:10B38800F5F7F0FE0028D0D0EAE700BF64020020FD
:10B39800187700208F7900208C7900206F12833A6B
:10B3A8006F1283BA054B1B78022B03D01121044876
:10B3B800FBF768BB04210348FBF764BB6402002069
:10B3C80038F7000818F70008074B1B78012B02D044
:10B3D800022B04D0704711210448FBF753BB04210A
:10B3E8000348FBF74FBB00BF6402002024F70008A6
:10B3F80018F700080246003A4FF4004118BF01222E
:10B408000148F9F7B1BC00BF000C014000B5084B7A
:10B4180083B093E803000B0C0090ADF80410684665
:10B4280007218DF80630FBF72DFB03B05DF804FB10
:10B43800E8EC0008002300B5064A83B007216846F7
:10B448000092ADF804308DF80630FBF71BFB03B013
:10B458005DF804FB8200FC00014B1871704700BFC7
:10B46800B07D002000487047680200202DE9F047B1
:10B47800054682B00C46FCF75FFADDB1D4B12B78F3
:10B48800802B1BD0072B15D8834E3278002A3BD04F
:10B49800012A6CD000238149814A33700B701370E4
:10B4A800FCF722FA7F4D0FCD20606160A260E36057
:10B4B80028682061012002B0BDE8F087764E337815
:10B4C800012B3AD0022B70D0002B65D16B78013B51
:10B4D800DBB2F62BEED84FF47A7145F2AA53724AD2
:10B4E800704800780091138044F6FF710123FCF73F
:10B4F800CDFA0028DED1022101236C4A6878337026
:10B508001080664A117016E0694FDFF8988137F8A5
:10B5180033104FF47A7300930122664B98F80000B9
:10B52800FCF714FA00285ED101235D4928785B4AAC
:10B538000870137033700220BDE7FCF7F7F9012893
:10B54800F9D0FCF7F3F9032800F08380534FFCF798
:10B55800CBF93D78022D00F09780032D7BD0002396
:10B568004F4A33703B701370FCF7BEF9A2E7FCF743
:10B57800DDF90128DFD0494FDFF824913B78012B12
:10B5880004D12D7899F80030AB423AD000233370BB
:10B598003B7089F8003083E700234049404A337004
:10B5A8000B701370FCF7A0F984E7434C2046FDF7B5
:10B5B800ADFF0028BFD04FF47A7300213B483A4AC8
:10B5C800008810800093217136490123087842F2DF
:10B5D8001101FCF75BFA00283BD1032101232F4A14
:10B5E80033701170A7E72B78072B3FF65BAF07EB9B
:10B5F800C307BB797988BA88002B38D008F80210BD
:10B6080050E72C4BB3F800A0FCF790F9072D0BD8A6
:10B6180002282FD1264BEA0013449A79DFF8848058
:10B628009B8872B308F803A0FCF780F90228ADD113
:10B63800002333703B7089F80030FCF755F9194D39
:10B648000FCD20606160A260E3602868206100205F
:10B6580031E7124F83E70023144A124D12883370E2
:10B668002A800F4A3B701370FCF73EF9E8E728F888
:10B67800021017E70E4BEA0003EBC505B5F802A068
:10B68800CAE728F803A0CFE704224FF496710A48C6
:10B69800FDF72EFF35704EE7C07F0020BF7F0020EA
:10B6A800BE7F002068020020BA7F0020C27F0020F1
:10B6B80088FA0008BC7F0020C47F002010B5104C19
:10B6C80023787BB1012B09D103210E48FEF704FC36
:10B6D800032803D0022810D0012010BD00232370B6
:10B6E800032010BD03210848FEF7F6FB0328F5D018
:10B6F8000228F1D101232370EEE70023237010BD47
:10B70800B87F002080FA000884FA000810B370B5EA
:10B71800134D0446AA78FAB100230120013300EB47
:10B7280080009A424FEA4000F8D118B900232360FC
:10B73800002070BDF5F716FB06462889F5F712FBC1
:10B748003146F5F71BFC0749F5F764FB0346236010
:10B75800002070BD012070474FF07E56EDE700BF16
:10B768006802002000401C462DE9F041427890B064
:10B77800541EE4B23C2C3CD8012A3ED04768002F26
:10B7880037D03D46037890F80280961EF6B28DF8C1
:10B7980001208DF800308DF802803E44791E0DF1AD
:10B7A800020C11F801EFB1420CF801EFF9D1434452
:10B7B80013443919DBB215F8014B2344A942DBB213
:10B7C800F9D1941C5B42E4B2D9B204F140030DEB09
:10B7D8000304017204F8401C4FF47A73694603327B
:10B7E8000320F6F7E9FA003818BF012010B0BDE8C9
:10B7F800F081012010B0BDE8F081037881788DF8E0
:10B8080000300B4401338DF801208DF80210DBB2B3
:10B81800D7E700BFF0B591B005464022032069463E
:10B82800F6F78CFA032808D9BDF800209DF80230F5
:10B83800D1B220292A80AB7002D0012011B0F0BD0E
:10B8480012F47F4FC2F30727F7D07A1ED2B23C2AF0
:10B85800F3D8F91C8142F0D802F14001694411F88B
:10B868003D4C02B3134E023FFFB27A1C0DF10301A7
:10B87800304601F000F930466A782B78711C134481
:10B88800AA786E6013442C7203F0FF03394410F851
:10B89800012B13448842DBB2F9D15842C0B2001BD5
:10B8A80018BF0120CAE7034A21336A602C72DBB251
:10B8B800F3E700BFCC7F002000230249024A0B7146
:10B8C80013707047448000204C80002010B5304C25
:10B8D8000B462279042A37D8DFE802F01438360EEE
:10B8E80003001BB12B4A07CA83E8070000232A4A32
:10B8F80023711370012010BD0023274A2371137090
:10B90800184610BD244C237853BB02782349012ADA
:10B918004A7090F801C081F802C00AD901304A681B
:10B9280010F801CF02F803C04A780133013A9A426D
:10B93800F5DC1A48FFF718FF024610BB32211448FD
:10B94800FDF7D6FD01232370022010BD1048FDF736
:10B95800DDFD0028F8D063790220DBB22371F4E71B
:10B968000C4C2046FFF756FF58B9A378062B08D889
:10B978006378012B05D9042232210548FDF7B8FD6B
:10B98800E2E7034803223221FDF7B2FD0220DCE79B
:10B99800448000207C0200204C8000208802002087
:10B9A800072808B506D8012210210D48F9F7DCF957
:10B9B800002008BD002220210948F9F7D5F9002206
:10B9C80001210848F9F7D0F9002202210548F9F7C2
:10B9D800CBF9002210210248F9F7C6F9012008BD69
:10B9E80000100140000C014030B583B0002840D061
:10B9F800254D0446FBF7A0FF297802291ED004290B
:10BA080011D041BB23784FF47A74012B2FD0012237
:10BA180003201E4B0094FBF7E9FF60BB02232B7049
:10BA2800022003B030BD00212278184B012A188863
:10BA3800297016D0164B18800020F2E7FBF776FF26
:10BA48000128EDD0FBF772FF022817D000232B70D6
:10BA5800FBF74AFF03E0FBF747FF00232B700120A9
:10BA6800DFE70B4AD3E90013C2E90013E4E7042235
:10BA7800CEE7054DEAE7FBF737FFF0E704232B7025
:10BA8800FBF732FFCCE700BF4D800020508000203C
:10BA980070800020004870477080002000232DE946
:10BAA800F0414FF47A77804690B0CDE9053305AD83
:10BAB80008AE079333460122002103200097FCF7C4
:10BAC80051F80446B8B9BDF82000F5F74BF903461C
:10BAD800322045F8043BF8F775FCB542EAD103215A
:10BAE800074A05A803ABFCF7BBFAC8F800002046D4
:10BAF80010B0BDE8F0810124204610B0BDE8F08107
:10BB08006666663F30B583B0002845D03D4D044693
:10BB1800FCF718F92B78022B45D0042B15D0002BF5
:10BB28003BD12378384A022B137025D0032B4CD0F5
:10BB38004FF47A74022204210120344B0094FCF75C
:10BB48000BF920B3FCF7DEF82BE02F4A23781278A4
:10BB580093421ED100212D4A022B1088297039D01A
:10BB6800032B43D053882A4C43EA00402060F5F762
:10BB7800F9F8606000200DE04FF47A700122062188
:10BB88000090224B1046FCF7E7F80028DAD1022390
:10BB98002B70022003B030BD1A4D00232B70FCF728
:10BBA800B1F80120F6E7184B22781B789A42F0D1B9
:10BBB800FCF7C2F80128ECD0FCF7BEF80228ECD15B
:10BBC80004232B70FCF79EF8E3E74FF47A70012208
:10BBD8000721D5E70E4C2081F5F7C4F80D49F5F794
:10BBE800CDF90C49F5F70CF8E060C3E7084C208262
:10BBF800F5F7B8F80749F5F7C1F90649F5F700F878
:10BC08006061B7E778800020940200207C800020E3
:10BC1800808000200000C8420048704780800020D3
:10BC2800102108B50348F9F75FFA003818BF01205A
:10BC380008BD00BF30060020844640F6E4439C451A
:10BC480028BF9C4610B540F6FF7E0B4CCCEB0C3C55
:10BC58004FEA9C0CA4FB0C4C4FEA5C1C0CF105034E
:10BC6800734528BF7346002210210448F9F772FA79
:10BC7800003818BF012010BD9F00EE0930060020D3
:10BC880070B5114E114D317804462B6861B1642CA2
:10BC980028BF6424D96A0E4A01FB04F4A2FB0424D9
:10BCA80064095C63002070BDB3F1804F01D00120AE
:10BCB80070BD2846F9F704FC0028F8D101222B684A
:10BCC80032705863E3E700BF98800020A005002089
:10BCD8001F85EB51F5F75EFF0B480C490C4A002312
:10BCE80002E0D458C4500433C4188C42F9D3094A2A
:10BCF800094C002301E013600432A242FBD300F098
:10BD080085FEF5F795FA70470000002060040020D2
:10BD180060FE000860040020E8810020FEE7002B98
:10BD28002DE9F0471D46BBBF03F100431D46002324
:10BD38002D2388B01446B8BF1446129A109E13706B
:10BD4800149BDDF84CA023F02008B8F1460F05D06D
:10BD5800B8F1450F00D10136022300E0032307AAFA
:10BD6800049206AACDE902A2CDE9003622462B4666
:10BD780000F01AFFB8F1470F074619D1119BDB07EE
:10BD88000ED500EB06090022002320462946F4F7C9
:10BD980073FE08B1CDF81C903022079B4B451ED38B
:10BDA8003846079B159ADB1B136008B0BDE8F0877F
:10BDB800B8F1460F00EB0609E5D10378302B0AD11C
:10BDC8000022002320462946F4F756FE18B9C6F18A
:10BDD8000106CAF80060DAF800309944D3E7591C24
:10BDE80007911A70D9E7F7B50029B6BF2D232B2381
:10BDF800494209290270437029DD0DF107031D46E8
:10BE08000A27B1FBF7F61A4607FB1614303402F876
:10BE1800014C0C46632C314603F1FF33F1DC303121
:10BE2800941E03F8011C2346411CAB420AD30DF1B2
:10BE380009039B1AAC4288BF002302330344181A33
:10BE480003B0F0BD13F8016B01F8016FEDE7302383
:10BE580030318370C170031DF1E700002DE9F04F08
:10BE680091B00C46DDF8688016461F46054600F07E
:10BE78007DFD036818460893F4F7D2F900230E9362
:10BE8800D8F800300990073323F0070303F10802BC
:10BE980094F818A0D4F800B0C8F80020D3E90089B5
:10BEA80029F000430B93CDF828804FF0FF32DDE9ED
:10BEB8000A01C4E912899C4BF4F710FE70BBDDE956
:10BEC8000A014FF0FF32984BF4F7EAFD30BB00222D
:10BED800002340464946F4F7D9FD10B12D2384F8D4
:10BEE8004330924A924BBAF1470F8CBF904698461E
:10BEF80003234FF0000923612BF00403236033462A
:10BF08002146284600970FAA00F0D4F9013040F0E6
:10BF180090804FF0FF3011B0BDE8F08F42464B469D
:10BF280040464946F4F7DAFD48B14B46002BB8BF06
:10BF38002D23804AB8BF84F843307F4BD3E763682A
:10BF48000AF0DF015A1C3FD10623636000224BF43C
:10BF58008063236006920EAACDE904A20DAA03927B
:10BF68000DF13302CDE90132636842460093284659
:10BF78004B460A91FFF7D3FE0A99804647290D9947
:10BF880028D1C81C02DB6368994240DDAAF1020A85
:10BF98005FFA8AFA5246013904F150000D91FFF711
:10BFA80022FF0E9A81461318012A236102DC2268B7
:10BFB800D20701D5013323619DF83330002B9ED081
:10BFC8002D2384F843309AE74729BFD1002BBDD1F0
:10BFD8000123BAE7BAF1650FDCD9BAF1660F18D1B7
:10BFE800002963680BDD216113B92268D00702D5E7
:10BFF80001330B4423614FF00009A165DCE713B955
:10C008002268D20701D50233F4E70123F2E74FF0A3
:10C01800670A0E9B994205DB23682161D807EAD598
:10C028004B1CE7E70029CCBF0122C1F102021344EF
:10C03800E0E723685A0507D4236942463146284673
:10C04800B84701302BD164E7BAF1650F40F2DC80C4
:10C05800D4E9120100220023F4F70EFD002833D0A2
:10C06800012331462846354AB84701303FF451AFDD
:10C07800DDE90D38434502DB2368D8070FD5DDE934
:10C08800082331462846B84701303FF442AF4FF005
:10C09800000908F1FF3804F11A0AC84509DC2368C9
:10C0A8009B0700F10281E0680F9B9842B8BF1846D1
:10C0B80031E70123524631462846B84701303FF45C
:10C0C80028AF09F10109E8E70D9B002B38DC0123B3
:10C0D80031462846194AB84701303FF41AAFDDE91E
:10C0E8000D3959EA030302D12368D907D7D5DDE909
:10C0F800082331462846B84701303FF40AAF4FF0CD
:10C10800000A04F11A0B0D9B5B42534501DC4B46B8
:10C1180093E701235A4631462846B84701303FF491
:10C12800F8AE0AF1010AEEE7FFFFEF7FCCFA00084C
:10C13800C8FA0008D4FA0008D0FA0008D8FA0008AB
:10C14800A36DDDF838A05345A8BF5346002B994688
:10C1580036DC4FF0000B29EAE97904F11A02A36DE5
:10C168000A93A3EB09035B4531DC0D9B9A453ADC46
:10C178002368DA0737D40D9BAAEB03090A9BAAEBBD
:10C1880003039945A8BF9946B9F1000F33DC4FF076
:10C19800000829EAE97904F11A0B0D9BAAEB0303BD
:10C1A800A3EB090343457FF77AAF01235A4631468B
:10C1B8002846B84701303FF4ACAE08F10108ECE777
:10C1C800424631462846B8470130C2D1A1E601238C
:10C1D800314628460A92B84701303FF49AAE0A9A87
:10C1E8000BF1010BBBE73146DDE908232846B847C8
:10C1F8000130C0D18DE60A9A4B4631462846424462
:10C20800B8470130C3D184E6DDF838A0BAF1010F90
:10C2180001DCDB0736D50123424631462846B847BC
:10C2280001303FF476AEDDE9082331462846B847A9
:10C2380001303FF46EAED4E91201002200230AF166
:10C24800FF3AF4F719FCC0B9534608F10102314628
:10C258002846B84701300CD15BE601235A463146DF
:10C268002846B84701303FF454AE08F10108D045DC
:10C27800F3DB4B4604F15002E0E64FF0000804F10E
:10C288001A0BF4E701234246E1E701234A46314607
:10C298002846B84701303FF43CAE08F10108E3688E
:10C2A8000F995B1A4345F0DCFDE64FF0000804F1F6
:10C2B8001909F4E72DE9F047164698468A680B698C
:10C2C80007469342B8BF1346336091F843200C46A3
:10C2D800DDF820900AB1013333602368990642BF24
:10C2E800336802333360256815F0060506D104F17A
:10C2F800190AE36832689B1AAB422BDC94F8433086
:10C308002268003B18BF0123920630D441463846C4
:10C3180004F14302C847013023D02368226903F09F
:10C328000603042B14BF002533684FF0000608BF2E
:10C33800E56804F11A0408BFED1A54F8123C08BF66
:10C3480025EAE5759342C4BF9B1AED18B5421AD188
:10C35800002008E00123524641463846C8470130CC
:10C3680003D14FF0FF30BDE8F0870135C1E7302039
:10C37800E11881F843005A1C94F84510224402330E
:10C3880082F84310C2E70123224641463846C8478F
:10C398000130E6D00136D9E72DE9FF470F7E9146F7
:10C3A800782F80460C469A460C9E01F1430207D826
:10C3B800622F0AD8002F00F0D180582F00F0B880E3
:10C3C80004F1420684F842703AE0A7F16303152BA2
:10C3D800F6D801A151F823F039C400084DC400086B
:10C3E800C9C30008C9C30008C9C30008C9C30008F5
:10C3F8004DC40008C9C30008C9C30008C9C3000860
:10C40800C9C300084BC5000877C4000805C5000863
:10C41800C9C30008C9C300086DC50008C9C300081E
:10C4280077C40008C9C30008C9C300080DC50008BF
:10C4380033681A1D1B68326004F1420684F84230E2
:10C4480001239CE033682068191D3160060601D578
:10C458001D6803E04506FBD5B3F90050002D03DA4B
:10C468002D236D4284F843300A23584811E021688F
:10C478003368080653F8045B02D4490648BFADB2D6
:10C488006F2F336014BF0A2308235048002184F813
:10C4980043106668002EA66005DB21682E4321F054
:10C4A800040121604BD01646B5FBF3F103FB11578D
:10C4B800C75D06F8017D2F46BB420D46F4D9082B0F
:10C4C8000BD12368DF0708D5236961689942DEBF6D
:10C4D800302306F8013C06F1FF36921B22614B46D9
:10C4E80021464046CDF800A003AAFFF7E3FE01303D
:10C4F8004AD14FF0FF3004B0BDE8F087236843F01D
:10C50800200323607827324884F84570236831680F
:10C518001F0651F8045B02D45F0648BFADB2316014
:10C52800D90744BF43F0200323601DB11023ADE7B2
:10C538002648E9E7236823F020032360F6E7164638
:10C54800BDE733682568181D616930602E061B68D1
:10C5580001D5196002E06806FBD51980002316464C
:10C568002361BCE7336800211A1D32601E686268C7
:10C57800304600F072FA08B1801B6060636823617E
:10C58800002384F84330AAE73246494640462369E7
:10C59800D0470130ADD023689B0713D4E068039BD4
:10C5A8009842B8BF1846A6E7012332464946404696
:10C5B800D04701309DD00135E36803995B1AAB423F
:10C5C800F2DCEBE7002504F11906F5E7DAFA0008D2
:10C5D800EBFA0008002310B50446C0E90033C0E9AF
:10C5E8000433836081814366C281836119460822CE
:10C5F8005C3000F0B3F90D4B246263620C4BA3620C
:10C608000C4BE3620C4B23630C4B9C4206D003F1AA
:10C618006802944202D0D0339C4205D104F15800FC
:10C62800BDE8104000F016BA10BD00BF11C80008E0
:10C6380033C800086BC800088FC800089C80002019
:10C64800024A0349034800F069B800BF9802002075
:10C65800F9E30008A802002041680C4B10B5994284
:10C66800044601D001F0C4FEA168094B994202D0EA
:10C67800204601F0BDFEE168064B994204D02046F1
:10C68800BDE8104001F0B4BE10BD00BF9C80002082
:10C69800048100206C81002010B50B4B0B4C0C4A18
:10C6A80020461A6004210022FFF794FF04F1680075
:10C6B80001220921FFF78EFF04F1D0000222BDE814
:10C6C80010401221FFF786BFD48100209C800020F3
:10C6D80049C60008014800F0BEB900BFDD8100204E
:10C6E800014800F0B9B900BFDD81002010B504464B
:10C6F800FFF7F0FF236A1BB1BDE81040FFF7F0BF5A
:10C70800044B2362044B1B68002BF5D1FFF7C4FFD1
:10C71800F2E700BF61C60008D48100202DE9F84384
:10C728000746884614460026D4E90195B9F101095F
:10C7380005D52468002CF7D13046BDE8F883AB89CD
:10C74800012B07D9B5F90E30013303D029463846F5
:10C75800C04706436835E9E70CB430B5184B0C1EE2
:10C768001D689DB008DA8B234FF0FF302B601DB099
:10C77800BDE8304002B070474FF40273ADF8143092
:10C788004FF000031B930CBF234604F1FF330493BF
:10C7980007934FF6FF7302900690ADF816302846BF
:10C7A80021AB209A02A9019301F0A6FC431CBCBF4F
:10C7B8008B232B60002CDAD00022029B1A70D6E75C
:10C7C800A40200200EB46FF0004110B500249DB003
:10C7D8001FAB02900690079104910948094953F844
:10C7E800042B0591006802A901931B9401F084FCB5
:10C7F800029B1C701DB0BDE8104003B0704700BF1D
:10C80800A40200200802FFFF10B50C46B1F90E1073
:10C8180000F0D2F80028ABBF636DA3891B1823F47E
:10C828008053ACBF6365A38110BD2DE9F0411F465D
:10C838008B890546DB050C46164605D502230022E2
:10C84800B1F90E1000F0A6F8A389324623F48053FC
:10C85800A38128463B46B4F90E10BDE8F04100F02C
:10C86800BDB810B50C46B1F90E1000F093F8431C92
:10C87800A38915BF606523F4805343F48053A381D3
:10C8880018BFA38110BDB1F90E1000F073B830B510
:10C898001446002C05461A469BB005DA8B23036024
:10C8A8004FF0FF301BB030BD4FF40273ADF80C30C1
:10C8B8004FF0000319930CBF234604F1FF33029392
:10C8C80005934FF6FF7300910491ADF80E30694659
:10C8D8001E9B01F011FC431CBCBF8B232B60002C5A
:10C8E800E0D00022009B1A70DCE7000007B5009337
:10C8F80013460A46014603480068FFF7C8FF03B01D
:10C908005DF804FBA402002010B5013902449042EE
:10C9180001D1002005E0037811F8014FA34201D0AE
:10C92800181B10BD0130F2E7884210B501EB020474
:10C9380002D98442234607D8431EA14208D011F8E1
:10C94800012B03F8012FF8E7014602448A4200D17F
:10C9580010BD13F8014D02F8014DF7E703460244F4
:10C96800934200D1704703F8011BF9E7004870476C
:10C97800E403002038B50023054D044608462B6023
:10C98800F5F780FA431C02D12B6803B1236038BD48
:10C99800D881002038B50446084611460022054DC6
:10C9A8002A601A46F5F796FA431C02D12B6803B1A0
:10C9B800236038BDD881002038B5044608461146A2
:10C9C8000022054D2A601A46F5F78EFA431C02D15B
:10C9D8002B6803B1236038BDD881002038B50446E0
:10C9E800084611460022054D2A601A46F5F77EFAD8
:10C9F800431C02D12B6803B1236038BDD8810020C5
:10CA0800014B1868704700BFA402002070B50026CB
:10CA18000C4D0D4C641BA410A64209D102F052F92A
:10CA280000260A4D0A4C641BA410A64205D170BD0D
:10CA380055F8043B98470136EEE755F8043B98470C
:10CA48000136F2E758FE000858FE000858FE0008B4
:10CA58005CFE0008704770477047034610B5C9B2BE
:10CA680002449342184601D1002003E004780133C0
:10CA78008C42F6D110BD0A44914200F1FF3300D137
:10CA8800704710B511F8014B914203F8014FF9D1E5
:10CA980010BD2DE9F74F03690C690746A3427EDBF9
:10CAA800013CA30000F1140501F11408009305EB03
:10CAB8008403019358F8243055F8242001339A420E
:10CAC800B2FBF3F608EB84092ED34FF0000AC446F4
:10CAD800AE46D3465CF8043B98B206FB00A01B0C9C
:10CAE800020C06FB0323DEF8002080B292B2121A71
:10CAF8005A44DEF800004FEA134A9BB2C3EB2243C4
:10CB080003EB104392B242EA0342E1454FEA234B5A
:10CB18004EF8042BDED2009BEB582BB9019B043B4B
:10CB28009D421A462FD33C61384601F081F900280E
:10CB380025DB2946002058F8042BD1F800C01FFA3D
:10CB480082FE1FFA8CF3A3EB0E030344120CC2EB14
:10CB5800234202EB1C429BB243EA0243C1454FEA1F
:10CB6800224041F8043BE6D255F8242005EB840323
:10CB780022B9043B9D421A460BD33C61013630462C
:10CB880003B0BDE8F08F1268043B002ACBD1013C0A
:10CB9800C6E71268043B002AEFD1013CEAE700200F
:10CBA800EEE70000000000002DE9F04F14461D4696
:10CBB800C76997B08146CDE90645239E7FB9102005
:10CBC80000F00EFE0246C9F81C0020B9EF21AC4B5C
:10CBD800AC4801F045FCC0E901770760C760D9F8A7
:10CBE8001C30196859B15A68012393404A608B6018
:10CBF800484600F0EBFE0022D9F81C301A602B1EC4
:10CC0800AFBF0023012223F000430793A8BF33607E
:10CC1800DDF81C809C4BB8BF326033EA080312D1A0
:10CC280042F20F73229A1360C8F31303234300F0F0
:10CC38005E85249BDFF854A2002B00F060850AF182
:10CC4800030300F05ABDDDE90623CDE90C23DDE935
:10CC58000C0100220023F3F70FFF074658B1012308
:10CC6800229A1360249B13B1894B249A1360DFF82E
:10CC780024A200F044BD14AB019315AB00934846C1
:10CC8800DDE90C2301F084F9C8F30A560390002E5D
:10CC980078D0DDE90C010D9BA6F2FF36C3F3130330
:10CCA80043F07F5343F440131297194600227A4BFE
:10CCB800F3F7C2FA6CA3D3E90023F3F775FC6CA36E
:10CCC800D3E90023F3F7BAFA044630460D46F3F7E2
:10CCD80001FC69A3D3E90023F3F766FC02460B467F
:10CCE80020462946F3F7AAFA04460D46F3F70CFF47
:10CCF80000220746002320462946F3F7C7FE40B125
:10CD08003846F3F7E7FB22462B46F3F7B5FE00B9A2
:10CD1800013F162F54D8DDE90C01604B03EBC70324
:10CD2800D3E90023F3F7B2FE00284BD00023013FDC
:10CD38000F93149B9B1B5A1E49BFC3F10103002389
:10CD480004930023099254BF04930993002F3BDBFB
:10CD5800099B0E973B44099300230A93209B092BB8
:10CD680065D8052BC4BF043B2093209BC8BF002473
:10CD7800A3F10203D8BF0124032B64D8DFE803F032
:10CD88005355382CDDE914631E4406F23243202B38
:10CD9800C1BFC3F1400308FA03F806F2124324FAAC
:10CDA80003F3D6BFC3F1200348EA030004FA03F0F3
:10CDB800F3F780FB0122A1F1F873013E129274E7A8
:10CDC8000123B5E70F90B4E7049BDB1B04937B4278
:10CDD8000A9300230E93C1E701230B93219B07EBD2
:10CDE800030B0BF10103012B0893B8BF012306E0E5
:10CDF80001230B93219B002B28DD9B4608930021E0
:10CE08000422D9F81C0002F114059D4226D941607C
:10CE1800484600F09BFD8246002843D1024640F276
:10CE2800AF111F4BD4E60023E3E70023D5E7012425
:10CE380000230B9420934FF0FF3B00221223CDF8E0
:10CE480020B02192DBE701230B93F4E74FF0010BAD
:10CE58005B46CDF820B0CDF884B0D0E70131520060
:10CE6800D1E700BFAFF3008061436F63A787D23F6C
:10CE7800B3C8608B288AC63FFB799F501344D33FC1
:10CE880009FB000820FB00080000F07F05FB0008F4
:10CE9800D9FA0008D8FA00080000F83F70FC00082A
:10CEA80078FB0008D9F81C301860089B0E2B00F29C
:10CEB800A180002C00F09E80002F33DD9C4B07F0F2
:10CEC8000F0203EBC203F805D3E90034CDE91034AF
:10CED8004FEA271416D5DDE90C01964B0326D3E952
:10CEE8000823F3F78BFCCDE9060104F00F04914DFC
:10CEF80054B9DDE91023DDE90601F3F77FFCCDE93C
:10CF0800060128E00226F2E7E10708D5DDE910016D
:10CF1800D5E90023F3F748FBCDE910010136641089
:10CF28000835E5E700F0AF80DDE90C017C42804B75
:10CF380004F00F0203EBC203D3E90023F3F734FB39
:10CF480002260023CDE906017A4D2411002C40F079
:10CF58008F80002BD3D1DDE906450F9B002B00F015
:10CF68009480002220462946734BF3F78FFD002852
:10CF780000F08B80089B002B00F08780BBF1000F2E
:10CF880034DD2046002229466C4BF3F70DFB5C4646
:10CF9800CDE9060107F1FF3801363046F3F79AFA72
:10CFA800DDE90623F3F700FB0022654BF3F746F9AA
:10CFB8000546A1F15076002C6AD1DDE90601002270
:10CFC800604BF3F739F902460B46CDE906232A46AA
:10CFD8003346F3F779FD002840F09882DDE9060131
:10CFE8002A4606F10043F3F751FD38BBDDE90C345E
:10CFF800CDE90634159B002BC0F257810E2F00F3A4
:10D0080054814B4B03EBC703D3E90034CDE9043417
:10D01800219B002B80F2E580089B002B00F3E18028
:10D028000CD1DDE904010022464BF3F7BDFADDE936
:10D038000623F3F73FFD002800F06682002425460A
:10D04800219B56466FEA030800272146484600F010
:10D05800BDFC002D00F0BD802FB1AF4203D0394692
:10D06800484600F0B3FC2946484600F0AFFCB0E063
:10D07800E20705D5D5E90023F3F796FA012301362F
:10D088006410083562E7022665E7B846089C84E71D
:10D09800274B0B9903EBC40353E90223544400299B
:10D0A80054D000202849F3F7A9FB33462A46F3F762
:10D0B800C3F85646CDE91001DDE90601F3F724FD72
:10D0C8000546F3F707FA02460B46DDE90601F3F7D2
:10D0D800B3F802460B463035CDE90623DDE91023C7
:10D0E80006F8015BF3F7D2FC002872D1DDE90623CC
:10D0F80000201149F3F7A0F8DDE91023F3F7C6FC87
:10D10800002840F0B480A6423FF470AFDDE910017A
:10D1180000220A4BF3F748FA0022CDE91001DDE9B5
:10D128000601064BF3F740FACDE90601C4E700BF54
:10D1380070FC000848FC00080000F03F0000244094
:10D1480000001C40000014400000E03F3146284623
:10D15800F3F72AFA5646CDE910011394DDE90601E2
:10D16800F3F7D2FC0546F3F7B5F902460B46DDE9BD
:10D178000601F3F761F802460B46303506F8015B05
:10D18800A642CDE906234FF0000224D1DDE91001C3
:10D19800AE4BF3F753F802460B46DDE90601F3F709
:10D1A80093FC002863D1DDE910230020A749F3F799
:10D1B80043F802460B46DDE90601F3F767FC002851
:10D1C8003FF414AF139E731E139316F8013C302BD3
:10D1D800F8D047463BE09E4BF3F7E6F9CDE9060168
:10D1E800BCE75646DDE90645DDE904232046294625
:10D1F800F3F704FBF3F788FC8046F3F76BF9DDE9F6
:10D208000423F3F7D1F902460B4620462946F3F7E3
:10D2180013F808F13004089D06F8014BA6EB0A0440
:10D22800A54202460B4633D1F3F708F8DDE904239B
:10D2380004460D46F3F748FCC0B9DDE9042320464F
:10D248002946F3F719FC10B118F0010F0ED1484622
:10D25800039900F0BBFB00233370229B01371F604A
:10D26800249B002B00F04B821E6048E2B8463346F0
:10D278001E4613F8012D392A06D19A45F8D13022D5
:10D2880008F101088AF800201A7801321A70A0E71C
:10D2980000226F4BF3F788F90022002304460D465D
:10D2A800F3F7EAFB00289FD0D1E70B9A002A00F099
:10D2B800EA80209A012A00F3CD80129A002A00F011
:10D2C800C18003F233430A9C049E049A01211A4444
:10D2D8000492099A48461A44099200F02BFC054624
:10D2E80066B1099B002B09DDB342A8BF3346049AF7
:10D2F800F61AD21A0492099AD31A09930A9B0BB305
:10D308000B9B002B00F0C680002C00F0C080294643
:10D318002246484600F0C6FC039A014605464846A0
:10D3280000F01EFC03998046484600F04FFB0A9B1C
:10D338001B1B0A9300F0B18041460A9A484600F048
:10D34800B1FC03900121484600F0F4FB0E9B044613
:10D35800002B00F0D8811A460146484600F0A2FC8E
:10D36800209B0446012B00F39F80069B002B40F076
:10D378009780079BC3F31303002B40F09380079B10
:10D3880023F000431B0D1B0533B1049B01330493A9
:10D39800099B0133099301230A930E9B002B00F08C
:10D3A800B881236904EB8303186900F077FBC0F1A7
:10D3B8002000099B184410F01F0000F08280C0F183
:10D3C8002003042B73DD049BC0F11C000344049369
:10D3D800099B064403440993049B002B05DD1A4668
:10D3E8004846039900F0B8FC0390099B002B05DD23
:10D3F80021461A46484600F0AFFC04460F9B002B16
:10D4080061D02146039800F013FD00285BDA002361
:10D418000A224846039900F0FBFA0B9B07F1FF38F4
:10D428000390002B00F07781294600230A22484602
:10D4380000F0EEFABBF1000F05466FDC209B022BD3
:10D4480049DC6BE0149BC3F136033CE70000E03F86
:10D4580000002440089B5C1E0A9BA34209DB1C1B9E
:10D46800089B002BBFF630AF049B089A9E1A002336
:10D478002BE70A9B0E9AE31A1A440A94049E002486
:10D48800089B0E9221E70A9C049E0B9D28E7DDF875
:10D498000C8051E70A9A039950E7CDF80C8051E7C0
:10D4A800002379E7069B77E700230A9379E793D06F
:10D4B800049A1C331A440492099A1E441A44099285
:10D4C8008AE70346F4E7089BB846002B20DC9B4616
:10D4D800209B022B1EDDBBF1000F7FF4B1AD21466E
:10D4E8005B460522484600F093FA01460446039835
:10D4F80000F09EFC00287FF7A3AD5646312308F1C3
:10D50800010806F8013B9FE5B846089C2546F4E764
:10D51800DDF820B00B9B002B00F00181002E05DD0B
:10D5280029463246484600F017FC05460A9B002B60
:10D538005CD04846696800F009FA064628B90246F0
:10D5480040F2EF21804BFFF743BB2A6905F10C013C
:10D55800023292000C30FFF78EFA0122314648461B
:10D5680000F0FAFB2F4605460AF1010304930AEB83
:10D578000B030A93069B03F001030993049B2146BE
:10D58800039803F1FF3BFFF784FA0346394630332B
:10D59800069003980B9300F04BFC2A46089021460E
:10D5A800484600F061FCC26806460B9B02BB014678
:10D5B800039800F03DFC02460B9B31464846CDE9F6
:10D5C8000B3200F003FA209B0C9A049E42EA0301F6
:10D5D800099B19430B9B0DD1392B27D0089A002A98
:10D5E80001DD069B31338BF800302EE52846B9E77C
:10D5F8000122E2E70899002904DB209801430998F1
:10D60800014320D1002AEEDD012203994846049304
:10D6180000F0A2FB2146039000F00AFC0028049BBE
:10D6280002DCE0D1DA07DED5392BDAD139238BF8E1
:10D63800003033461E4616F8012C013B392A4ED0DD
:10D6480001321A7001E5002A03DD392BEED00133CF
:10D65800C9E7049A0A9902F8013C8A4228D00023B3
:10D668000A220399484600F0D3F9AF4203904FF0DD
:10D6780000034FF00A023946484607D100F0C8F9BE
:10D6880007460546049B0133049377E700F0C0F989
:10D698002946074600230A22484600F0B9F90546FC
:10D6A800F0E7BBF1000FCCBF5E46012600275644C9
:10D6B800012203994846049300F04EFB214603904B
:10D6C80000F0B6FB0028B4DC02D1049BDB07B0D421
:10D6D80033461E4613F8012D302AFAD0B5E49A4590
:10D6E800A8D1312308F101088AF80030ADE4249B61
:10D6F800DFF858A01BB10AF10803249A13605046BA
:10D7080017B0BDE8F08F209B012B7FF72EAE0E9B44
:10D718000A9301204DE6BBF1000F7FF7D9AE5646BC
:10D7280021460398FFF7B5F900F1300306F8013BED
:10D73800A6EB0A029345B4DD00230A224846039962
:10D7480000F066F90390EBE778FB0008FCFA0008A4
:10D7580038B50546002940D051F8043C0C1F002B71
:10D76800B8BFE41800F0E6F81C4A136833B96360E0
:10D7780014602846BDE8384000F0E2B8A34208D952
:10D78800206821188B4201BF19685B68091821605D
:10D79800EDE71A465B680BB1A342FAD91168501835
:10D7A800A0420BD120680144501883421160E0D197
:10D7B80018685B68084410605360DAE702D90C23E4
:10D7C8002B60D6E7206821188B4201BF19685B6877
:10D7D8000918216063605460CBE738BDE4810020FC
:10D7E800024B0146186800F025B800BFA4020020CB
:10D7F80070B50F4E0C463168054611B900F020FE91
:10D8080030602146284600F01BFE431C03D14FF030
:10D81800FF34204670BDC41C24F00304A042F8D095
:10D82800211A284600F00CFE0130F2D1EFE700BFC4
:10D83800E08100202DE9F843CD1C25F003050835CB
:10D848000C2D38BF0C25002D064601DBA94204D952
:10D858000C2333600020BDE8F883DFF8D48000F0A3
:10D8680069F8D8F800301C4644BB29463046FFF713
:10D87800BFFF431C044658D1D8F800402746002F64
:10D8880043D1002C4BD023683946304604EB0309BA
:10D8980000F0D6FD814542D1216830466D1A2946EF
:10D8A800FFF7A6FF01303AD023682B442360D8F84D
:10D8B80000305A6862BBC8F800700FE02268521B3B
:10D8C80020D40B2A17D96119A342256018BF5960C3
:10D8D800636808BFC8F8001062514B60304600F01A
:10D8E8002FF804F10B00231D20F00700C21A1CBFFB
:10D8F8001B1AA350AFE76268A3420CBFC8F8002008
:10D908005A60EBE723466468AEE73C467F68B6E7B3
:10D918001A465B68A342FBD100235360DEE70C2361
:10D928003046336000F00CF894E70560D6E700BF96
:10D93800E48100200148FFF78EB800BFDC81002099
:10D948000148FFF789B800BFDC81002070B5C669BF
:10D9580004460D4676B91020FFF742FF0246E06103
:10D9680020B96B21174B184800F07AFDC0E9016611
:10D978000660C660E669F36883B1E369DB6853F85B
:10D988002500B8B9012101FA05F6721D204692005A
:10D9980000F084FD60B1C0E901560EE021220421A7
:10D9A800204600F07BFDE369F060DB68002BE4D1E2
:10D9B800002070BD026843F825200023C0E9033326
:10D9C800F7E700BF09FB000889FB000870B5C669C6
:10D9D80005460C4676B91020FFF702FF0246E861BB
:10D9E80020B98F21084B094800F03AFDC0E90166CB
:10D9F8000660C6603CB1EB696268DB6853F82210C8
:10DA0800216043F8224070BD09FB000889FB00082B
:10DA18002DE9F04107460C461E4600200D6901F12C
:10DA2800140CDCF80030013099B202FB01611E0CC5
:10DA38000B0C02FB063389B201EB034185424FEA26
:10DA480013464CF8041BECDC0EB3A368AB4219DC9C
:10DA5800616838460131FFF779FF804628B90246E8
:10DA6800BA210C4B0C4800F0FBFC226904F10C01B4
:10DA7800023292000C30FEF7FEFF21463846FFF7CF
:10DA8800A5FF444604EB850301355E612561204608
:10DA9800BDE8F08178FB000889FB00080346B0F573
:10DAA800803F3ABF030410200020B3F1807F3CBFC1
:10DAB8001B020830B3F1805F3CBF1B010430B3F197
:10DAC800804F3CBF9B000230002B05DB13F0804FDA
:10DAD80000F1010008BF202070470368024613F0D8
:10DAE80007000BD0D90721D4980749BF5B089B08CA
:10DAF800012013605CBF02201360704799B209B916
:10DB080010201B0CD9B209B908301B0A190704BF29
:10DB18001B090430990704BF9B080230D90703D4B6
:10DB28005B0800F1010003D01360704700207047C4
:10DB38002020704710B50C460121FFF707FF024669
:10DB480028B940F24511044B044800F089FC012330
:10DB58004461036110BD00BF78FB000889FB000821
:10DB68002DE9F04F17460A693B6989469A42A2BFD8
:10DB78003B460F4699463D69D9F810A0BB687968BD
:10DB880005EB0A06B34285B0B8BF0131FFF7DEFEE8
:10DB980030B902464FF4B171404B414800F060FC87
:10DBA80000F114042346002204EB860E734520D3AB
:10DBB80007F1140809F1140108EB850501EB8A0344
:10DBC8000293EB1B153B23F0030304331537BD42C7
:10DBD80038BF04230193029B03918B420CD8002E7B
:10DBE80003DD5EF8043D002B55D0066105B0BDE8A5
:10DBF800F08F43F8042BD9E7B1F800A0BAF1000F71
:10DC08001FD0C446A14600275CF8042BD9F8003081
:10DC18001FFA82FB9BB20AFB0B333B44D9F8007016
:10DC2800120C3F0C0AFB027202EB13429BB243EA4E
:10DC3800024365454FEA124749F8043BE4D8019B83
:10DC4800E750039B0431B3F80290B9F1000F20D0DC
:10DC58004746A4464FF0000A2368B7F800B0BCF85E
:10DC680002209BB209FB0B22524443EA02434CF8C0
:10DC7800043B57F8043B4FEA134ABCF80030BD4256
:10DC880009FB0A3303EB12434FEA134AE5D8019A1A
:10DC9800A35004349FE7013EA1E700BF78FB0008CA
:10DCA80089FB00082DE9F843154612F003020746E0
:10DCB8000E4607D0254C013A002354F82220FFF7DE
:10DCC800A7FE0646AD103DD0FC697CB91020FFF7D1
:10DCD80087FD0246F86128B940F2B3111C4B1D4874
:10DCE80000F0BEFBC0E901440460C460D7F81C80A2
:10DCF800D8F808404CB940F271213846FFF71AFFAE
:10DD080000230446C8F8080003604FF00009EB0739
:10DD18000AD5314622463846FFF722FF804631466B
:10DD28003846FFF753FE46466D100BD0206838B9C9
:10DD3800224621463846FFF713FF2060C0F80090BE
:10DD48000446E4E73046BDE8F88300BF3CFC000821
:10DD580009FB000889FB00082DE9F0470C46074637
:10DD680091462369496803EB6218A3684FEA621A6F
:10DD780008F10106B3420BDB3846FFF7E7FD05461D
:10DD880048B902464FF4EF71274B284800F068FB6A
:10DD980001315B00EEE7002300F1140100F11002ED
:10DDA8001846534533DB20692AEAEA7A04F114035A
:10DDB80019F01F0901EB8A0103EB800C2BD08A466E
:10DDC8000022C9F1200E186800FA09F010434AF839
:10DDD800040B53F8042B9C4522FA0EF2F3D8ACEB53
:10DDE8000403153B23F00303043304F115006045D5
:10DDF80088BF0423CA500AB108F10206013E38461A
:10DE080021462E61FFF7E2FD2846BDE8F08742F87B
:10DE1800040F0133C5E7043953F8042B9C4541F836
:10DE2800042FF9D8EAE700BF78FB000889FB00084F
:10DE380003460A69006930B5801A0ED114331431CB
:10DE480003EB820401EB820154F8045D51F8042DC0
:10DE5800954203D005D24FF0FF3030BDA342F3D333
:10DE6800FBE70120F9E700002DE9F74F8946064650
:10DE7800114648461446FFF7DBFF051E12D1294616
:10DE88003046FFF763FD024628B940F237213E4B82
:10DE98003E4800F0E5FA0123C0E90435104603B016
:10DEA800BDE8F08FBCBF4B46A1463046D9F80410F8
:10DEB800BABF1C4601250025FFF748FD024618B9E0
:10DEC80040F24521304BE3E700F1140BD9F810700C
:10DED80009F11003C5604FF0000C09F11405D9468B
:10DEE800266904F1140E05EB87080EEB86060193EC
:10DEF800019B5EF8040B53F804AF81B201931FFA3B
:10DF08008AF35B1A000C6344C0EB1A4000EB234011
:10DF18009BB243EA004376454FEA204C49F8043B5C
:10DF2800E6D8331B153B23F0030315340433A6420C
:10DF380038BF04231D445B441E462C4644450ED37B
:10DF480008F10301491B21F00301033DA84538BF2F
:10DF580000210B4453F8041D99B117619EE7E6466A
:10DF680054F8041B1FFA81FCF444080C714400EBBC
:10DF78002C4089B241EA00414FEA204C46F8041B84
:10DF8800DCE7013FE6E700BF78FB000889FB0008F3
:10DF98002DE97343012190469946089EFFF7D6FC68
:10DFA800044630B9024640F20F31234B234800F0B3
:10DFB80057FAC9F30A55C9F313030DB143F4801393
:10DFC8000193B8F1000324D068460093FFF785FD5C
:10DFD800DDE90012D8B1C0F1200302FA03F30B43C4
:10DFE800C24063610192019B002B0CBF01220222F7
:10DFF800A3612261ADB1A5F2334505443560C0F196
:10E008003500099B1860204602B0BDE87083616145
:10E01800E9E701A8FFF761FD019B01226361203058
:10E02800E7E7A0F2324004EB820330601869FFF79B
:10E0380035FDC0EB4210E4E778FB000889FB0008D7
:10E048002DE9F0471F468E688246BE420C46904630
:10E058000B682DD8B1F90C2012F4906F26D06569A1
:10E06800096905EB4505A3EB010905EBD5757B1C93
:10E078004B446D109D4238BF1D46530527D5294690
:10E08800FFF7D8FB064660B34A462169FEF7F3FC62
:10E09800A38923F4906343F08003A38126614E444F
:10E0A80026603E466561A5EB0905A560BE4200D91C
:10E0B8003E46324641462068FEF736FC0020A368FB
:10E0C8009B1BA360236833442360BDE8F0872A467E
:10E0D80000F00AFA06460028E0D150462169FFF709
:10E0E80037FB0C23CAF80030A3894FF0FF3043F008
:10E0F8004003A381E9E700002DE9F04F98468B899A
:10E1080007461B060D4614469DB010D50B6973B91A
:10E118004021FFF78FFB2860286130B90C233B6052
:10E128004FF0FF301DB0BDE8F08F40236B61002336
:10E13800099320238DF8293030234FF00109CDF8B9
:10E148000C80DFF898818DF82A3023469A4613F818
:10E15800012B0AB1252AF9D1BAEB040B0BD05B4687
:10E16800224629463846FFF76BFF013000F0A780AA
:10E17800099A5A4409929AF80030002B00F09F80BF
:10E1880000234FF0FF32CDE905230AF1010A049379
:10E1980007938DF853301A935446052214F8011B3F
:10E1A8004E48FEF75AFC049AD8B9D00644BF20233B
:10E1B8008DF85330110744BF2B238DF853309AF84C
:10E1C80000302A2B15D0544600204FF00A0C079A2D
:10E1D800214611F8013B303B092B4BD9B0B10792CE
:10E1E80014E0A0EB080309FA03F31343A2460493CF
:10E1F800D2E7039B191D1B680391002BBBBF5B4231
:10E2080042F0020207930793B8BF049223782E2B9B
:10E218000AD163782A2B32D1039B02341A1D1B685A
:10E22800039243EAE3730593DFF8B4A00322504650
:10E238002178FEF712FC38B14022049BA0EB0A00BB
:10E24800824013430134049314F8011B0622254825
:10E258008DF82810FEF701FC002836D0224B1BBB96
:10E26800039B073323F0070308330393099B3344C5
:10E2780009936AE70C4601200CFB0232A8E7002349
:10E288004FF00A0C194601340593204610F8012B6B
:10E29800303A092A03D9002BC6D00591C4E70446B1
:10E2A80001230CFB0121F0E703AB00932A46384613
:10E2B8000E4B04A9FDF7D2FD421C0646D6D1AB8908
:10E2C8005B063FF52DAF09982CE703AB00932A4670
:10E2D8003846064B04A9FEF75FF8EDE7E2FB0008B5
:10E2E800E8FB0008ECFB000865BE000849E00008F0
:10E2F800B1F90C20F8B5160705460C4654D44B68FE
:10E30800002B02DC0B6C002B48DDE66A002E45D0A2
:10E31800002312F480522F68216A2B6030D0626D7E
:10E32800A389590705D56368D21A636B0BB1236CAF
:10E33800D21A00232846E66A216AB047431CA389FB
:10E3480006D129681D292BD8284ACA40D60727D5BF
:10E35800002262602269D904226004D5421C01D1DE
:10E368002B6803B96065616B2F60B9B104F1440390
:10E37800994202D02846FFF7EBF9002363630DE0CA
:10E3880001232846B0470246501CC9D12B68002BF0
:10E39800C6D01D2B01D0162B1DD12F60002021E0E7
:10E3A80043F040031BB21AE00F69002FF6D0930721
:10E3B80018BF00230E6808BF4B69F61B0F608B60FF
:10E3C800002EEBDD33463A462846216AD4F828C0A9
:10E3D800E047002807DCB4F90C3043F040034FF065
:10E3E800FF30A381F8BD0744361AE9E70100402051
:10E3F80038B50B6905460C4613B90025284638BDC3
:10E4080018B1036A0BB9FEF771F9B4F90C30002B97
:10E41800F3D0626ED00704D4990502D4A06DFEF73C
:10E428001AFB28462146FFF763FF636E0546DA07A5
:10E43800E4D4A3899B05E1D4A06DFEF70DFBDDE7CD
:10E4480038B50023054D044608462B60F3F752FD06
:10E45800431C02D12B6803B1236038BDD88100204A
:10E468001FB514461A46094B05461B68D8684CB1B7
:10E47800074BCDE9013400912B46064900F070F8AE
:10E4880000F080F8044B1C46F3E700BFA40200200C
:10E49800FDFB00080AFC000838FC000870B5A1FB69
:10E4A800025434B92946FFF7C5F9064628B930465B
:10E4B80070BD0C2200260260F9E72A462146FEF7C5
:10E4C8004DFAF4E782B001B901A942B14BB1137812
:10E4D8000B601278101E18BF012002B0704710465A
:10E4E800FBE76FF00100F8E72DE9F0410746144615
:10E4F8000D4621B91146BDE8F041FFF79BB92AB98D
:10E50800FFF726F925462846BDE8F08100F041F8D6
:10E518008442064602D8B4EB500FF4D82146384658
:10E52800FFF788F9804608B94546ECE7B442224629
:10E53800294628BF3246FEF79EFA29463846FFF795
:10E5480007F9F1E70346084641B1FF2A04D98A22B0
:10E558004FF0FF301A60704701200A7070470000C2
:10E568000EB403B5014603AB054853F8042B006805
:10E57800019300F03DF802B05DF804EB03B070477A
:10E58800A4020020062008B500F006FA0120F3F7DF
:10E59800AFFC51F8043C181F002BBCBF0B58C01827
:10E5A8007047936810B4013B002B936007DA9469B5
:10E5B800A34201DB0A2902D110BC00F031B913686B
:10E5C800581C10601970084610BC7047F8B506460C
:10E5D8000F461446D518AC4201D1002007E03A4650
:10E5E800304614F8011BFFF7DCFF431CF3D1F8BDDC
:10E5F8002DE9F04F0D461446984606469DB018B1D1
:10E60800036A0BB9FEF772F86B6ED90705D4AB89AC
:10E618009A0502D4A86DFEF71EFAAB891B0701D52F
:10E628002B699BB92946304600F038F970B16B6EFA
:10E63800DC0704D54FF0FF301DB0BDE8F08FAB8983
:10E648009805F7D4A86DFEF707FAF3E700230993B6
:10E6580020238DF8293030234FF00109CDF80C80A4
:10E66800DFF8A8818DF82A3023469A4613F8012B43
:10E678000AB1252AF9D1BAEB040B0BD05B46224626
:10E6880029463046FFF7A2FF013000F0A780099A1B
:10E698005A4409929AF80030002B00F09F8000231A
:10E6A8004FF0FF32CDE905230AF1010A04930793DD
:10E6B8008DF853301A935446052214F8011B534819
:10E6C800FEF7CBF9049AD8B9D10644BF20238DF8B8
:10E6D8005330130744BF2B238DF853309AF800307A
:10E6E8002A2B15D0544600204FF00A0C079A2146D1
:10E6F80011F8013B303B092B4BD9B0B1079214E01C
:10E70800A0EB080309FA03F31343A2460493D2E7E4
:10E71800039B191D1B680391002BBBBF5B4242F092
:10E72800020207930793B8BF049223782E2B0AD1CD
:10E7380063782A2B32D1039B02341A1D1B6803927B
:10E7480043EAE3730593DFF8C8A003225046217813
:10E75800FEF783F938B14022049BA0EB0A008240FF
:10E7680013430134049314F8011B062229488DF839
:10E778002810FEF772F900283FD0274B1BBB039BDC
:10E78800073323F0070308330393099B3B4409939A
:10E798006AE70C4601200CFB0232A8E700234FF081
:10E7A8000A0C194601340593204610F8012B303A1B
:10E7B800092A03D9002BC6D00591C4E704460123D2
:10E7C8000CFB0121F0E703AB00932A463046134BBC
:10E7D80004A9FDF743FB0746781CD6D16B6ED90711
:10E7E80005D4AB899A0502D4A86DFEF735F9AB8933
:10E7F8005B063FF51FAF09981EE703AB00932A4657
:10E808003046064B04A9FDF7C7FDE4E7E2FB000824
:10E81800E8FB0008ECFB000865BE0008D5E5000829
:10E82800F8B50E461446054618B1036A0BB9FDF74C
:10E838005DFFA369A360A3891A0701D5236943B9BA
:10E848002146284600F02AF818B14FF0FF3738461D
:10E85800F8BD23682269F6B2981A6369374683427D
:10E8680005DC21462846FFF7C3FD0028EDD1A36843
:10E87800013BA36023685A1C22601E706269431C16
:10E888009A4204D0A389DB07E1D50A2EDFD12146BD
:10E898002846FFF7ADFD0028D9D0D6E738B5294B73
:10E8A800054618680C4618B1036A0BB9FDF71EFF38
:10E8B800B4F90C30190722D4DA0607D409222A60E1
:10E8C80043F040034FF0FF30A38133E0580712D5DF
:10E8D800616B41B104F14403994202D02846FEF726
:10E8E80037FF00236363A38923F02403A381002354
:10E8F800636023692360A38943F00803A381236924
:10E908004BB9A38903F42073B3F5007F03D02146E4
:10E91800284600F082F8B4F90C3013F001020AD04E
:10E928000022A26062695242A261226942B913F0D0
:10E938008000C5D138BD990758BF6269A260F4E765
:10E948000020F7E7A40200201F2938B505460C4629
:10E9580004D9162303604FF0FF3038BDC26B12B1E3
:10E9680052F821304BB9284600F030F822460146CB
:10E978002846BDE8384000F017B8012B0AD0591CCA
:10E9880003D1162303600120E7E70021204642F85F
:10E99800241098470020E0E7024B01461868FFF76B
:10E9A800D3BF00BFA402002038B50023064D04469B
:10E9B800084611462B60F3F783FA431C02D12B68F3
:10E9C80003B1236038BD00BFD8810020F3F774BAC3
:10E9D80070B50C46B1F90E10154600291E4696B0C2
:10E9E8000CDAA389002113F0800F14BF40234FF4E1
:10E9F8008063002031602B6016B070BD6A4600F05D
:10EA080049F80028EDDB019901F47041A1F50053A4
:10EA1800594259414FF48063EBE78B89F7B59D075D
:10EA280006460C4607D504F14703236023610123FA
:10EA3800636103B0F0BD6A4601ABFFF7C9FF009FF1
:10EA4800054639463046FEF7F5FE48B9B4F90C30AC
:10EA58009A05EED423F0030343F00203A381E2E70F
:10EA6800A389C4E9040743F08003A381019B2060C4
:10EA78005BB13046B4F90E1000F01EF828B1A38936
:10EA880023F0030343F00103A381A3891D43A58158
:10EA9800CFE7000038B50023064D04460846114666
:10EAA8002B60F3F7F9F9431C02D12B6803B12360FB
:10EAB80038BD00BFD881002038B50023054D044675
:10EAC80008462B60F3F7FAF9431C02D12B6803B10F
:10EAD800236038BDD8810020F8B506460F4600F0FF
:10EAE8001FF8324604460D463B4630463946F1F794
:10EAF800F5FF90B90022002330463946F1F7C6FFEA
:10EB080058B1FDF77DFF2123002203600023104642
:10EB18001946F1F773FE04460D4620462946F8BD0E
:10EB2800654A2DE9F84F8A4306460F460B460446C8
:10EB38000ED10246F1F738FD02460B4630463946FB
:10EB4800F1F77CFB06460F4630463946BDE8F88F9C
:10EB580000290CDC21F000420243F5D089B10246BD
:10EB6800F1F76AFB02460B46F1F748FEEAE70A1599
:10EB780015D1002109E0E30A153A6405002BFAD003
:10EB8800F7E70A46FAE75B000131D802FBD5481ED1
:10EB9800121AC1F1200024FA00F003438C40002728
:10EBA800A2F2FF381621D2074FF400103A46C3F3F9
:10EBB800130343F480135CBF5B0003EBD4734FEA89
:10EBC800430358BF640003EBD4734FEA680864003A
:10EBD80015189D42DEBF2A185B1B3F18E50F013947
:10EBE80005EB43034FEA44044FEA5000F0D10D46C9
:10EBF80020264FF00040934200EB010C02DC13D1B9
:10EC0800A44511D8BCF1000F0CEB00013EDA002935
:10EC18003CDB02F1010E9B1A7246A44588BF03F142
:10EC2800FF33A4EB0C0405444FEAD47C013E0CEB03
:10EC380043034FEA44044FEA5000DCD11C431AD086
:10EC48001E4CDFF87C90D4E90001D9E90023F1F7E4
:10EC5800F3FAD4E900AB02460B4650465946F1F7A1
:10EC68001FFF40B1D4E90001D9E90023B5F1FF3F06
:10EC78000ED1354601377B1003F17F5303F500139E
:10EC880003EB08516B0843EAC7705BE79646C2E797
:10EC9800F1F7D4FAD4E900AB02460B465046594680
:10ECA800F1F7F4FE20B1AB1C08BF01370235E2E7EB
:10ECB8006B1C23F00105DEE70000F07F48FE00082A
:10ECC80040FE0008F8B500BFF8BC08BC9E46704777
:0CECD800F8B500BFF8BC08BC9E467047B1
:10ECE8008200FC55AA5A5A00696E697420666169E7
:10ECF8006C3D25782C6661696C206E756D3D2564C8
:10ED08000D0A000055415254256C752062617564E6
:10ED1800726174652073657420746F20256C750D9D
:10ED28000A00000053544D6963726F656C65637423
:10ED3800726F6E69637300004C5A204C4741532030
:10ED4800416E616C797A657200000000434443208B
:10ED5800436F6E666967000043444320496E7465DB
:10ED680072666163650000005254435F4442472065
:10ED7800726561736F6E3D2573207261773D253032
:10ED880032582C253032582C253032582C25303228
:10ED9800582C253032582C253032582050435F49A2
:10EDA80044523D2530346C582050435F4F44523D07
:10EDB8002530346C582050435F4352483D25303845
:10EDC8006C580D0A0000000043480000494E5641A7
:10EDD8004C4944004D425F45525220653D257520FF
:10EDE80073743D25752073613D2530325820666364
:10EDF8003D2530325820643D25750D0A000000007D
:10EE08002D2D2D2D2D2D2D2D62617365496E666F6B
:10EE18003A20636F6E63207C7C207374642D2D2DE3
:10EE28002D2D2D2D2D2D2D2D0D0A2020202020209B
:10EE3800202048323D25662C25660D0A433248328B
:10EE48003D25662C25660D0A433248363D25662C3D
:10EE580025660D0A304348343D25662C256620205A
:10EE68002020202020200D0A2D2D2D2D2D2D2D2D5B
:10EE78002D2D2D2D2D2D2D2D0D0A0000656D707455
:10EE8800790D0A00253034752D253032752D253041
:10EE9800327520253032753A253032753A253032B0
:10EEA8007520257320636F6E633D25660D0A00008B
:10EEB80069643D25643A25662C25660D0A69643D1A
:10EEC80025643A25662C25660D0A69643D25643A51
:10EED80025662C25660D0A69643D25643A25662C4D
:10EEE80025660D0A00000000253034752D253032C6
:10EEF800752D2530327520253032753A253032751A
:10EF08003A253032750D0A006C6F6720657261739F
:10EF180065640D0A000000006275663D2564000006
:10EF28004348342049443A307825782C506F696E2C
:10EF3800744E756D3A25752C55636F64653A257561
:10EF48002C52616E67653A25752C436F6E63436F6B
:10EF580064653A25752C44413A25752C436F6E63D8
:10EF68003A25752C73656E736F72547970653D30F0
:10EF78007825780D0A0000004332483220436F6E2E
:10EF880063656E743D256470706D2C72656C69677D
:10EF980068743D25642C7374617475733D307825ED
:10EFA8006C780D0A0000000048322054656D703AF4
:10EFB8002053656E736F723D252E3266432C2042B6
:10EFC8006F6172643D252E3266430D0A0000000011
:10EFD80043324836206C656E3D25752C6F70633D55
:10EFE800253032582C646174613D00002530325858
:10EFF800200000000D0A00004C47415300000000AB
:10F0080025732053797374656D2056657273696F23
:10F018006E3A2025642E25642E25640D0A00000012
:10F02800555342206661696C25326C58200D0A00E0
:10F03800555342205461736B20494420253032587F
:10F0480020737563636573730D0A0000555342207E
:10F058005461736B20494420253032582066616919
:10F068006C65640D0A000000555342207461736B8F
:10F0780020696E6974206661696C0D0A00000000E1
:10F0880043483420636F6E633D25662C2063763DCC
:10F0980025660D0A000000004332483620636F6E73
:10F0A800633D25662C2063763D25660D0A00000029
:10F0B800483220636F6E633D25662C2063763D25BC
:10F0C800660D0A00433248322067657420636F6E0C
:10F0D80063206661696C65640D0A0000433248323A
:10F0E80020636F6E633D25662C2063763D25660D93
:10F0F8000A000000020100000102010074696D6548
:10F108003A253034752D253032752D25303275204D
:10F11800253032753A253032753A253032752C4310
:10F1280048343A252E336670706D0D0A00000000D1
:10F1380074696D653A253034752D253032752D2565
:10F1480030327520253032753A253032753A2530FF
:10F1580032752C433248363A252E336670706D0D61
:10F168000A00000074696D653A253034752D253024
:10F1780032752D2530327520253032753A253032DA
:10F18800753A253032752C48323A252E3366707020
:10F198006D0D0A0074696D653A253034752D25307A
:10F1A80032752D2530327520253032753A253032AA
:10F1B800753A253032752C433248323A252E33665B
:10F1C80070706D0D0A00000074696D653A25303461
:10F1D800752D253032752D25303275202530327544
:10F1E8003A253032753A253032752C4E4F2047413A
:10F1F800530D0A0042757334383520726571756590
:10F2080073743A2070726F746F3D25752C206D6F82
:10F2180064756C653D25752C20636D643D25752CE2
:10F2280020706172616D5F6C656E3D25750D0A0019
:10F238004661696C656420746F207265616420435F
:10F2480032483220636F6E63656E74726174696FE1
:10F258006E2C207374617475733D30782530325884
:10F268000D0A00005374617274207461736B20641A
:10F278006F6E653A204348343D252E32662C204374
:10F288003248363D252E32662C20433248323D2501
:10F298002E32662C2048323D252E32660D0A00009B
:10F2A8004661696C656420746F20726561642043EF
:10F2B80032483220696E666F0D0A00004C6F6F701D
:10F2C8005374616C6C0000000D0A5B4641554C5448
:10F2D8005D202573207469636B3D256C752062651C
:10F2E80061743D256C75206578633D30782530382C
:10F2F8006C580D0A0000000052303D2530386C581B
:10F308002052313D2530386C582052323D25303856
:10F318006C582052333D2530386C580D0A000000D7
:10F3280052343D2530386C582052353D2530386CE4
:10F33800582052363D2530386C582052373D2530FC
:10F34800386C580D0A00000052383D2530386C588A
:10F358002052393D2530386C58205231303D253007
:10F36800386C58205231313D2530386C580D0A0020
:10F378005231323D2530386C58204C523D253038BA
:10F388006C582050433D2530386C582078505352E3
:10F398003D2530386C580D0A000000004D53503D93
:10F3A8002530386C58205053503D2530386C582043
:10F3B800434653523D2530386C5820484653523DF9
:10F3C8002530386C580D0A004D4D4641523D2530C8
:10F3D800386C5820424641523D2530386C582041FF
:10F3E8004653523D2530386C582053484353523DBC
:10F3F8002530386C5820494353523D2530386C58D5
:10F408000D0A0000486172644661756C7400000062
:10F418004D656D4D616E616765000000427573460C
:10F4280061756C740000000055736167654661750D
:10F438006C7400004572726F7200000025733A20E8
:10F44800636D643D25303258206C656E3D2575200E
:10F45800646174613D0000005B4C4F475D20727829
:10F468002073656720696E76616C69642077633DF7
:10F478002575206C656E3D25750D0A005B4C4F4760
:10F488005D207278206F76657272756E2C207365B8
:10F4980067206E6F7420636F6E73756D65640D0AF7
:10F4A8000000000066697466756E207573653A2001
:10F4B800747970653D2575204B3D25662C423D25A8
:10F4C800660D0A0066697466756E2073617665203C
:10F4D8006661696C3A207265743D25640D0A000006
:10F4E800484D4920525443206661696C0D0A00005A
:10F4F800253034752D253032752D2530327520256F
:10F508003032753A253032753A25303275000000B0
:10F518005B4C4F475D20747269676765722064723F
:10F528006F703A206672616D65206E756C6C2F7312
:10F53800686F72740D0A00005B4C4F475D2074724F
:10F5480069676765722064726F703A20636D643D05
:10F558002530325820776F7264733D25750D0A0087
:10F568005B4C4F475D2074726967676572206E6FE8
:10F578006E2D7374617274206B65793D3078253017
:10F5880034580D0A000000006761732073656C65CC
:10F59800637420696E76616C69640D0A000000006E
:10F5A8006761732073656C6563742025750D0A00A7
:10F5B8005B4C4F475D2066697273742072657120D9
:10F5C80073656E64206661696C0D0A005B4C4F4779
:10F5D8005D20776169742074696D656F75740D0AB3
:10F5E800000000005B4C4F475D2075736220627518
:10F5F80073792062797465733D25750D0A000000E2
:10F608005B4C4F475D2073656E642074696D656F50
:10F6180075742C2061626F72740D0A005B4C4F4741
:10F628005D206E657874207265712073656E642044
:10F638006661696C0D0A00005B4C4F475D2073746E
:10F64800617465204641494C0D0A0000616464728A
:10F658003D3058314130302073686F72740D0A00A4
:10F66800616464723D305831413030206661696CA4
:10F678000D0A000070756D702073746172742066D5
:10F6880061696C0D0A00000072780000554E4B4EFF
:10F6980000000000303132333435363738394142D2
:10F6A8004344454600000000000000000102030436
:10F6B800000000000000000001020304060708091A
:10F6C80080250000004B00000096000000E10000CB
:10F6D80000C20100008403000008070000100E00AB
:10F6E80010050020C80400208004002058050020D0
:10F6F8000102000002030405060708090A0B0C0DA5
:10F708000E0F10101F1C1F1E1F1E1F1F1E1F1E1F47
:10F71800832900828329008183290080822800CEE2
:10F72800B4B4EFCEC8CCACC7EBD6D8CAD40000006E
:10F73800822800B6C1C8A1CAA7B0DC00000000003A
:10F7480000000000822800B6C1C8A1CDEAB3C900F4
:10F758000000000000000000822800B5C8B4FDCEFB
:10F76800C8CCACB6C1C8A1D6D00000005AA5058245
:10F77800008264645AA5078200845A0100010000CF
:10F788005AA5078200FC0000000000005AA5078265
:10F7980000FC55AA5A5A00005AA511821800D4A490
:10F7A800C8C8D6D000000000000000005AA5118289
:10F7B8001800B3F5CABCBBAFD6D0000000000000EB
:10F7C800706172616D20636C65617265640D0A0019
:10F7D800000009002C010000040000008D8C0008C6
:10F7E800010002002C01000004000000F192000852
:10F7F800020002002C01000004000000358C000803
:10F80800030004002C01000004000000118C000813
:10F81800040002002C01000000010000FD8D00081A
:10F82800050003002C01000000010000658E00089F
:10F8380006000A006400000000010000118E0008A4
:10F84800070004003200000004000000C58B000817
:10F85800080003003200000004000000A58B000827
:10F86800090003003200000004000000858B000836
:10F878000A0003003200000004000000658B000845
:10F888000B00030032000000040000004D8B00084C
:10F898000C0002002C01000000010000B98E0008D5
:10F8A8000D00020064000000040100003D8B000808
:10F8B8000E00020064000000040100002D8B000807
:10F8C8000F00020064000000040100001D8B000806
:10F8D8001000020064000000000100000D8B000809
:10F8E800110002006400000000010000E98D00081A
:10F8F800120002006400000000010000CD8E000824
:10F90800130003003200000004000000E58A00082C
:10F91800140002003200000004000000E98700081B
:10F92800150006003200000004000000858A000867
:10F93800160002003200000004000000D989000807
:10F948001B0002003200000004000000B58D000812
:10F958001700020032000000040000008988000837
:10F9680018000B0032000000040000006D88000839
:10F97800190002003200000004000000958D000804
:10F988001A0002003200000004000000458D000843
:10F99800E18E000869920008859100082D90000802
:10F9A800AD900008B18F00080CF4000818F40008A6
:10F9B80024F4000830F400083CF400084832202001
:10F9C800433248324348342043324836001A000054
:10F9D80079AE000810100000EDA800081110000012
:10F9E800C1A8000840100000C1A80008801000004D
:10F9F800C1A80008C0100000C1A80008001300003A
:10FA080095A800080014000095A80008001500003B
:10FA180095A800080016000095A80008001000002E
:10FA280081A700080017000069A300080022000051
:10FA380079AB000800270000C5A30008802F00004C
:10FA480025A800080031000031A40008002C00009F
:10FA58006DA3000829AD000879A3000885A3000854
:10FA6800F9AB00086DA6000851AF000861A90008AD
:10FA780051A50008D1A400080101060001010100F8
:10FA88000660FFFF0A0000003120FF0002000100AD
:10FA98003020FFFF0E0000002B20000010000000A7
:10FAA8002720FFFF060000000260FFFF040000009F
:10FAB8000160FFFF08000000212000001200000084
:10FAC800494E4600696E66004E414E006E616E00FA
:10FAD80030003031323334353637383941424344D7
:10FAE8004546003031323334353637383961626350
:10FAF80064656600496E66696E697479004E614E88
:10FB0800005245454E54206D616C6C6F63207375CF
:10FB180063636565646564002F6275696C642F674B
:10FB28006E752D746F6F6C732D666F722D73746D97
:10FB380033325F31332E332E72656C312E323032D0
:10FB480035303532332D303930302F7372632F6EA4
:10FB580065776C69622F6E65776C69622F6C696274
:10FB6800632F7374646C69622F64746F612E630011
:10FB780042616C6C6F63207375636365656465646B
:10FB8800002F6275696C642F676E752D746F6F6CCA
:10FB9800732D666F722D73746D33325F31332E336C
:10FBA8002E72656C312E32303235303532332D308D
:10FBB8003930302F7372632F6E65776C69622F6EE0
:10FBC80065776C69622F6C6962632F7374646C6902
:10FBD800622F6D707265632E6300232D302B200019
:10FBE800686C4C00656667454647004300504F53B4
:10FBF8004958002E002C2066756E6374696F6E3A42
:10FC08002000617373657274696F6E2022257322F8
:10FC1800206661696C65643A2066696C65202225F6
:10FC280073222C206C696E65202564257325730A60
:10FC38000000000005000000190000007D00000021
:10FC48000080E03779C34143176E05B5B5B89346D0
:10FC5800F5F93FE9034F384D321D30F94877825A9C
:10FC68003CBF737FDD4F1575000000000000F03FBA
:10FC7800000000000000244000000000000059407F
:10FC88000000000000408F40000000000088C340D2
:10FC980000000000006AF8400000000080842E4147
:10FCA80000000000D01263410000000084D7974193
:10FCB8000000000065CDCD41000000205FA0024299
:10FCC800000000E876483742000000A2941A6D420E
:10FCD800000040E59C30A2420000901EC4BCD64201
:10FCE80000003426F56B0C430080E03779C34143AC
:10FCF80000A0D8855734764300C84E676DC1AB4322
:10FD0800003D9160E458E143408CB5781DAF15443F
:10FD180050EFE2D6E41A4B4492D54D06CFF080441A
:10FD2800F64AE1C7022DB544B49DD9794378EA442F
:10FD380000202020202020202020282828282820B3
:10FD480020202020202020202020202020202020AB
:10FD58002088101010101010101010101010101013
:10FD68001004040404040404040404101010101003
:10FD780010104141414141410101010101010101CD
:10FD8800010101010101010101010101101010101F
:10FD9800101042424242424202020202020202029F
:10FDA80002020202020202020202020210101010F3
:10FDB800200000000000000000000000000000001B
:10FDC800000000000000000000000000000000002B
:10FDD800000000000000000000000000000000001B
:10FDE800000000000000000000000000000000000B
:10FDF80000000000000000000000000000000000FB
:10FE080000000000000000000000000000000000EA
:10FE180000000000000000000000000000000000DA
:10FE280000000000000000000000000000000000CA
:10FE3800000000000000000059F3F8C21F6EA50181
:08FE4800000000000000F03F83
:08FE5000D803FF7F0100000050
:04FE58000D0200088F
:04FE5C00E9010008B0
:10FE600000127A001A0300000000000000000000E9
:10FE70000000000000000000000000000000000082
:10FE800004030904120100020202004083044057E7
:10FE90000002010203010000C11F0008CD1F00087D
:10FEA000D91F0008F51F000849200008112000088C
:10FEB0002D20000819210008C1200008C5200008D5
:10FEC000A521000800C20100000008000100000098
:10FED0001000000009074300020104C032090400B9
:10FEE00000010202010005240010010524010001A7
:10FEF00004240202052406000107058203080010FD
:10FF000009040100020A0000000705010240000088
:10FF1000070581024000000009024300020100C001
:10FF2000320904000001020201000524001001054D
:10FF300024010001042402020524060001070582B1
:10FF40000308001009040100020A0000000705016F
:10FF50000240000007058102400000000902430042
:10FF6000020100C032090400000102020100052460
:10FF700000100105240100010424020205240600EA
:10FF8000010705820308001009040100020A0000AD
:10FF900000070501020002000705810200020000BF
:10FFA000DD65000899650008E164000800000000B4
:10FFB000FD630008996400086964000800000000FF
:10FFC00000000000000000003964000829640008F7
:10FFD00049640008596400080A0600020000004055
:10FFE00001000000C97400085AA511821800B3F579
:10FFF000CABCBBAFB4EDCEF349440000EA07030A24
:020000040801F1
:100000000B071700010000000000000000000000C6
:100010000196000801000000000000000000000040
:10002000FD95000801000000000000003200000003
:10003000F995000801000000000000000000000029
:10004000F59500080100000000000000000000001D
:10005000F195000801000000000000000000000011
:10006000DD95000801000000000000000000000015
:1000700001960008010000000000000000000000E0
:10008000FD950008010000000000000032000000A3
:10009000F9950008010000000000000000000000C9
:1000A000F5950008010000000000000000000000BD
:1000B000F19500080303030301000000823020FFD4
:1000C0003C1E050000020000FF00000000000000D0
:1000D0000000000000000000000000000000000020
:1000E000CC7F0020000000001001000008800020EC
:1000F00000000000010000000000000003000000FC
:100100009C800020A8020020000000009C800020AD
:10011000048100206C81002000000000000000002D
:1001200000000000000000000000000000000000CF
:1001300000000000000000000000000000000000BF
:1001400000000000000000000000000000000000AF
:10015000000000004300000000000000000000005C
:10016000000000000000000000000000000000008F
:10017000000000004300000000000000000000003C
:10018000000000000000000000000000000000006F
:10019000000000004300000000000000000000001C
:1001A000000000000000000000000000000000004F
:1001B00000000000430000000000000000000000FC
:1001C000000000000000000000000000000000002F
:1001D00000000000430000000000000000000000DC
:1001E000000000000000000000000000000000000F
:1001F00000000000430000000000000000000000BC
:1002000000000000000000000000000000000000EE
:10021000000000004300000000000000000000009B
:1002200000000000000000000000000000000000CE
:10023000000000004DE50008CDE4000800000000CB
:1002400038FD0008FBFB000838FC000838FC0008FB
:1002500038FC000838FC000838FC000838FC0008AE
:1002600038FC000838FC000838FC0008FFFFFFFFDE
:10027000FFFFFFFFFFFFFFFFFFFF000001004153F3
:100280004349490000000000000000000000000099
:1002900000000000000000000000000000004153CA
:1002A0004349490000000000000000000000000079
:1002B000000000000000000000000000000000003E
:040000050800BCDD56
:00000001FF
